	SNP	FREQ_index	FREQ_contact	total_reads_contact	variant_reads_contact
0	CHR_START-orf1ab_241:C>T__intergenic-region	0.98295	0.9693	3476.0	3391.5
1	orf1ab_619:C>T_Tyr118Tyr_synonymous	0.9852	0.96725	2859.5	2770.5
2	orf1ab_635:C>T_Arg124Cys_missense	0.0304	0.0	0.0	0.0
3	orf1ab_683:C>T_Leu140Leu_synonymous	0.0154	0.0	0.0	0.0
4	orf1ab_1380:C>T_Ala372Val_missense	0.9481	0.8876	1044.5	926.0
5	orf1ab_3037:C>T_Phe924Phe_synonymous	0.9771	0.9512	2421.5	2302.5
6	orf1ab_7513:T>C_Asn2416Asn_synonymous	0.97145	0.948	2163.0	2053.0
7	orf1ab_11417:G>T_Val3718Phe_missense	0.02525	0.0	0.0	0.0
8	orf1ab_14408:C>T_Pro4715Leu_missense	0.9866	0.97225	5014.0	4871.5
9	orf1ab_15137:T>G_Met4958Arg_missense	0.01835	0.01465	2472.0	37.0
10	orf1ab_15150:G>T_Gln4962His_missense	0.0383	0.0	0.0	0.0
11	orf1ab_15168:G>A_Leu4968Leu_synonymous	0.06115	0.062	2468.5	163.0
12	orf1ab_15354:T>C_Leu5030Leu_synonymous	0.98265	0.97055	4449.0	4316.0
13	orf1ab_18877:C>T_Leu6205Leu_synonymous	0.9762	0.9579	3280.0	3150.0
14	orf1ab_21036:C>T_Leu6924Leu_synonymous	0.0142	0.0	0.0	0.0
15	S_21587:C>T_Pro9Ser_missense	0.0168	0.0	0.0	0.0
16	S_23403:A>G_As14Gly_missense	0.9857	0.97685	4905.5	4792.5
17	S_23435:C>T_His625Tyr_missense	0.014350000000000003	0.0	0.0	0.0
18	S_24213:C>T_Ser884Phe_missense	0.0142	0.0	0.0	0.0
19	ORF3a_25563:G>T_Gln57His_missense	0.9835	0.9728	4240.5	4122.5
20	ORF7a_27505:G>C_Gly38Arg_missense	0.04925	0.0	0.0	0.0
21	ORF8_27920:C>T_Ile9Ile_synonymous	0.01765	0.0	0.0	0.0
22	ORF8_28253:C>T_Phe120Phe_synonymous	0.036500000000000005	0.0	0.0	0.0
23	ORF10-CHR_END_29773:G>T__intergenic-region	0.0143	0.0	0.0	0.0
