	SNP	FREQ_index	FREQ_contact	total_reads_contact	variant_reads_contact
0	CHR_START-orf1ab_241:C>T__intergenic-region	0.98745	0.9825	2550.0	2504.5
1	orf1ab_3037:C>T_Phe924Phe_synonymous	0.98415	0.9757	2237.5	2183.5
2	orf1ab_3871:G>T_Lys1202Asn_missense	0.98075	0.96725	1626.5	1573.5
3	orf1ab_3931:T>C_Val1222Val_synonymous	0.98125	0.9679	1627.5	1575.5
4	orf1ab_5672:C>T_Pro1803Ser_missense	0.9892	0.98355	3776.0	3714.0
5	orf1ab_7837:A>C_Leu2524Phe_missense	0.9779	0.96815	2011.5	1949.5
6	orf1ab_12880:C>T_Ile4205Ile_synonymous	0.9812	0.976	3472.0	3390.5
7	orf1ab_14408:C>T_Pro4715Leu_missense	0.98785	0.9869	4836.0	4773.0
8	orf1ab_15139:A>C_Thr4959Pro_missense	0.02165	0.016649999999999998	1700.0	27.5
9	orf1ab_15150:G>T_Gln4962His_missense	0.02905	0.0	1059.0	0.0
10	orf1ab_15168:G>A_Leu4968Leu_synonymous	0.0478	0.0324	1700.0	52.5
11	orf1ab_19677:G>T_Gln6471His_missense	0.98685	0.9766	2828.0	2762.0
12	N_28977:C>T_Ser235Phe_missense	0.98205	0.96965	1369.5	1336.5
13	N_29227:G>T_Ser318Ser_synonymous	0.04905	0.0	5325.5	0.0
