	SNP	FREQ_index	FREQ_contact	total_reads_contact	variant_reads_contact
0	CHR_START-orf1ab_241:C>T__intergenic-region	0.98785	0.9953	4814.5	4794.5
1	orf1ab_3037:C>T_Phe924Phe_synonymous	0.9822	0.9927	3643.5	3620.5
2	orf1ab_15139:A>C_Thr4959Pro_missense	0.01895	0.0	0.0	0.0
3	orf1ab_15141:C>A_Thr4959Thr_synonymous	0.021	0.0	0.0	0.0
4	orf1ab_15167:T>G_Leu4968Trp_missense	0.0139	0.0	0.0	0.0
5	orf1ab_15288:T>C_Gly5008Gly_synonymous	0.1724	0.0	0.0	0.0
6	S_23403:A>G_As14Gly_missense	0.9890000000000001	0.9941	4671.5	4648.5
7	S_23947:A>G_Lys795Lys_synonymous	0.98995	0.9954	4569.5	4552.0
8	ORF10-CHR_END_29694:A>C__intergenic-region	0.013150000000000002	0.0	0.0	0.0
9	ORF10-CHR_END_29695:A>T__intergenic-region	0.013150000000000002	0.0	0.0	0.0
10	ORF10-CHR_END_29696:C>G__intergenic-region	0.013150000000000002	0.0	0.0	0.0
11	ORF10-CHR_END_29697:A>T__intergenic-region	0.013150000000000002	0.0	0.0	0.0
12	ORF10-CHR_END_29698:T>A__intergenic-region	0.013150000000000002	0.0	0.0	0.0
13	ORF10-CHR_END_29699:T>G__intergenic-region	0.013150000000000002	0.0	0.0	0.0
14	ORF10-CHR_END_29700:A>G__intergenic-region	0.013150000000000002	0.0	0.0	0.0
15	ORF10-CHR_END_29701:G>C__intergenic-region	0.013150000000000002	0.0	0.0	0.0
16	ORF10-CHR_END_29702:G>A__intergenic-region	0.013150000000000002	0.0	0.0	0.0
17	ORF10-CHR_END_29703:G>C__intergenic-region	0.013150000000000002	0.0	0.0	0.0
18	ORF10-CHR_END_29704:A>G__intergenic-region	0.013150000000000002	0.0	0.0	0.0
19	ORF10-CHR_END_29706:G>C__intergenic-region	0.013150000000000002	0.0	0.0	0.0
