	SNP	FREQ_index	FREQ_contact	total_reads_contact	variant_reads_contact
0	CHRSTART-orf1ab_83:T>C_intergenic-region_none	0.29545	0.0	4414.0	0.0
1	CHR_START-orf1ab_241:C>T__intergenic-region	0.9677	0.9902	4448.0	4403.5
2	orf1ab_2416:C>T_Tyr717Tyr_synonymous	0.9804	0.9821	2487.5	2442.0
3	orf1ab_3037:C>T_Phe924Phe_synonymous	0.9781	0.98475	3087.5	3039.5
4	orf1ab_6696:C>T_Pro2144Leu_missense	0.0165	0.0	4430.0	0.0
5	orf1ab_7128:G>A_Cys2288Tyr_missense	0.0945	0.0	1094.0	0.0
6	orf1ab_10874:A>G_Asn3537Asp_missense	0.40715	0.0	3247.0	0.0
7	orf1ab_11626:C>T_Gly3787Gly_synonymous	0.0297	0.0	7772.0	0.0
8	orf1ab_12525:C>T_Thr4087Ile_missense	0.0544	0.0	6143.5	0.0
9	orf1ab_14408:C>T_Pro4715Leu_missense	0.98375	0.99005	6171.5	6109.0
10	orf1ab_15139:A>C_Thr4959Pro_missense	0.0187	0.02155	2955.5	65.0
11	orf1ab_15141:C>A_Thr4959Thr_synonymous	0.0309	0.0	1270.5	0.0
12	orf1ab_15167:T>G_Leu4968Trp_missense	0.01045	0.0142	2955.5	42.5
13	orf1ab_15366:T>C_His5034His_synonymous	0.9426	0.99125	5417.5	5369.0
14	orf1ab_15965:G>T_Cys5234Phe_missense	0.0327	0.0138	6843.0	95.5
15	S_23403:A>G_As14Gly_missense	0.9462	0.99275	6065.5	6020.5
16	ORF3a_25563:G>T_Gln57His_missense	0.97815	0.9908	4620.5	4577.5
17	ORF6_27382:G>C_As1His_missense	0.0112	0.0	4767.5	0.0
18	ORF6_27383:A>T_As1Val_missense	0.0112	0.0	4761.5	0.0
19	ORF6_27384:T>C_As1Asp_synonymous	0.0112	0.0	4771.0	0.0
20	N_29077:C>T_Tyr268Tyr_synonymous	0.06565	0.0	5057.0	0.0
21	ORF10_29627:C>T_Arg24Cys_missense	0.043300000000000005	0.0	2232.0	0.0
