	SNP	FREQ_index	FREQ_contact	total_reads_contact	variant_reads_contact
0	CHR_START-orf1ab_241:C>T__intergenic-region	0.97515	0.9921	6034.5	5982.5
1	orf1ab_1059:C>T_Thr265Ile_missense	0.95025	0.97525	3347.5	3265.0
2	orf1ab_3037:C>T_Phe924Phe_synonymous	0.96265	0.9881	3514.5	3459.5
3	orf1ab_5339:C>T_Pro1692Ser_missense	0.9741	0.97545	4957.0	4825.5
4	orf1ab_8140:C>T_Ser2625Ser_synonymous	0.956	0.9631	4936.0	4715.0
5	orf1ab_8208:C>T_Thr2648Ile_missense	0.95505	0.9637	4935.0	4717.0
6	orf1ab_14408:C>T_Pro4715Leu_missense	0.96675	0.9795	4520.0	4386.5
7	orf1ab_15137:T>G_Met4958Arg_missense	0.01485	0.01575	1884.0	27.5
8	orf1ab_15139:A>C_Thr4959Pro_missense	0.0175	0.0	1143.0	0.0
9	orf1ab_15150:G>T_Gln4962His_missense	0.0398	0.0	1087.0	0.0
10	orf1ab_15167:T>G_Leu4968Trp_missense	0.0142	0.0	960.5	0.0
11	orf1ab_15168:G>A_Leu4968Leu_synonymous	0.0592	0.06205	1883.5	104.5
12	orf1ab_16260:C>T_Cys5332Cys_synonymous	0.94535	0.9677	3610.0	3485.5
13	S_23403:A>G_As14Gly_missense	0.973	0.9819	4979.5	4857.5
14	ORF3a_25440:G>T_Lys16Asn_missense	0.97	0.96665	3727.5	3575.5
15	ORF3a_25563:G>T_Gln57His_missense	0.9714	0.9662	3725.5	3572.5
16	N_28821:C>A_Ser183Tyr_missense	0.98785	0.9204	1334.0	1262.5
