	SNP	FREQ_index	FREQ_contact	total_reads_contact	variant_reads_contact
0	orf1ab_1059:C>T_Thr265Ile_missense	0.9781	0.97375	3746.5	3655.5
1	orf1ab_1463:G>A_Gly400Ser_missense	0.9352	0.9175	1227.5	1132.0
2	orf1ab_2305:G>T_Lys680Asn_missense	0.94765	0.95125	1902.5	1811.0
3	orf1ab_3037:C>T_Phe924Phe_synonymous	0.97495	0.96155	2259.5	2171.5
4	orf1ab_6941:C>T_Leu2226Leu_synonymous	0.35960000000000003	0.06765	1641.0	110.5
5	orf1ab_7557:G>A_Arg2431Lys_missense	0.97795	0.95845	2591.0	2485.0
6	orf1ab_8818:C>T_Cys2851Cys_synonymous	0.9755	0.93185	2855.5	2743.0
7	orf1ab_14408:C>T_Pro4715Leu_missense	0.97985	0.9794	5839.5	5720.5
8	orf1ab_15150:G>T_Gln4962His_missense	0.02475	0.02365	1746.0	43.5
9	orf1ab_15168:G>A_Leu4968Leu_synonymous	0.0411	0.0	833.5	0.0
10	orf1ab_18377:C>T_Thr6038Ile_missense	0.9733	0.96555	3171.0	3061.5
11	orf1ab_19951:C>A_Pro6563Thr_missense	0.03495	0.0	1290.0	0.0
12	S_23403:A>G_As14Gly_missense	0.9875	0.9816	5731.5	5626.0
13	ORF3a_25563:G>T_Gln57His_missense	0.9802	0.9753	4590.0	4480.5
