	SNP	FREQ_index	FREQ_contact	total_reads_contact	variant_reads_contact
0	CHR_START-orf1ab_241:C>T__intergenic-region	0.96975	0.9924	3391.0	3366.0
1	orf1ab_3037:C>T_Phe924Phe_synonymous	0.9652	0.9856	2835.0	2794.0
2	orf1ab_3871:G>T_Lys1202Asn_missense	0.96825	0.9823	1974.0	1939.0
3	orf1ab_3931:T>C_Val1222Val_synonymous	0.96805	0.98255	1975.0	1940.5
4	orf1ab_4226:C>T_Pro1321Ser_missense	0.9867	0.99005	3841.5	3803.0
5	orf1ab_5672:C>T_Pro1803Ser_missense	0.9863	0.9891	3903.5	3860.0
6	orf1ab_7837:A>C_Leu2524Phe_missense	0.9806	0.97865	2223.0	2175.5
7	orf1ab_10279:C>T_Leu3338Leu_synonymous	0.98535	0.98705	4289.5	4234.5
8	orf1ab_14408:C>T_Pro4715Leu_missense	0.98675	0.98875	5107.5	5050.0
9	orf1ab_15139:A>C_Thr4959Pro_missense	0.01855	0.0204	2332.5	47.5
10	orf1ab_19677:G>T_Gln6471His_missense	0.9834	0.9874	2997.0	2959.0
11	orf1ab_20056:G>A_Gly6598Ser_missense	0.9766	0.9704	1427.5	1385.5
12	S_23403:A>G_As14Gly_missense	0.9895	0.9904	4179.5	4139.5
13	N_28977:C>T_Ser235Phe_missense	0.9738	0.97975	1296.0	1271.0
