	SNP	FREQ_index	FREQ_contact	total_reads_contact	variant_reads_contact
0	orf1ab_3037:C>T_Phe924Phe_synonymous	0.9893	0.98985	2444.5	2419.0
1	orf1ab_12396:C>T_Ala4044Val_missense	0.01645	0.0	3412.5	0.0
2	orf1ab_14191:T>C_Leu4643Leu_synonymous	0.98785	0.9891	5112.5	5055.5
3	orf1ab_14408:C>T_Pro4715Leu_missense	0.9894	0.9902	4875.5	4827.5
4	orf1ab_15139:A>C_Thr4959Pro_missense	0.0185	0.0	904.0	0.0
5	orf1ab_15150:G>T_Gln4962His_missense	0.0269	0.0	964.5	0.0
6	orf1ab_15168:G>A_Leu4968Leu_synonymous	0.03755	0.0458	1555.0	70.0
7	orf1ab_16260:C>T_Cys5332Cys_synonymous	0.98685	0.98655	2864.5	2824.5
8	orf1ab_20115:C>A_Val6617Val_synonymous	0.01085	0.0	653.5	0.0
9	S_23403:A>G_As14Gly_missense	0.98965	0.99125	4733.0	4694.5
10	S_24253:A>T_Pro897Pro_synonymous	0.98415	0.9855	2324.0	2288.5
11	ORF3a_25563:G>T_Gln57His_missense	0.9867	0.9892	3790.0	3750.0
12	N_28821:C>A_Ser183Tyr_missense	0.9749	0.9783	1506.5	1483.5
