	SNP	FREQ_index	FREQ_contact	total_reads_contact	variant_reads_contact
0	orf1ab_1059:C>T_Thr265Ile_missense	0.98765	0.9692	4214.0	4111.5
1	orf1ab_3037:C>T_Phe924Phe_synonymous	0.9849	0.96275	3480.5	3364.0
2	orf1ab_5339:C>T_Pro1692Ser_missense	0.9893	0.96655	4969.0	4824.0
3	orf1ab_15137:T>G_Met4958Arg_missense	0.01435	0.0	1925.5	0.0
4	orf1ab_15168:G>A_Leu4968Leu_synonymous	0.06265	0.05995	2748.5	191.0
5	orf1ab_16260:C>T_Cys5332Cys_synonymous	0.9844	0.95715	4442.5	4273.0
6	N_28821:C>A_Ser183Tyr_missense	0.98865	0.9665	1875.0	1833.0
