	SNP	FREQ_index	FREQ_contact	total_reads_contact	variant_reads_contact
0	orf1ab_1059:C>T_Thr265Ile_missense	0.97525	0.98765	4023.5	3973.5
1	orf1ab_3037:C>T_Phe924Phe_synonymous	0.9881	0.9849	3430.5	3379.0
2	orf1ab_5339:C>T_Pro1692Ser_missense	0.97545	0.9893	6285.0	6217.5
3	orf1ab_6696:C>T_Pro2144Leu_missense	0.0416	0.0	4154.5	0.0
4	orf1ab_8140:C>T_Ser2625Ser_synonymous	0.9631	0.99035	6042.0	5984.0
5	orf1ab_8208:C>T_Thr2648Ile_missense	0.9637	0.9904	6041.5	5984.0
6	orf1ab_14073:T>C_As603Asp_synonymous	0.0133	0.0	6908.0	0.0
7	orf1ab_14408:C>T_Pro4715Leu_missense	0.9795	0.9901	6445.5	6382.0
8	orf1ab_15137:T>G_Met4958Arg_missense	0.01575	0.01435	2949.5	43.0
9	orf1ab_15168:G>A_Leu4968Leu_synonymous	0.06205	0.06265	2949.5	189.5
10	orf1ab_16260:C>T_Cys5332Cys_synonymous	0.9677	0.9844	4504.0	4434.0
11	S_22676:G>T_Ala372Ser_missense	0.05195	0.0	4562.5	0.0
12	S_23403:A>G_As14Gly_missense	0.9819	0.99125	7252.5	7190.0
13	ORF3a_25440:G>T_Lys16Asn_missense	0.96665	0.9907	6137.0	6080.0
14	ORF3a_25563:G>T_Gln57His_missense	0.9662	0.9903	6136.0	6077.0
15	N_28821:C>A_Ser183Tyr_missense	0.9204	0.98865	1747.5	1728.5
