	SNP	FREQ_index	FREQ_contact	total_reads_contact	variant_reads_contact
0	orf1ab_994:A>G_Glu243Glu_synonymous	0.98955	0.94765	11333.0	10738.0
1	orf1ab_12569:G>A_Val4102Ile_missense	0.0157	0.0	6068.5	0.0
2	orf1ab_15118:G>T_Val4952Phe_missense	0.01305	0.0	2134.0	0.0
3	orf1ab_15139:A>C_Thr4959Pro_missense	0.02325	0.016649999999999998	3029.0	50.5
4	orf1ab_15141:C>A_Thr4959Thr_synonymous	0.027000000000000003	0.0213	3029.0	64.0
5	orf1ab_15167:T>G_Leu4968Trp_missense	0.01195	0.0	1619.5	0.0
6	orf1ab_15168:G>A_Leu4968Leu_synonymous	0.08460000000000001	0.0	1275.5	0.0
7	ORF3a_26142:C>A_As50Glu_missense	0.02545	0.0	6578.5	0.0
8	N_28657:C>T_As28Asp_synonymous	0.01915	0.0	7612.0	0.0
9	ORF10-CHR_END_29711:G>T__intergenic-region	0.98885	0.99945	2509.5	2507.5
