	SNP	FREQ_index	FREQ_contact	total_reads_contact	variant_reads_contact
0	orf1ab_1059:C>T_Thr265Ile_missense	0.98765	0.97525	3347.5	3265.0
1	orf1ab_3037:C>T_Phe924Phe_synonymous	0.9849	0.9881	3514.5	3459.5
2	orf1ab_5339:C>T_Pro1692Ser_missense	0.9893	0.97545	4957.0	4825.5
3	orf1ab_15137:T>G_Met4958Arg_missense	0.01435	0.01575	1884.0	27.5
4	orf1ab_15168:G>A_Leu4968Leu_synonymous	0.06265	0.06205	1883.5	104.5
5	orf1ab_16260:C>T_Cys5332Cys_synonymous	0.9844	0.9677	3610.0	3485.5
6	N_28821:C>A_Ser183Tyr_missense	0.98865	0.9204	1334.0	1262.5
