	SNP	FREQ_index	FREQ_contact	total_reads_contact	variant_reads_contact
0	CHR_START-orf1ab_241:C>T__intergenic-region	0.97255	0.97685	2863.0	2796.5
1	orf1ab_3037:C>T_Phe924Phe_synonymous	0.97385	0.97125	2916.5	2832.5
2	orf1ab_3871:G>T_Lys1202Asn_missense	0.97155	0.95965	2122.0	2036.0
3	orf1ab_3931:T>C_Val1222Val_synonymous	0.9706	0.959	2124.5	2037.0
4	orf1ab_4226:C>T_Pro1321Ser_missense	0.9886	0.97895	4302.0	4211.0
5	orf1ab_5672:C>T_Pro1803Ser_missense	0.97935	0.9794	4377.5	4286.5
6	orf1ab_6402:C>A_Pro2046Gln_missense	0.3248	0.71935	5850.5	4203.0
7	orf1ab_7837:A>C_Leu2524Phe_missense	0.9773	0.96395	2336.0	2252.0
8	orf1ab_14408:C>T_Pro4715Leu_missense	0.9864	0.979	5253.0	5142.5
9	orf1ab_15139:A>C_Thr4959Pro_missense	0.0207	0.0196	2552.0	50.5
10	orf1ab_15168:G>A_Leu4968Leu_synonymous	0.06570000000000001	0.0649	2551.0	172.5
11	orf1ab_19677:G>T_Gln6471His_missense	0.9768	0.97465	3527.0	3437.5
12	S_23403:A>G_As14Gly_missense	0.98935	0.98445	5186.0	5104.5
13	N_28976:T>A_Ser235Thr_missense	0.0169	0.0	1834.0	0.0
14	N_28977:C>T_Ser235Phe_missense	0.91135	0.96635	1865.0	1815.5
15	N_28978:T>G_Ser235Ser_synonymous	0.0228	0.0	1842.5	0.0
16	N_28979:G>A_Gly236Ser_missense	0.0199	0.0	1843.0	0.0
17	N_28979:G>C_Gly236Arg_missense	0.0362	0.0	1843.0	0.0
18	N_28979:G>T_Gly236Cys_missense	0.01225	0.0	1843.0	0.0
19	N_28980:G>A_Gly236Asp_missense	0.02985	0.0	1835.5	0.0
20	N_28981:T>A_Gly236Gly_synonymous	0.0199	0.0	1847.5	0.0
21	N_28981:T>C_Gly236Gly_synonymous	0.03855	0.0	1847.5	0.0
22	N_28982:A>G_Lys237Glu_missense	0.0199	0.0	1854.0	0.0
23	N_28983:A>C_Lys237Thr_missense	0.01645	0.0	1844.5	0.0
24	N_28983:A>G_Lys237Arg_missense	0.032299999999999995	0.0	1844.5	0.0
25	N_28985:G>C_Gly238Arg_missense	0.02185	0.0	1838.5	0.0
