	SNP	FREQ_index	FREQ_contact	total_reads_contact	variant_reads_contact
0	orf1ab_15137:T>G_Met4958Arg_missense	0.016399999999999998	0.0192	1555.5	29.5
1	orf1ab_15139:A>C_Thr4959Pro_missense	0.0162	0.0	904.0	0.0
2	orf1ab_15141:C>A_Thr4959Thr_synonymous	0.0165	0.0	890.5	0.0
3	orf1ab_15150:G>T_Gln4962His_missense	0.02915	0.0	964.5	0.0
4	orf1ab_15168:G>A_Leu4968Leu_synonymous	0.043800000000000006	0.0458	1555.0	70.0
5	S_24253:A>T_Pro897Pro_synonymous	0.98815	0.9855	2324.0	2288.5
6	N_28821:C>A_Ser183Tyr_missense	0.9840000000000001	0.9783	1506.5	1483.5
