	SNP	POS_x	rep1_percent	rep2_percent	%
1	orf1ab_3085A>T_Ser1029Cys_missense	3350.0	0.0406	0.0441	0.04235
2	orf1ab_6404G>A_Tr135*_stop	6669.0	0.0304	0.0347	0.03255
3	orf1ab_8588G>T_Gly2863Val_missense	8853.0	0.0103	0.011000000000000001	0.01065
4	orf1ab_8899A>T_Thr2967Ser_missense	9164.0	0.0125	0.0109	0.0117
84	M_269T>A_Leu90*_stop	26791.0	0.1329	0.1368	0.13485
85	M_271A>G_Met91Val_missense	26793.0	0.1313	0.1354	0.13335
86	M_274T>A_Tr2Arg_missense	26796.0	0.131	0.1352	0.1331
