	SNP	FREQ
0	ACGGTTTCGTCCGT_A_196	0.9693
1	C_T_241	0.9998
2	T_C_2845	0.4755
3	C_T_3037	1.0
4	C_T_6500	0.9993000000000001
5	C_CT_6696	0.011200000000000002
6	C_CT_11074	0.0152
7	C_T_14408	1.0
8	C_T_15024	0.0146
9	C_CT_19983	0.0137
10	A_G_20268	1.0
11	G_GT_21101	0.020099999999999996
12	G_T_22014	0.9991
13	A_G_23403	0.9998
14	C_T_27577	0.9994
15	C_T_28854	1.0
