	SNP	FREQ
0	ACGGTTTCGTCCGT_A_196	0.9904999999999999
1	C_T_241	1.0
2	T_C_2845	0.7725
3	C_T_3037	1.0
4	C_T_6500	0.9995999999999999
5	C_CT_6696	0.0892
6	A_G_7381	0.08289999999999999
7	A_T_7383	0.0833
8	G_A_7388	0.0848
9	G_GT_7889	0.017
10	G_GT_8927	0.0103
11	C_CT_10386	0.016
12	C_CA_10619	0.0219
13	C_CT_11074	0.0351
14	C_CT_11095	0.0169
15	C_CA_11812	0.0242
16	G_GT_13459	0.0152
17	C_T_13541	0.0139
18	C_T_14408	1.0
19	C_T_15024	0.011899999999999999
20	G_GT_15965	0.029900000000000003
21	G_GT_16501	0.0152
22	G_GT_17019	0.011200000000000002
23	G_GT_18368	0.0173
24	G_GT_19231	0.015600000000000001
25	C_CT_19983	0.0391
26	G_GT_21101	0.0151
27	G_T_22014	0.9981
28	A_G_23403	0.9995
29	C_T_24237	0.0754
30	C_CA_24358	0.0171
31	C_CA_25797	0.0146
32	G_GT_26654	0.014499999999999999
33	C_T_27577	0.9802
34	C_CT_28214	0.026000000000000002
35	C_T_28854	1.0
36	C_CA_29051	0.041100000000000005
