	SNP	FREQ
0	ACGGTTTCGTCCGT_A_196	0.965
1	C_T_241	0.9995999999999999
2	T_C_2845	0.4549
3	C_T_2939	0.9997
4	C_T_3037	0.9997
5	C_T_6138	0.036699999999999997
6	C_T_6500	0.9994
7	C_CT_6696	0.011000000000000001
8	A_G_9328	0.1109
9	C_CT_11074	0.0126
10	C_T_12119	0.1419
11	C_T_14408	0.9997
12	C_CT_19983	0.012
13	A_G_20268	1.0
14	G_GT_21101	0.0181
15	G_T_22014	0.9984999999999999
16	A_G_23403	0.9997
17	C_T_27577	0.9987
18	C_T_28854	1.0
19	C_CA_29051	0.0108
20	G_C_29734	0.0366
