	SNP	FREQ
0	ACGGTTTCGTCCGT_A_196	0.9598
1	C_T_241	0.9995
2	T_C_2845	0.5351
3	C_T_2939	0.9993000000000001
4	C_T_3037	1.0
5	C_T_6500	0.9989
6	C_CT_11074	0.0132
7	C_T_14408	0.9995
8	C_CT_19983	0.0141
9	A_G_20268	0.9994
10	G_GT_21101	0.0167
11	G_T_22014	0.9997
12	A_G_23403	0.9995999999999999
13	C_T_27577	0.9995
14	C_T_28854	0.9995
