	SNP	FREQ
0	ACGGTTTCGTCCGT_A_196	0.9914000000000001
1	C_T_241	1.0
2	T_C_2845	0.7218000000000001
3	C_T_2939	0.9903
4	C_T_3037	1.0
5	C_T_6500	0.9953
6	C_CT_6696	0.059000000000000004
7	A_G_7381	0.0536
8	A_T_7383	0.0546
9	G_A_7388	0.0556
10	C_T_7518	0.0455
11	C_CT_10386	0.0106
12	C_CT_11074	0.0175
13	C_CA_11812	0.0179
14	C_T_14408	0.9998
15	G_A_15025	0.0258
16	G_GT_15965	0.0252
17	G_GT_16501	0.01
18	G_GT_18368	0.0159
19	G_GT_19231	0.011699999999999999
20	C_CT_19983	0.0287
21	A_G_20268	0.9942
22	G_GT_21101	0.0171
23	G_T_22014	0.9884000000000001
24	G_T_22727	0.0424
25	A_G_23403	0.9998
26	G_GT_23903	0.0104
27	C_T_24237	0.0218
28	C_CA_24358	0.0101
29	C_CT_28214	0.0158
30	C_T_28854	0.9964
31	C_CA_29051	0.0278
