	SNP	FREQ
0	ACGGTTTCGTCCGT_A_196	0.9601999999999999
1	C_T_241	0.9998
2	T_C_2845	0.5445
3	C_T_2939	0.9963
4	C_T_3037	1.0
5	C_T_6500	0.9945
6	C_CT_6696	0.011899999999999999
7	C_T_7518	0.044500000000000005
8	C_CT_11074	0.010700000000000001
9	C_T_14408	0.9995999999999999
10	G_A_15025	0.0241
11	C_CT_19983	0.0143
12	A_G_20268	0.9986
13	G_GT_21101	0.0196
14	G_T_22014	0.9919
15	G_T_22727	0.053099999999999994
16	A_G_23403	1.0
17	C_T_27577	0.9951000000000001
18	C_T_27697	0.029900000000000003
19	C_T_28854	0.9979
20	C_CA_29051	0.0103
