	SNP	FREQ
0	C_T_241	1.0
1	G_GA_1135	0.019
2	A_AT_1269	0.0116
3	C_T_3037	0.998
4	G_T_3871	1.0
5	C_CT_6696	0.0733
6	G_C_9053	1.0
7	C_CT_11074	0.019799999999999998
8	C_T_14408	1.0
9	G_GT_15965	0.0594
10	G_GT_16475	0.01
11	G_GT_18368	0.0431
12	G_GT_19231	0.0461
13	G_GT_20908	0.0102
14	G_GT_21569	0.0108
15	A_G_23403	0.9993000000000001
16	G_GT_25555	0.013300000000000001
17	C_CT_27175	0.013999999999999999
18	T_C_29008	1.0
19	C_CA_29051	0.0218
20	T_C_29590	0.0381
