	SNP	FREQ
0	G_GA_1135	0.011699999999999999
1	C_T_3037	0.9998999999999999
2	C_CT_6696	0.059500000000000004
3	A_G_11983	0.0724
4	C_T_12672	0.0206
5	C_T_14408	0.9998
6	C_T_16260	0.015300000000000001
7	C_T_18877	0.9998
8	G_GT_19231	0.0232
9	C_CT_19983	0.015
10	C_T_20629	0.0118
11	G_GT_21101	0.0209
12	C_T_23525	0.011200000000000002
13	G_T_25563	0.9997
14	C_CA_29051	0.0341
15	TA_T_29531	0.0176
16	G_A_29766	0.0178
17	TGC_T_29829	0.017
