	SNP	FREQ
0	G_GA_1135	0.0106
1	C_T_3037	0.9998
2	C_CT_6696	0.057
3	A_G_11983	0.0672
4	C_T_12672	0.0191
5	C_T_14408	0.9997
6	C_T_16260	0.0132
7	C_T_18877	0.9998
8	G_GT_19231	0.024
9	C_CT_19983	0.0195
10	C_T_20629	0.013000000000000001
11	G_GT_21101	0.018600000000000002
12	C_T_23525	0.0125
13	G_T_25563	0.9998
14	C_CA_29051	0.0335
15	TA_T_29531	0.0263
16	G_A_29766	0.019799999999999998
17	TGC_T_29829	0.0182
