	SNP	FREQ
0	C_T_241	0.9997
1	G_A_2549	0.9994
2	C_T_3037	1.0
3	C_CT_6696	0.0148
4	C_T_9448	0.9998999999999999
5	C_T_10815	0.9997
6	C_CT_11074	0.014199999999999999
7	C_T_14408	1.0
8	C_T_14599	0.484
9	G_T_15732	0.9991
10	T_C_19143	0.9995999999999999
11	C_T_19806	0.9981
12	C_CT_19983	0.0111
13	A_G_20268	1.0
14	G_GT_21101	0.0203
15	A_G_23403	1.0
16	C_CA_29051	0.017
17	C_T_29614	0.9998
