	SNP	FREQ
0	ACGGTTTCGTCCGT_A_196	0.99
1	C_T_241	0.9993000000000001
2	T_C_2845	0.4483
3	C_T_2939	0.9997
4	C_T_3037	1.0
5	C_T_6500	0.9992
6	C_CT_6696	0.0541
7	C_CT_11074	0.0143
8	C_T_14408	1.0
9	G_GT_15965	0.0258
10	G_GT_18368	0.0163
11	G_GT_19231	0.0154
12	C_CT_19983	0.025699999999999997
13	A_G_20268	0.9993000000000001
14	G_GT_21101	0.0141
15	C_T_21897	0.0892
16	G_T_22014	1.0
17	A_G_23403	0.9994
18	C_T_26885	0.014499999999999999
19	C_T_27150	0.7712
20	C_T_27577	1.0
21	C_CT_28214	0.0102
22	C_T_28854	0.9994
23	C_CA_29051	0.0204
