	SNP	FREQ
0	ACGGTTTCGTCCGT_A_196	0.9712000000000001
1	C_T_241	0.9995
2	T_C_2845	0.37979999999999997
3	C_T_2939	1.0
4	C_T_3037	0.9995
5	C_T_6500	0.9994
6	C_T_14408	0.9998999999999999
7	C_CT_19983	0.013000000000000001
8	A_G_20268	1.0
9	G_GT_21101	0.0165
10	T_C_21765	0.0106
11	C_T_21897	0.09119999999999999
12	G_T_22014	0.9998
13	A_G_23403	1.0
14	C_T_26885	0.0103
15	C_T_27150	0.7929999999999999
16	C_T_27577	1.0
17	C_CT_28214	0.011200000000000002
18	C_T_28854	0.9990000000000001
19	C_CA_29051	0.0184
