	SNP	FREQ
0	ACGGTTTCGTCCGT_A_196	0.9728
1	C_T_241	0.9998
2	T_C_2845	0.42619999999999997
3	C_T_2939	0.9976999999999999
4	C_T_3037	1.0
5	C_T_6500	0.9993000000000001
6	C_CT_6696	0.0141
7	C_CT_11074	0.0103
8	C_T_14408	0.9998
9	C_CT_19983	0.016
10	A_G_20268	0.9989
11	G_GT_21101	0.024
12	G_T_22014	0.9998
13	A_G_23403	1.0
14	C_T_27577	1.0
15	C_CT_28214	0.0104
16	C_T_28854	0.9991
