	SNP	FREQ
0	ACGGTTTCGTCCGT_A_196	0.9881
1	C_T_241	1.0
2	G_GA_1135	0.0103
3	T_C_2845	0.4938
4	C_T_2939	0.9995999999999999
5	C_T_3037	1.0
6	C_T_6500	0.9995999999999999
7	C_CT_6696	0.0649
8	G_GT_7889	0.011000000000000001
9	C_CT_10386	0.0126
10	C_CT_11074	0.017
11	C_CT_11095	0.0104
12	C_CA_11812	0.019
13	G_GT_13459	0.011699999999999999
14	C_T_13541	0.014199999999999999
15	C_T_14408	0.9998
16	G_GT_15965	0.028900000000000002
17	G_GT_18368	0.0161
18	G_GT_19231	0.0187
19	C_CT_19983	0.0265
20	A_G_20268	0.9987999999999999
21	G_GT_21101	0.0177
22	G_T_22014	0.9994
23	A_G_23403	0.9997
24	C_CA_24358	0.0109
25	C_T_27577	1.0
26	C_CT_28214	0.014199999999999999
27	C_T_28854	0.9983
28	C_CA_29051	0.0239
