	SNP	FREQ
0	TGG_T_283	0.0556
1	G_GT_285	0.0533
2	TA_T_403	0.011200000000000002
3	TA_T_646	0.0176
4	TA_T_1792	0.07440000000000001
5	C_T_2221	0.043899999999999995
6	C_T_2555	0.0391
7	C_T_3264	0.127
8	G_GT_3345	0.06309999999999999
9	T_C_3726	0.0966
10	C_CA_3817	0.053099999999999994
11	G_T_4088	0.054400000000000004
12	T_A_4348	0.044800000000000006
13	CA_C_4404	0.023
14	TA_T_4879	0.060599999999999994
15	C_CA_5497	0.0617
16	T_C_5528	0.0677
17	T_A_5600	0.028999999999999998
18	C_T_6781	0.0417
19	T_A_7546	0.07519999999999999
20	C_T_7955	0.066
21	A_G_8703	0.024399999999999998
22	C_T_8782	1.0
23	C_T_9303	0.091
24	C_T_9936	0.0291
25	C_T_9969	0.061900000000000004
26	C_T_10433	0.0528
27	A_T_11342	0.0349
28	A_AT_11628	0.0217
29	C_T_12099	0.1404
30	C_T_13256	0.0679
31	GT_G_13350	0.061500000000000006
32	GA_G_13624	0.028900000000000002
33	CTTTAAGGCATT_C_13829	0.0717
34	G_C_13870	0.0987
35	G_A_14160	0.0907
36	T_C_14389	0.1035
37	TA_T_14595	0.0105
38	A_G_15422	0.16399999999999998
39	C_T_15559	0.0507
40	T_TA_15690	0.0655
41	G_T_15789	0.06269999999999999
42	GTT_G_15836	0.049400000000000006
43	G_A_16285	0.091
44	G_A_16381	0.9979
45	C_T_16428	0.8164
46	CA_C_16626	0.0204
47	GC_G_17706	0.0313
48	T_C_17877	0.9987
49	C_T_18183	0.2585
50	C_CT_18356	0.08349999999999999
51	A_AT_18434	0.08470000000000001
52	T_C_18892	0.10869999999999999
53	G_GA_18968	0.075
54	T_G_19341	0.0647
55	C_CA_19360	0.0725
56	G_T_19457	0.0695
57	C_T_20316	0.9993000000000001
58	GT_G_20360	0.1166
59	G_GT_21101	0.063
60	G_A_21224	0.08
61	CT_C_21386	0.1643
62	G_A_21433	0.0255
63	C_T_21742	0.107
64	G_GT_21989	0.0466
65	AT_A_22135	0.1306
66	A_T_22970	0.0158
67	G_GT_23016	0.0726
68	CT_C_23029	0.09939999999999999
69	T_C_23152	0.0669
70	GT_G_23478	0.0426
71	A_G_23515	0.037000000000000005
72	C_T_24378	0.1362
73	GA_G_25166	0.1015
74	G_T_25500	0.9994
75	C_T_25777	0.0889
76	C_T_26124	0.9987
77	G_GT_26257	0.0546
78	G_T_26506	0.0666
79	G_T_26724	0.08529999999999999
80	TG_T_26729	0.0746
81	CT_C_27175	0.0393
82	T_A_27900	0.044000000000000004
83	G_GT_27906	0.0452
84	G_T_28090	0.0354
85	T_C_28144	0.9991
86	C_CT_28147	0.028399999999999998
87	T_C_28177	0.0748
88	TG_T_28427	0.0599
89	G_A_28878	0.9986
90	G_A_29001	0.01
91	C_CA_29353	0.0673
92	G_A_29742	1.0
