	SNP	FREQ
0	C_T_241	1.0
1	T_C_1432	0.0318
2	T_C_1562	1.0
3	G_T_2035	0.9992
4	C_T_3037	1.0
5	C_CT_6696	0.0137
6	C_T_11956	0.9989
7	C_T_12025	0.9997
8	C_T_14408	0.9997
9	T_C_19839	0.9987999999999999
10	C_CT_19983	0.0169
11	G_GT_21101	0.0169
12	A_G_23403	0.9997
13	C_T_23707	0.9993000000000001
14	G_A_28881	0.9994
15	G_A_28882	0.9987999999999999
16	G_C_28883	0.9982
17	C_T_29769	0.9990000000000001
