	SNP	FREQ
0	C_T_241	1.0
1	A_C_696	0.9997
2	C_T_3037	0.9997
3	G_T_3871	1.0
4	T_C_3931	1.0
5	C_T_4226	0.9998
6	C_T_5672	0.9997
7	A_C_7837	0.9991
8	C_CT_11074	0.011899999999999999
9	C_T_14408	0.9995999999999999
10	G_T_19677	0.9995
11	G_GT_21101	0.015600000000000001
12	A_G_23403	1.0
13	C_T_28977	0.9984000000000001
