	SNP	FREQ
0	C_T_241	0.9995999999999999
1	A_C_696	0.9994
2	C_T_3037	0.9995
3	G_T_3871	1.0
4	T_C_3931	1.0
5	C_T_4226	0.9987999999999999
6	C_T_5672	0.9997
7	C_CT_6696	0.027200000000000002
8	A_C_7837	0.9987
9	CT_C_11074	0.0232
10	C_T_14408	1.0
11	G_GT_15965	0.0102
12	G_GT_18368	0.0116
13	G_GT_19231	0.0124
14	G_T_19677	1.0
15	G_GT_21101	0.0161
16	A_G_23403	0.9997
17	C_T_28977	0.9992
18	C_CA_29051	0.011200000000000002
19	C_T_29187	0.010700000000000001
20	A_G_29188	0.0111
