	SNP	FREQ
0	C_T_241	1.0
1	C_T_1059	1.0
2	C_T_3037	1.0
3	C_T_3773	0.5686
4	T_C_14191	0.9992
5	C_T_14408	1.0
6	A_C_15942	0.9986
7	C_T_16260	0.9987
8	C_CT_19983	0.012199999999999999
9	G_GT_21101	0.0131
10	A_G_23403	1.0
11	A_T_24253	0.9990000000000001
12	C_T_25006	0.9992
13	G_T_25563	0.9997
14	C_T_26447	0.0103
15	C_A_28821	1.0
16	C_T_29627	0.9994
