	SNP	FREQ
0	C_T_241	0.9993000000000001
1	ATGGTCATGTTATGGT_A_507	0.01
2	TATG_T_517	0.0177
3	G_GA_1135	0.0161
4	C_T_3037	1.0
5	C_CT_6696	0.0781
6	G_GT_7889	0.013000000000000001
7	C_CT_10386	0.0105
8	C_CA_10619	0.0104
9	C_CT_11074	0.024300000000000002
10	G_T_11417	0.9984999999999999
11	C_CA_11812	0.0151
12	G_GT_13459	0.010700000000000001
13	T_C_14073	0.9995999999999999
14	C_T_14408	1.0
15	G_GT_15965	0.0483
16	G_GT_18368	0.0301
17	G_GT_19231	0.0231
18	C_CT_19983	0.0256
19	G_GT_21101	0.0138
20	G_GT_21569	0.0128
21	A_G_23403	1.0
22	G_GT_23903	0.011399999999999999
23	A_G_23947	1.0
24	G_GT_26493	0.0103
25	T_C_27348	1.0
26	C_CT_28214	0.015
27	C_CA_29051	0.0288
