	SNP	FREQ
0	C_T_241	0.9986
1	ATGGTCATGTTATGGT_A_507	0.0111
2	TATG_T_517	0.0104
3	G_GA_1135	0.0125
4	C_T_3037	1.0
5	C_CT_6696	0.07139999999999999
6	A_AT_6930	0.012199999999999999
7	C_CA_8376	0.0128
8	C_CT_11074	0.0254
9	G_T_11417	0.9992
10	C_CA_11812	0.0161
11	T_C_14073	1.0
12	C_T_14408	1.0
13	G_GT_15965	0.0455
14	G_GT_18368	0.0294
15	G_GT_19231	0.0208
16	C_CT_19983	0.0264
17	G_GT_21101	0.0152
18	A_G_23403	0.9991
19	G_GT_23903	0.0113
20	A_G_23947	1.0
21	C_T_25777	0.0143
22	G_GT_26493	0.0103
23	T_C_27348	0.9987
24	C_CT_28214	0.0166
25	C_CA_29051	0.023399999999999997
26	G_GT_29573	0.0141
