	SNP	FREQ
0	C_T_241	1.0
1	C_T_1059	0.9990000000000001
2	C_T_3037	1.0
3	C_T_3773	0.639
4	C_CT_11074	0.011899999999999999
5	T_C_14191	0.9995
6	C_T_14408	0.9998
7	C_T_16260	0.9997
8	G_GT_21101	0.014199999999999999
9	A_G_23403	0.9998
10	A_T_24253	0.9987
11	G_T_25563	0.9998
12	C_A_28821	1.0
13	C_T_29627	0.9992
