	SNP	FREQ
0	C_T_241	0.9995
1	C_T_1059	1.0
2	C_T_3037	1.0
3	C_T_3773	0.5526
4	C_CT_6696	0.012
5	C_CT_11074	0.0109
6	C_T_12396	0.0138
7	T_C_14191	0.9991
8	C_T_14408	0.9997
9	C_T_16260	0.9993000000000001
10	C_CT_19983	0.013600000000000001
11	G_GT_21101	0.0169
12	A_G_23403	0.9998
13	T_C_23986	0.010700000000000001
14	A_T_24253	0.9984999999999999
15	G_T_25563	0.9995999999999999
16	C_A_28821	1.0
17	C_T_29627	0.9991
