	SNP	FREQ
0	C_T_241	0.9998
1	T_C_1562	0.9964
2	G_T_2035	0.9997
3	C_T_3037	0.9997
4	C_CT_6696	0.0138
5	T_C_9171	0.022799999999999997
6	C_CT_11074	0.0101
7	C_T_11956	0.9997
8	C_T_12025	0.9995
9	C_T_14408	0.9997
10	T_C_19839	0.9994
11	C_CT_19983	0.0163
12	G_GT_21101	0.0166
13	A_G_23403	1.0
14	C_T_23707	0.9993000000000001
15	G_A_28881	0.997
16	G_A_28882	0.9976999999999999
17	G_C_28883	0.9976999999999999
18	C_T_29769	0.9990000000000001
