	SNP	FREQ
0	C_T_241	1.0
1	T_C_1562	0.9993000000000001
2	G_T_2035	0.9993000000000001
3	C_T_3037	1.0
4	T_C_9171	0.0187
5	CT_C_11074	0.0196
6	C_T_11956	0.9990000000000001
7	C_T_12025	0.9989
8	C_T_14408	0.9998
9	T_C_19839	0.9982
10	A_G_23403	1.0
11	C_T_23707	0.9991
12	G_A_28881	1.0
13	G_A_28882	1.0
14	G_C_28883	1.0
15	C_T_29769	1.0
