	SNP	FREQ
0	C_T_241	0.9998
1	G_A_319	0.10949999999999999
2	GT_G_323	0.10619999999999999
3	A_C_696	0.4457
4	G_T_2035	0.0124
5	G_T_2036	0.975
6	G_T_3871	0.8079000000000001
7	T_C_3931	0.8079999999999999
8	C_T_4421	0.4917
9	C_T_5672	0.973
10	A_C_7837	0.9863
11	C_T_11916	0.2832
12	C_T_15240	0.26530000000000004
13	T_C_15354	0.2559
14	G_T_15957	0.161
15	G_GT_15965	0.3062
16	G_T_17122	0.3081
17	G_T_19677	0.961
18	G_A_22751	0.5247999999999999
19	A_G_23403	1.0
20	A_T_23845	0.9688
21	G_A_28347	0.1139
