	SNP	FREQ
0	C_T_241	0.9998
1	T_C_1562	0.9994
2	G_T_2035	0.9993000000000001
3	C_T_3037	1.0
4	CT_C_11074	0.0167
5	C_T_11956	0.9990000000000001
6	C_T_12025	0.9989
7	C_T_14408	0.9998
8	T_C_19839	0.9989
9	C_CT_19983	0.0124
10	A_G_23403	0.9995
11	C_T_23707	0.9987
12	G_A_28881	0.9984000000000001
13	G_A_28882	0.9992
14	G_C_28883	0.9992
15	C_T_29769	0.9994
