	SNP	FREQ
0	C_T_241	1.0
1	A_C_696	0.9995999999999999
2	C_T_3037	1.0
3	G_T_3871	1.0
4	T_C_3931	1.0
5	C_T_4226	0.9995
6	C_T_5672	0.9981
7	C_T_6843	0.0622
8	A_C_7837	0.9995999999999999
9	C_CT_11074	0.0212
10	TG_T_11082	0.08689999999999999
11	G_T_11083	0.5816
12	C_T_13860	0.01
13	C_T_14408	1.0
14	G_T_19677	1.0
15	C_CT_21732	0.0178
16	TC_T_21735	0.0192
17	C_T_21736	0.40850000000000003
18	A_G_23403	0.9997
19	C_T_25614	0.0134
20	C_T_27476	0.011899999999999999
21	C_T_28977	1.0
