	SNP	FREQ
0	C_T_241	1.0
1	C_T_1059	0.9995999999999999
2	C_T_3037	0.9995999999999999
3	C_T_3773	0.4911
4	C_CT_6696	0.0155
5	CT_C_11074	0.0204
6	T_C_14191	0.9991
7	C_T_14408	0.9995999999999999
8	A_C_15942	0.6748999999999999
9	C_T_16260	1.0
10	A_G_23403	1.0
11	C_T_24237	0.0118
12	A_T_24253	0.9995999999999999
13	C_T_25006	0.6711
14	G_T_25563	1.0
15	C_A_28821	1.0
16	C_T_29627	1.0
