	SNP	FREQ
0	C_T_241	1.0
1	G_GA_1135	0.011399999999999999
2	C_T_3037	1.0
3	C_CT_6696	0.0546
4	C_CT_11074	0.0155
5	G_T_11417	0.9990000000000001
6	T_C_14073	0.9995
7	C_T_14408	1.0
8	G_GT_15965	0.0235
9	G_GT_18368	0.0183
10	G_GT_19231	0.0141
11	C_CT_19983	0.024
12	G_GT_21101	0.0102
13	A_G_23403	0.9995999999999999
14	A_G_23947	0.9984000000000001
15	C_CA_29051	0.018600000000000002
16	G_T_29254	0.9987
