	SNP	FREQ
0	C_T_241	0.9995999999999999
1	C_T_335	0.7086
2	C_T_3037	0.9993000000000001
3	C_T_4901	0.0758
4	C_CT_6696	0.0581
5	C_CA_10619	0.0124
6	CT_C_11074	0.0149
7	C_T_14408	0.9993000000000001
8	G_GT_15965	0.09140000000000001
9	G_GT_18368	0.0294
10	C_T_18877	0.9994
11	A_G_23403	0.9995
12	C_CT_24223	0.0101
13	A_G_24862	0.9978
14	G_T_25563	0.9990000000000001
15	C_CT_28214	0.0175
16	C_CA_29051	0.0315
17	A_T_29731	0.9984000000000001
