	SNP	FREQ
0	C_T_241	0.9998
1	C_T_1059	1.0
2	C_T_3037	0.9997
3	C_T_5339	0.9998
4	C_T_5893	0.9995
5	C_CT_6696	0.0163
6	C_T_8140	0.9994
7	C_T_8208	0.9995
8	C_CT_11074	0.0123
9	C_T_14408	0.9997
10	C_T_16260	0.9987999999999999
11	G_GT_21101	0.0172
12	C_T_22329	0.0277
13	A_G_23403	0.9998999999999999
14	G_T_25440	0.9995999999999999
15	G_T_25563	0.9998
16	C_A_28821	1.0
