	SNP	FREQ
0	C_T_241	0.9992
1	C_T_1059	1.0
2	C_T_3037	1.0
3	C_T_5239	0.0146
4	C_T_5339	0.9995999999999999
5	C_T_5893	0.9972
6	C_CT_6696	0.0216
7	C_T_7764	0.0139
8	C_T_8140	0.9956999999999999
9	C_T_8208	0.9959
10	C_CT_11074	0.0143
11	C_T_11752	0.0141
12	C_T_14408	0.9997
13	C_T_14724	0.0102
14	C_T_16260	1.0
15	C_CT_19983	0.0106
16	G_GT_21101	0.018500000000000003
17	C_T_22329	0.0371
18	A_G_23403	0.9998
19	G_T_25440	0.9995
20	G_T_25563	1.0
21	A_G_26981	0.13
22	C_A_28821	0.9982
23	C_T_29578	0.0208
