	SNP	FREQ
0	C_T_1514	0.011000000000000001
1	C_CT_6696	0.0373
2	C_T_8782	0.9998
3	C_CT_11074	0.0152
4	G_T_11083	0.0195
5	G_GT_15965	0.0242
6	G_A_16381	0.9997
7	T_A_17732	0.0239
8	T_C_17877	1.0
9	G_GT_18368	0.0179
10	C_CT_19983	0.0191
11	C_T_20316	0.9989
12	G_T_25500	0.9991
13	G_T_26211	0.5064
14	T_C_28144	0.9995
15	G_A_28878	0.9994
16	C_CA_29051	0.0199
17	C_T_29269	0.9993000000000001
18	G_A_29742	0.9987999999999999
19	G_T_29778	0.0108
