	SNP	FREQ
0	C_T_241	0.9995
1	ATGGTCATGTTATGGT_A_507	0.011000000000000001
2	C_T_1059	0.9995999999999999
3	G_GA_1135	0.0124
4	C_T_3037	0.9995999999999999
5	C_T_4633	0.0183
6	T_C_5248	0.016200000000000003
7	C_CT_6696	0.08810000000000001
8	G_T_6884	0.9948999999999999
9	A_T_7870	0.0106
10	G_GT_7889	0.011200000000000002
11	C_CA_10619	0.0176
12	C_CT_11074	0.022400000000000003
13	C_CA_11812	0.0204
14	C_T_13541	0.0104
15	C_T_14408	0.9995
16	G_GT_15965	0.0742
17	G_GT_17019	0.0124
18	G_GT_18368	0.0392
19	G_GT_19231	0.0177
20	C_CT_19983	0.0213
21	A_G_20533	0.016
22	C_T_21005	0.0177
23	G_GT_21101	0.013999999999999999
24	C_T_22326	0.1106
25	A_G_23403	0.9979
26	G_GT_23903	0.0101
27	G_T_25563	1.0
28	C_CA_25797	0.0146
29	C_CT_27175	0.0191
30	G_T_27706	0.0101
31	C_CT_28214	0.0163
32	C_CA_29051	0.0335
