	SNP	FREQ
0	C_T_241	0.9987
1	A_C_696	0.9992
2	C_T_3037	0.9992
3	G_T_3871	1.0
4	T_C_3931	0.9995999999999999
5	C_CT_6696	0.0654
6	G_GT_7889	0.0149
7	C_CA_10619	0.016200000000000003
8	CT_C_11074	0.0131
9	C_CA_11812	0.0178
10	C_T_14408	0.9990000000000001
11	G_GT_15965	0.0825
12	G_GT_18368	0.0349
13	C_CT_19983	0.0138
14	G_GT_21101	0.0125
15	A_G_23403	0.9993000000000001
16	C_CA_25797	0.014199999999999999
17	C_CT_28214	0.0161
18	C_T_28977	0.9989
19	C_CA_29051	0.0242
