	SNP	FREQ
0	C_T_241	0.9992
1	A_C_696	0.9984000000000001
2	C_T_3037	1.0
3	G_T_3871	0.9987999999999999
4	T_C_3931	0.9986
5	C_CT_6696	0.0542
6	G_GT_7889	0.014499999999999999
7	C_CA_10619	0.0116
8	CT_C_11074	0.011699999999999999
9	C_CA_11812	0.0179
10	C_T_14408	0.9994
11	G_GT_15965	0.0817
12	G_GT_18368	0.0323
13	C_CT_19983	0.0105
14	G_GT_21101	0.011000000000000001
15	A_G_23403	0.9987
16	C_CT_28214	0.0123
17	C_T_28977	1.0
18	C_CA_29051	0.022400000000000003
