	SNP	FREQ
0	C_T_241	0.9998
1	G_A_1730	0.0104
2	C_T_2416	1.0
3	C_T_3037	1.0
4	C_CT_6696	0.0761
5	G_GT_7889	0.0155
6	C_CA_10619	0.0102
7	C_CT_11074	0.0121
8	C_CA_11812	0.0131
9	C_T_14408	1.0
10	T_C_15366	1.0
11	G_GT_15965	0.1207
12	G_GT_18368	0.0302
13	C_CT_19983	0.0111
14	G_GT_21101	0.0102
15	G_GT_21569	0.0131
16	A_G_23403	0.9998
17	G_T_25563	1.0
18	C_CT_28214	0.019299999999999998
19	C_CA_29051	0.029900000000000003
20	C_A_29200	0.0129
