	SNP	FREQ
0	C_T_241	0.9959
1	TA_T_646	0.0149
2	C_CT_906	0.0101
3	C_T_1059	0.9993000000000001
4	G_GA_1135	0.0113
5	T_TA_1813	0.01
6	C_T_3037	0.9989
7	C_CT_6696	0.0766
8	C_CT_11074	0.024300000000000002
9	G_GT_13459	0.013600000000000001
10	C_T_13541	0.0102
11	C_T_14408	0.9998
12	C_CT_14625	0.01
13	G_GT_15965	0.0177
14	G_GT_18368	0.0195
15	C_CT_19983	0.0276
16	G_GT_21101	0.0168
17	A_G_23403	0.9969
18	G_GT_23903	0.011399999999999999
19	C_T_24023	0.0217
20	G_GT_25555	0.0118
21	G_T_25563	0.9987
22	C_CT_25703	0.0106
23	C_CT_28214	0.0143
24	C_CA_29051	0.024700000000000003
