	SNP	FREQ
0	TA_T_646	0.0106
1	G_GA_1135	0.0106
2	C_CT_6696	0.055099999999999996
3	T_C_7261	0.012
4	G_GT_7889	0.010700000000000001
5	C_T_9510	0.5204
6	C_CT_11074	0.0255
7	C_CA_11812	0.0104
8	G_GT_15965	0.0273
9	C_T_16289	0.025099999999999997
10	G_GT_18368	0.0138
11	G_GT_19231	0.0152
12	C_CT_19983	0.0279
13	G_GT_21101	0.0125
14	C_T_21952	0.233
15	G_T_25647	0.5249
16	C_CT_28214	0.0124
17	C_CA_29051	0.0176
18	G_T_29711	1.0
