	SNP	FREQ
0	C_CT_6696	0.0276
1	C_T_8078	0.026600000000000002
2	T_C_9911	0.1589
3	C_T_10029	0.0101
4	C_CT_11074	0.0161
5	G_GT_15965	0.011399999999999999
6	G_A_19825	0.013000000000000001
7	C_CT_19983	0.0209
8	G_GT_21101	0.0113
9	G_T_26730	0.0101
10	C_T_28887	0.052199999999999996
11	C_CA_29051	0.011899999999999999
12	G_T_29711	0.9984000000000001
