	SNP	FREQ
0	C_T_241	0.9936
1	GTT_G_443	0.0196
2	T_C_474	0.0138
3	ATGGTCATGTTATGGT_A_507	0.0239
4	TA_T_646	0.0118
5	C_T_1150	0.0191
6	C_T_1519	0.0168
7	G_A_1730	0.018500000000000003
8	A_AT_2317	0.0196
9	A_G_2406	0.0108
10	T_C_2481	0.0109
11	G_T_2604	0.0126
12	G_GT_2612	0.019299999999999998
13	G_C_2809	0.0101
14	C_T_3037	0.9981
15	C_A_3604	0.0131
16	G_GT_3614	0.0121
17	GA_G_3893	0.0149
18	C_T_4248	0.011899999999999999
19	A_AT_4764	0.0196
20	T_TA_5085	0.015
21	T_G_5152	0.0102
22	T_TA_5521	0.0108
23	C_CT_6696	0.0508
24	C_CT_7125	0.0109
25	T_C_9022	0.011000000000000001
26	T_C_9199	0.0175
27	T_C_9739	0.011699999999999999
28	G_A_10046	0.0146
29	C_CT_11074	0.025099999999999997
30	C_CT_11095	0.0159
31	G_GT_11179	0.0126
32	G_GT_11521	0.0139
33	T_C_11987	0.0152
34	G_GT_13459	0.0179
35	C_T_13541	0.0127
36	C_T_14408	0.9984000000000001
37	C_CT_14625	0.0111
38	C_T_14763	0.0191
39	G_GT_15965	0.025699999999999997
40	TTCTTA_T_16306	0.019
41	GAAATT_G_17359	0.0105
42	G_T_18197	0.0167
43	TG_T_18831	0.0115
44	T_C_18853	0.0189
45	C_T_18877	0.9982
46	G_GT_19231	0.0187
47	C_CT_19983	0.051699999999999996
48	G_A_20164	0.0109
49	G_GA_20635	0.011399999999999999
50	G_GT_21101	0.0161
51	C_CA_21297	0.0102
52	A_G_21865	0.0127
53	T_C_21951	0.011399999999999999
54	GTTA_G_22158	0.012199999999999999
55	A_AT_22964	0.013300000000000001
56	A_G_23403	0.9993000000000001
57	A_AT_23786	0.015
58	C_CA_23887	0.015
59	G_GT_23903	0.0115
60	G_T_24086	0.0182
61	C_CT_24223	0.0127
62	G_A_24332	0.0105
63	TA_T_24948	0.0103
64	G_T_25563	0.9983
65	CTTA_C_27052	0.0152
66	C_CT_27219	0.0118
67	G_C_27556	0.013300000000000001
68	A_T_27976	0.011200000000000002
69	C_CT_28214	0.024399999999999998
70	G_GT_28321	0.011399999999999999
71	C_CA_28520	0.0139
72	G_A_28871	0.9978
73	C_CA_29003	0.015600000000000001
74	C_CA_29051	0.0121
75	GTA_G_29081	0.0199
76	C_CA_29114	0.023
77	A_G_29125	0.0199
78	C_T_29429	0.012199999999999999
79	G_GT_29573	0.014499999999999999
80	C_T_29659	0.016399999999999998
81	G_A_29715	0.1832
