	SNP	FREQ
0	C_CT_6696	0.0668
1	C_CT_11074	0.013500000000000002
2	G_GT_11521	0.0111
3	G_GT_13459	0.0168
4	G_GT_15965	0.0245
5	C_T_17440	0.145
6	G_GT_18368	0.0166
7	C_CT_19983	0.0382
8	G_GT_21101	0.0189
9	G_GT_21569	0.013300000000000001
10	G_GT_22583	0.0134
11	C_T_25553	0.0129
12	G_T_26063	0.011899999999999999
13	G_GT_26654	0.0118
14	G_A_27469	0.0128
15	C_CT_28214	0.01
16	C_T_28253	0.0141
17	C_CA_29051	0.028999999999999998
18	G_T_29711	1.0
