	SNP	FREQ
0	TA_T_646	0.0127
1	G_GA_1135	0.0104
2	C_CT_6696	0.0464
3	C_CT_10386	0.0101
4	C_CT_11074	0.039
5	G_GT_11521	0.0103
6	TA_T_14595	0.010700000000000001
7	G_GT_15965	0.0301
8	C_T_17440	0.19010000000000002
9	G_A_17551	0.0105
10	C_CT_19983	0.0255
11	G_GT_21101	0.0101
12	G_GT_23903	0.018500000000000003
13	C_CA_24358	0.0138
14	G_T_26063	0.0217
15	G_GT_26654	0.0105
16	G_A_27469	0.013300000000000001
17	C_CT_28214	0.0125
18	C_T_28253	0.0158
19	C_CA_29051	0.0179
20	G_T_29711	1.0
