	SNP	FREQ
0	C_T_1912	0.0332
1	C_CT_6696	0.0473
2	C_CT_11074	0.0159
3	G_GT_15965	0.0263
4	G_GT_17019	0.0102
5	G_GT_18368	0.0227
6	C_CT_19983	0.0412
7	G_GT_21101	0.0167
8	G_GT_21569	0.012
9	C_A_22571	0.0125
10	C_T_26681	0.052199999999999996
11	C_CT_28214	0.0175
12	C_CA_29051	0.024300000000000002
13	G_T_29711	0.9973000000000001
