	SNP	FREQ
0	C_T_241	0.9997
1	ATGGTCATGTTATGGT_A_507	0.012199999999999999
2	TA_T_517	0.0137
3	G_GA_1135	0.019799999999999998
4	CT_C_2790	0.0109
5	C_T_3037	0.9993000000000001
6	G_A_3638	0.015
7	C_T_5239	0.0111
8	GCTTTA_G_5816	0.015700000000000002
9	G_GT_5861	0.013300000000000001
10	T_A_5981	0.0208
11	C_CT_6696	0.0968
12	C_T_8430	0.0184
13	G_T_8853	0.0139
14	G_A_8861	0.0104
15	C_T_8888	0.0103
16	C_CT_10386	0.0187
17	C_CA_10619	0.023
18	G_GT_11521	0.0195
19	TG_T_12811	0.0106
20	G_GT_13459	0.020099999999999996
21	C_T_13541	0.0147
22	C_T_14408	1.0
23	T_C_15354	0.9983
24	G_GT_15965	0.044500000000000005
25	G_GT_18368	0.0275
26	C_T_18877	0.9991
27	G_GT_19231	0.0118
28	G_A_19957	0.017
29	C_CT_19983	0.032
30	G_GT_21101	0.0294
31	G_GT_21569	0.0127
32	C_CT_22083	0.0118
33	A_AT_22681	0.0109
34	C_T_23061	0.0206
35	A_G_23403	1.0
36	C_CA_23887	0.014199999999999999
37	G_GT_23903	0.0143
38	C_CT_24223	0.0183
39	G_T_24233	0.0104
40	T_TA_24295	0.0109
41	CA_C_24320	0.0127
42	C_CA_24358	0.0127
43	G_T_25563	0.9987
44	C_CT_25703	0.0148
45	G_GT_26493	0.016399999999999998
46	G_GT_26654	0.0169
47	G_GT_27906	0.0103
48	C_CT_28214	0.0192
49	C_T_28253	0.0101
50	G_T_28919	0.0946
51	C_CA_29051	0.0216
52	C_CA_29485	0.011000000000000001
53	C_G_29743	0.0167
