	SNP	FREQ
0	TA_T_646	0.0118
1	G_GA_1135	0.010700000000000001
2	G_A_4505	0.0116
3	G_T_6320	0.0168
4	C_T_6354	0.0102
5	C_CT_6696	0.0475
6	C_T_6706	0.016399999999999998
7	T_C_6991	0.0139
8	C_CT_7224	0.0109
9	G_GT_9355	0.012199999999999999
10	C_CT_10386	0.019299999999999998
11	CT_C_10594	0.0202
12	C_CA_10619	0.0146
13	G_GT_10664	0.0103
14	C_CT_11074	0.0177
15	G_GT_11540	0.0196
16	C_T_11575	0.0664
17	C_CA_11812	0.0273
18	G_GT_11888	0.0111
19	C_CT_13225	0.011000000000000001
20	TA_T_14595	0.015700000000000002
21	G_GT_15965	0.0241
22	G_GT_19231	0.012
23	C_CT_19983	0.0463
24	C_CA_20648	0.012199999999999999
25	G_GT_21101	0.0182
26	G_GT_25555	0.0167
27	G_GT_26493	0.012
28	C_CT_28214	0.0126
29	C_CA_29051	0.0151
30	ACGTTTTCGCTTTTC_A_29571	0.0271
31	G_T_29711	0.9994
