	SNP	FREQ
0	C_T_906	0.0102
1	G_A_1820	0.011699999999999999
2	G_A_3638	0.015700000000000002
3	G_GT_5861	0.011000000000000001
4	T_G_6007	0.0101
5	C_T_6011	0.013999999999999999
6	C_CT_6696	0.0446
7	C_T_6706	0.030299999999999997
8	G_GT_7889	0.012
9	C_CA_10301	0.0103
10	C_CT_11074	0.0213
11	C_T_11575	0.1128
12	C_CT_13225	0.0104
13	C_T_15963	0.0166
14	G_GT_15965	0.021
15	G_GT_18368	0.023399999999999997
16	G_GT_19231	0.011699999999999999
17	C_CT_19983	0.04019999999999999
18	T_C_20045	0.0102
19	G_GT_21101	0.0103
20	G_GT_21569	0.0104
21	C_T_23692	0.0102
22	G_T_24348	0.0111
23	G_GT_24570	0.013500000000000002
24	G_GT_28134	0.0101
25	C_CA_29051	0.0161
26	ACGTTTTCGCTTTTC_A_29571	0.022099999999999998
27	G_T_29711	1.0
