	SNP	FREQ
0	C_T_241	1.0
1	C_T_3037	0.998
2	C_CT_6696	0.0364
3	C_CT_11074	0.0187
4	C_T_14408	0.9989
5	T_C_15354	0.9991
6	G_GT_15965	0.0172
7	G_GT_18368	0.0143
8	C_T_18877	0.9997
9	G_GT_19231	0.011899999999999999
10	C_CT_19983	0.0297
11	G_GT_21101	0.013000000000000001
12	A_G_23403	0.9992
13	G_T_25563	0.9984999999999999
14	C_T_25703	0.0208
15	T_C_28071	0.0308
16	C_CA_29051	0.0149
