	SNP	FREQ
0	G_GA_1135	0.0124
1	A_T_5040	0.010700000000000001
2	C_CT_6696	0.061399999999999996
3	CA_C_8376	0.01
4	G_GT_8927	0.0118
5	C_T_9565	0.1509
6	C_T_10228	0.023399999999999997
7	C_CT_11074	0.0231
8	G_T_11083	0.0168
9	G_GT_15965	0.0163
10	G_GT_18368	0.0155
11	G_GT_19231	0.0172
12	C_CT_19983	0.0202
13	G_GT_21101	0.020099999999999996
14	C_CT_22062	0.0111
15	C_T_23538	0.0101
16	G_GT_26654	0.010700000000000001
17	C_CT_28214	0.0173
18	C_CA_29051	0.0116
19	G_T_29711	1.0
