	SNP	FREQ
0	C_T_241	1.0
1	C_T_1059	1.0
2	C_T_3037	1.0
3	T_C_3136	0.0118
4	C_T_3828	0.0203
5	C_CT_6696	0.0433
6	G_T_6884	0.9987
7	G_A_10046	0.012199999999999999
8	C_CT_11074	0.0134
9	G_T_11083	0.0144
10	C_T_14408	0.9998999999999999
11	G_GT_15965	0.0248
12	G_GT_18368	0.0152
13	G_GT_19231	0.0106
14	C_CT_19983	0.0166
15	A_G_20465	0.0134
16	A_G_23403	1.0
17	G_T_25563	0.9994
18	G_A_28975	0.013000000000000001
19	C_CA_29051	0.0176
20	C_T_29353	0.010700000000000001
21	G_T_29745	0.0121
