	SNP	FREQ
0	G_T_448	0.0134
1	ATGGTCATGTTATGGT_A_507	0.016399999999999998
2	G_GA_1135	0.013000000000000001
3	C_T_2836	0.0301
4	C_CT_6696	0.058899999999999994
5	T_C_7261	0.013300000000000001
6	G_GT_7889	0.0151
7	C_CA_10619	0.0105
8	C_CT_11074	0.031200000000000002
9	C_CA_11812	0.015
10	T_C_12643	0.011000000000000001
11	G_GT_15965	0.0288
12	C_T_16375	0.3664
13	T_C_17291	0.0111
14	G_GT_18368	0.0182
15	G_GT_19231	0.0165
16	C_CT_19983	0.03
17	G_A_20125	0.0154
18	G_GT_21101	0.015
19	A_G_22546	0.0148
20	G_GT_23903	0.0115
21	C_T_25777	0.011000000000000001
22	G_GT_26654	0.0127
23	C_T_27418	0.061799999999999994
24	T_C_28010	0.011699999999999999
25	C_CT_28214	0.015
26	C_CA_29051	0.0194
27	G_T_29711	0.9987
28	C_T_29754	0.0168
