	SNP	FREQ
0	A_G_28492	0.021
1	A_C_28513	0.0213
2	G_A_28526	0.0182
3	A_G_28540	0.0175
4	T_A_28570	0.019799999999999998
5	A_AT_28599	0.0203
6	A_G_28696	0.018799999999999997
7	T_C_28729	0.0184
8	T_C_28738	0.0223
9	T_C_29038	0.060700000000000004
10	C_CAA_29051	0.0664
11	C_G_29281	0.0144
