	SNP	FREQ
0	C_CT_6696	0.0646
1	C_T_8782	0.9995999999999999
2	CT_C_11074	0.011200000000000002
3	C_CA_11812	0.013300000000000001
4	G_GT_15965	0.0867
5	G_A_16381	0.9994
6	T_C_17877	0.9995
7	G_GT_18368	0.027000000000000003
8	C_T_20316	0.9995
9	G_GT_21101	0.0101
10	G_T_25500	0.9994
11	C_T_26124	0.9992
12	T_C_28144	0.9993000000000001
13	C_CT_28214	0.02
14	G_A_28878	0.9997
15	C_CA_29051	0.022099999999999998
16	G_A_29742	0.9986
