	SNP	FREQ
0	C_CT_6696	0.057800000000000004
1	C_T_8782	0.9993000000000001
2	G_A_10046	0.0132
3	C_CT_11074	0.0138
4	G_GT_15965	0.0342
5	G_A_16381	0.9998
6	T_C_17877	0.9995999999999999
7	G_GT_18368	0.0202
8	G_GT_19231	0.013600000000000001
9	C_CT_19983	0.0229
10	C_T_20316	1.0
11	G_GT_21101	0.0108
12	G_T_25500	0.9998
13	C_T_26124	0.9991
14	T_C_28144	0.9994
15	C_CT_28214	0.0128
16	G_A_28878	1.0
17	C_CA_29051	0.0217
18	G_A_29742	0.9997
