	SNP	FREQ
0	C_T_241	0.9974
1	G_GA_1135	0.0123
2	C_T_3037	0.9987999999999999
3	C_CT_6696	0.055
4	G_A_10046	0.0301
5	C_CT_11074	0.0195
6	C_T_14408	0.9989
7	G_GT_15965	0.0231
8	G_GT_18368	0.0218
9	C_T_18877	0.9954000000000001
10	G_GT_19231	0.0129
11	C_CT_19983	0.0209
12	A_G_20465	0.023799999999999998
13	G_T_20991	0.027999999999999997
14	G_GT_21101	0.015300000000000001
15	A_G_23403	0.9984000000000001
16	G_T_25563	0.9987
17	C_CA_29051	0.0165
