	SNP	FREQ
0	C_T_241	0.9987999999999999
1	C_T_3037	0.9954000000000001
2	C_CT_6696	0.0536
3	C_CT_11074	0.0181
4	C_CA_11812	0.0111
5	C_T_14408	0.9991
6	G_GT_15965	0.023399999999999997
7	G_GT_18368	0.015600000000000001
8	C_T_18877	0.9951000000000001
9	G_GT_19231	0.012
10	C_CT_19983	0.029900000000000003
11	G_T_20991	0.020099999999999996
12	G_GT_21101	0.012
13	A_G_23403	0.9961
14	G_T_25563	0.9969
15	C_CT_28214	0.0103
16	C_CA_29051	0.016200000000000003
