	SNP	FREQ
0	A_G_4838	0.9992
1	C_CT_6696	0.057699999999999994
2	T_C_7261	0.0129
3	C_T_7420	1.0
4	C_CT_10386	0.0102
5	C_CT_11074	0.018799999999999997
6	C_CA_11812	0.012199999999999999
7	C_T_14937	0.9987999999999999
8	G_GT_15965	0.021400000000000002
9	G_GT_18368	0.0139
10	G_GT_19231	0.0134
11	C_CT_19983	0.0302
12	C_T_20148	1.0
13	G_GT_21101	0.0125
14	T_C_28010	0.0102
15	C_CT_28214	0.0166
16	C_CA_29051	0.0148
17	G_T_29711	0.9995999999999999
