	SNP	FREQ
0	C_T_241	0.9981
1	C_T_3037	0.9981
2	C_CT_6696	0.07429999999999999
3	G_GT_7889	0.0111
4	A_G_7929	0.9989
5	C_T_9195	0.9975
6	C_CA_10619	0.0123
7	CT_C_11074	0.015600000000000001
8	C_T_13541	0.0103
9	C_T_14408	0.9989
10	T_C_15354	0.9975
11	G_GT_15965	0.1142
12	G_GT_18368	0.0308
13	C_T_18877	0.9961
14	A_G_23403	0.9979
15	G_T_25563	0.9974
16	C_CA_25797	0.011000000000000001
17	G_GT_26654	0.0109
18	C_T_27389	0.023399999999999997
19	C_CT_28214	0.0256
20	C_CA_29051	0.0281
