	SNP	FREQ
0	G_GT_285	0.0325
1	TA_T_646	0.014499999999999999
2	C_T_906	0.0438
3	C_CT_1093	0.0378
4	TA_T_1666	0.045
5	C_CT_1701	0.040999999999999995
6	CT_C_1722	0.0866
7	A_AT_1982	0.0541
8	G_GA_2129	0.0524
9	G_C_2144	0.0677
10	C_T_2146	0.0681
11	CT_C_2325	0.08460000000000001
12	T_C_3823	0.0213
13	G_T_4148	0.056600000000000004
14	A_T_4282	0.0785
15	A_G_4564	0.0404
16	A_G_4838	0.9994
17	C_CA_5025	0.054000000000000006
18	C_T_5178	0.0504
19	G_T_5180	0.0507
20	C_T_5585	0.0351
21	G_A_5642	0.0344
22	T_TA_5963	0.053399999999999996
23	CTA_C_6582	0.0873
24	C_CT_6696	0.1107
25	T_G_6775	0.01
26	AT_A_7032	0.0761
27	C_T_7420	0.9992
28	C_T_7703	0.057999999999999996
29	CT_C_8394	0.0371
30	T_C_8629	0.0521
31	T_C_8745	0.054299999999999994
32	G_T_8747	0.054400000000000004
33	T_G_8899	0.011000000000000001
34	G_T_9251	0.0364
35	G_GT_9575	0.0262
36	CT_C_9985	0.05
37	G_A_10550	0.0947
38	G_GT_10943	0.0762
39	C_T_11124	0.1023
40	T_A_11437	0.0674
41	G_GT_11521	0.056600000000000004
42	GTT_G_11540	0.0727
43	G_T_11804	0.057699999999999994
44	G_A_11909	0.0274
45	T_G_11918	0.0583
46	G_A_12080	0.058600000000000006
47	T_C_12169	0.031400000000000004
48	G_T_13503	0.0638
49	C_T_13541	0.049
50	TA_T_13586	0.0567
51	G_T_13960	0.023
52	T_C_13963	0.0231
53	TA_T_14595	0.0109
54	C_T_14937	0.9981
55	G_T_15327	0.0692
56	TC_T_15440	0.0218
57	G_GT_15965	0.1002
58	G_GT_17019	0.0864
59	CA_C_17044	0.1026
60	AT_A_17105	0.0212
61	T_TA_17652	0.0499
62	G_A_18007	0.0394
63	GA_G_18313	0.053099999999999994
64	A_T_18314	0.0567
65	A_T_19157	0.0545
66	TA_T_19442	0.10339999999999999
67	CAGATTGT_C_19512	0.0461
68	AT_A_19578	0.0265
69	G_T_19582	0.0252
70	A_T_19583	0.025099999999999997
71	C_CT_19983	0.1433
72	C_T_20148	1.0
73	G_GT_21101	0.0381
74	C_CA_21310	0.0666
75	ATT_A_21993	0.0433
76	G_GT_22037	0.0712
77	G_T_22141	0.0738
78	C_T_22250	0.2915
79	G_A_22541	0.06480000000000001
80	CT_C_22572	0.0716
81	TC_T_22711	0.0755
82	C_G_24213	0.6926000000000001
83	G_T_25015	0.0276
84	T_C_25017	0.027999999999999997
85	G_GT_25250	0.0703
86	G_GT_25555	0.0634
87	C_CA_25572	0.0269
88	G_T_26769	0.033
89	TG_T_26850	0.021
90	G_C_27192	0.01
91	CAT_C_27208	0.0206
92	T_TA_27299	0.037000000000000005
93	C_T_27481	0.0196
94	C_CT_27679	0.0546
95	CT_C_27765	0.0277
96	C_T_27964	0.0417
97	T_C_28010	0.0118
98	C_T_28214	0.0907
99	G_T_28975	0.029500000000000002
100	C_CA_29003	0.011000000000000001
101	T_C_29233	0.0727
102	TG_T_29261	0.07490000000000001
103	G_T_29711	1.0
104	G_T_29830	0.2484
105	T_C_29832	0.2477
