	SNP	FREQ
0	G_T_3692	1.0
1	A_G_4838	0.9994
2	C_T_6445	0.9982
3	C_CT_6696	0.0594
4	C_T_7420	0.9974
5	T_G_10372	0.2158
6	T_C_12643	0.012199999999999999
7	C_T_14937	1.0
8	G_GT_15965	0.0408
9	C_T_17734	0.0131
10	G_GT_18368	0.0253
11	G_GT_19231	0.0132
12	C_CT_19983	0.030899999999999997
13	C_T_20148	0.9987
14	G_GT_21101	0.0124
15	A_G_22678	0.0108
16	C_T_25916	0.85
17	C_G_26907	0.557
18	C_CT_28214	0.0167
19	C_CA_29051	0.022099999999999998
20	A_G_29433	0.2982
21	G_T_29711	0.9984999999999999
