	SNP	FREQ
0	G_GA_1135	0.011699999999999999
1	C_CT_6696	0.0574
2	C_T_8782	0.9987
3	C_T_8986	0.0137
4	C_T_10138	0.013000000000000001
5	C_CT_11074	0.0152
6	G_GT_15965	0.0206
7	G_A_16381	0.9994
8	T_C_17877	1.0
9	G_GT_18368	0.0265
10	G_GT_19231	0.0169
11	C_CT_19983	0.0354
12	C_T_20316	1.0
13	G_GT_21101	0.013000000000000001
14	G_T_25500	0.9991
15	G_T_26211	0.5781000000000001
16	G_GT_26493	0.0103
17	T_C_28144	0.9992
18	G_A_28878	0.9987999999999999
19	C_CA_29051	0.0265
20	G_A_29742	1.0
