	SNP	FREQ
0	GTTA_G_515	0.014199999999999999
1	A_G_994	0.9998
2	C_CT_6696	0.0373
3	C_CT_11074	0.0255
4	C_CA_11812	0.015700000000000002
5	G_A_12569	0.0104
6	G_GT_15965	0.0159
7	G_GT_18368	0.0175
8	C_CT_19983	0.0199
9	G_GT_21101	0.013000000000000001
10	G_GT_22583	0.0103
11	C_CT_24223	0.0108
12	C_A_26142	0.030299999999999997
13	C_CT_28214	0.011200000000000002
14	C_T_28657	0.0146
15	C_CA_29051	0.015300000000000001
16	G_T_29711	1.0
