	SNP	FREQ
0	C_T_241	0.9979
1	G_T_343	0.0134
2	G_GA_1135	0.0138
3	C_T_3037	0.9995
4	T_C_5785	0.0817
5	C_CT_6696	0.049800000000000004
6	C_CT_11074	0.0121
7	G_T_13571	0.019
8	C_T_14408	0.9993000000000001
9	C_T_14724	0.0236
10	G_GT_15965	0.038900000000000004
11	G_T_17523	0.0346
12	G_GT_18368	0.0191
13	C_T_18877	0.9995999999999999
14	G_GT_19231	0.0131
15	C_CT_19983	0.0167
16	A_G_23403	0.9995999999999999
17	G_T_25563	0.9989
18	C_CA_29051	0.0241
