	SNP	FREQ
0	C_T_241	0.9951000000000001
1	G_T_343	0.0158
2	TA_T_646	0.0104
3	C_T_3037	0.9994
4	T_C_5785	0.0833
5	C_CT_6696	0.056600000000000004
6	C_T_10615	0.0102
7	C_CT_11074	0.0124
8	G_T_13571	0.0199
9	C_T_14408	0.9992
10	C_T_14724	0.017
11	G_GT_15965	0.04
12	G_T_17523	0.0317
13	G_GT_18368	0.0204
14	C_T_18877	0.9978
15	G_GT_19231	0.0118
16	C_CT_19983	0.0231
17	G_GT_21101	0.0118
18	A_G_23403	0.9992
19	G_GT_23903	0.0103
20	G_T_25563	0.9994
21	C_CA_29051	0.0207
