	SNP	FREQ
0	C_T_241	1.0
1	A_C_696	0.9998
2	C_T_3037	1.0
3	G_T_3871	1.0
4	T_C_3931	0.9990000000000001
5	C_T_4226	0.9995999999999999
6	C_T_5672	0.9993000000000001
7	C_CT_6696	0.0398
8	A_C_7837	1.0
9	C_CT_11074	0.0126
10	C_T_14408	1.0
11	G_T_14490	0.0197
12	G_GT_15965	0.0189
13	G_GT_18368	0.017
14	C_CT_19983	0.0169
15	G_GT_21569	0.0104
16	C_T_21575	0.054900000000000004
17	G_T_22021	0.9967
18	A_G_23403	1.0
19	C_T_28977	1.0
20	C_CA_29051	0.0128
