	SNP	FREQ
0	C_T_241	1.0
1	C_T_1059	1.0
2	C_T_3037	1.0
3	C_CT_6696	0.058600000000000006
4	C_T_6896	0.0118
5	G_A_10046	0.0115
6	C_CT_11074	0.0118
7	C_T_14408	1.0
8	G_A_15760	1.0
9	G_GT_15965	0.026600000000000002
10	G_GT_18368	0.018000000000000002
11	C_CT_19983	0.022400000000000003
12	A_G_23403	0.9994
13	G_T_25563	1.0
14	C_CA_29051	0.019799999999999998
