	SNP	FREQ
0	C_T_241	0.9995999999999999
1	C_T_1059	1.0
2	C_T_3037	1.0
3	C_CT_6696	0.0462
4	C_T_6896	0.0139
5	G_A_10046	0.022400000000000003
6	C_CT_11074	0.0113
7	C_T_14408	0.9995
8	G_A_15760	0.9990000000000001
9	G_GT_15965	0.022799999999999997
10	G_GT_18368	0.0123
11	G_GT_19231	0.010700000000000001
12	C_CT_19983	0.0123
13	A_G_20465	0.0115
14	A_G_23403	0.9995
15	G_T_25563	1.0
16	C_CA_29051	0.0192
