	SNP	FREQ
0	C_T_241	0.9995
1	C_T_1059	1.0
2	G_GA_1135	0.0109
3	G_A_1730	0.0116
4	C_T_3037	1.0
5	C_CT_6696	0.061900000000000004
6	G_GT_7889	0.011699999999999999
7	C_CT_10386	0.0129
8	C_CT_11074	0.018799999999999997
9	C_CA_11812	0.0102
10	C_T_14408	1.0
11	G_A_15760	0.9993000000000001
12	G_GT_15965	0.0375
13	G_GT_18368	0.017
14	G_GT_19231	0.0161
15	C_CT_19983	0.0245
16	G_GT_21101	0.0126
17	A_G_23403	1.0
18	G_T_25563	0.9994
19	C_CT_28214	0.0124
20	C_CA_29051	0.0232
