	SNP	FREQ
0	G_GA_1135	0.0104
1	C_T_1645	0.051100000000000007
2	C_CT_6696	0.061
3	C_T_8782	0.9997
4	C_CT_11074	0.016399999999999998
5	C_CA_11812	0.0149
6	G_T_11966	0.10400000000000001
7	G_GT_15965	0.0429
8	C_T_17747	0.7589
9	A_G_17858	0.9998
10	C_CT_18058	0.0172
11	C_T_18060	0.4653
12	G_GT_18368	0.0225
13	G_GT_19231	0.0173
14	C_CT_19983	0.028900000000000002
15	G_GT_21101	0.0132
16	T_C_28144	0.9998999999999999
17	C_CT_28214	0.0163
18	C_CA_29051	0.026600000000000002
