	SNP	FREQ
0	C_T_241	0.9992
1	G_GA_1135	0.0132
2	C_T_3037	1.0
3	C_CT_6696	0.06509999999999999
4	CT_C_11074	0.0125
5	T_C_11075	0.016
6	C_CA_11812	0.0146
7	C_T_14408	0.9995
8	G_GT_15965	0.1091
9	A_G_17521	0.0102
10	G_GT_18368	0.0282
11	C_T_18877	0.9997
12	G_GT_21101	0.0155
13	A_G_23403	0.9990000000000001
14	G_T_25563	0.9990000000000001
15	T_A_25679	0.011200000000000002
16	C_CA_25797	0.011000000000000001
17	C_CT_28214	0.0111
18	G_A_28871	1.0
19	C_CA_29051	0.0208
