	SNP	FREQ
0	C_T_241	1.0
1	C_T_619	0.9994
2	C_T_1380	1.0
3	C_T_3037	1.0
4	C_CT_6696	0.019799999999999998
5	T_C_7513	0.9987
6	C_CT_11074	0.0118
7	C_T_14408	0.9997
8	T_C_15354	0.9993000000000001
9	C_T_18877	0.9995
10	C_CT_19983	0.0202
11	G_GT_21101	0.016200000000000003
12	A_G_23403	1.0
13	G_T_25563	1.0
