	SNP	FREQ
0	C_T_241	0.9997
1	A_C_696	0.9997
2	C_T_3037	0.9995999999999999
3	G_T_3871	0.9994
4	T_C_3931	0.9995
5	C_T_4226	0.9986
6	C_T_5672	0.9994
7	A_C_7837	0.997
8	C_T_10336	0.01
9	C_CT_11074	0.0108
10	C_T_12880	0.9987
11	C_T_14408	0.9998
12	G_T_19677	0.9995999999999999
13	C_CT_19983	0.0195
14	G_GT_21101	0.0181
15	A_G_23403	1.0
16	A_T_26126	0.0189
17	C_T_28977	0.9992
18	C_CA_29051	0.0113
