	SNP	FREQ
0	C_T_241	1.0
1	C_T_1059	0.9995999999999999
2	C_T_1471	0.9979
3	C_T_3037	1.0
4	A_G_7807	0.9992
5	C_CT_11074	0.0109
6	C_T_11916	0.9994
7	A_G_12820	0.9995999999999999
8	C_T_14408	0.9994
9	C_CT_19983	0.0179
10	G_GT_21101	0.0159
11	A_G_23403	0.9997
12	G_T_25563	0.9997
13	G_A_28361	0.020499999999999997
14	C_CA_29051	0.011200000000000002
15	C_T_29733	0.9992
