	SNP	FREQ
0	C_T_241	0.9998999999999999
1	C_T_1059	0.9997
2	C_T_3037	1.0
3	C_T_5512	0.0385
4	C_CT_6696	0.041299999999999996
5	C_T_7945	0.375
6	C_CT_11074	0.013999999999999999
7	C_T_13335	0.025
8	C_T_14407	0.9997
9	C_T_14408	0.9998
10	G_GT_15965	0.013999999999999999
11	C_T_17172	0.0121
12	C_CT_19983	0.013500000000000002
13	A_G_23403	0.9998
14	G_T_25563	0.9998
15	C_T_28312	0.0126
16	C_CA_29051	0.0169
17	G_T_29422	0.0178
18	C_T_29466	0.045899999999999996
