	SNP	FREQ
0	C_T_5826	0.9976999999999999
1	C_CT_6696	0.0184
2	G_A_7560	0.0127
3	C_T_8782	0.9994
4	C_CT_11074	0.013500000000000002
5	C_T_14265	0.0158
6	G_GT_15965	0.0126
7	C_T_16293	0.0161
8	G_A_16381	0.9995999999999999
9	C_T_16428	0.9754999999999999
10	T_C_17877	0.9997
11	G_A_20083	0.0101
12	C_T_20316	0.9990000000000001
13	G_GT_21101	0.0137
14	C_T_23188	0.1881
15	A_T_25108	0.0331
16	G_T_25500	0.9990000000000001
17	C_T_26124	0.9979
18	T_C_28144	0.9987
19	G_A_28878	0.9991
20	G_A_29742	1.0
