	SNP	FREQ
0	C_T_241	0.9995999999999999
1	C_T_1059	1.0
2	G_A_1463	0.9987999999999999
3	G_T_2305	1.0
4	C_T_3037	0.9995999999999999
5	C_CT_6696	0.0103
6	C_T_6941	0.0726
7	G_A_7557	0.9992
8	C_T_8818	0.9987999999999999
9	C_CT_11074	0.013000000000000001
10	C_T_14408	1.0
11	C_T_18377	0.9997
12	C_CT_19983	0.0149
13	G_GT_21101	0.0166
14	T_C_21616	0.2915
15	A_G_23403	1.0
16	G_T_25563	0.9991
17	C_CA_29051	0.0127
