	SNP	FREQ
0	C_T_241	0.9997
1	A_C_696	1.0
2	C_T_3037	1.0
3	G_T_3871	1.0
4	T_C_3931	1.0
5	C_T_4226	0.9995
6	C_T_5672	0.9992
7	C_CT_6696	0.010700000000000001
8	A_C_7837	1.0
9	C_T_10279	0.9997
10	C_CT_11074	0.0129
11	C_T_14408	0.9995999999999999
12	G_T_19677	0.9993000000000001
13	C_CT_19983	0.0115
14	G_A_20056	0.9991
15	G_GT_21101	0.0166
16	A_G_23403	0.9995
17	C_T_23430	0.0169
18	G_C_25423	0.196
19	C_CT_28214	0.0103
20	C_T_28977	0.9994
21	G_T_29402	0.2133
