	SNP	FREQ
0	C_T_241	1.0
1	G_T_419	0.0235
2	A_C_696	0.9995
3	C_T_3037	1.0
4	G_T_3871	1.0
5	T_C_3931	1.0
6	C_T_4226	0.9991
7	C_T_5672	1.0
8	C_CT_6696	0.0146
9	A_C_7837	0.9995
10	C_CT_11074	0.013300000000000001
11	C_T_12880	0.9992
12	C_T_14408	0.9998
13	G_T_19677	0.9995999999999999
14	C_CT_19983	0.013300000000000001
15	G_GT_21101	0.0241
16	A_G_23403	1.0
17	C_T_28977	0.9987999999999999
