	SNP	FREQ
0	C_T_241	0.9995
1	A_C_696	0.9995
2	C_T_3037	0.9995999999999999
3	G_T_3871	0.9995
4	T_C_3931	0.9995
5	C_T_4226	0.9989
6	T_C_4917	0.9978
7	C_T_5672	1.0
8	C_CT_6696	0.0165
9	A_C_7837	1.0
10	C_T_10279	0.9994
11	C_CT_11074	0.0124
12	C_T_14408	0.9995
13	G_T_19677	0.9995999999999999
14	C_CT_19983	0.0138
15	G_A_20056	0.9990000000000001
16	G_GT_21101	0.0183
17	A_G_23403	0.9998
18	C_T_28977	1.0
