	SNP	FREQ
0	C_T_241	0.9998
1	C_T_3037	1.0
2	C_CT_6696	0.037200000000000004
3	C_CT_11074	0.0127
4	G_T_11417	0.9990000000000001
5	T_C_14073	0.9998999999999999
6	C_T_14408	0.9998999999999999
7	T_C_15288	0.1707
8	G_GT_15965	0.0123
9	G_GT_18368	0.0137
10	C_CT_19983	0.024300000000000002
11	G_GT_21101	0.0108
12	A_G_23403	1.0
13	A_G_23947	0.9994
14	A_G_27338	0.9998999999999999
15	C_CA_29051	0.0158
