	SNP	FREQ
0	C_T_241	1.0
1	A_C_696	0.9984999999999999
2	C_T_3037	1.0
3	G_T_3871	0.9975
4	T_C_3931	0.9973000000000001
5	C_T_4226	0.9995999999999999
6	C_T_5672	0.9997
7	C_CT_6696	0.0101
8	A_C_7837	0.9997
9	C_T_8597	0.0735
10	C_T_10279	0.9991
11	C_T_14408	1.0
12	G_T_19677	0.9987
13	G_A_20056	1.0
14	G_GT_21101	0.0163
15	A_G_23403	1.0
16	C_T_28977	0.9991
