	SNP	FREQ
0	C_T_241	0.9997
1	C_T_1059	0.9995
2	G_A_1463	0.9992
3	G_T_2305	0.9991
4	C_T_3037	0.9991
5	C_CT_6696	0.0108
6	C_T_6941	0.3759
7	G_A_7557	1.0
8	C_T_8818	0.9995999999999999
9	C_CT_11074	0.0149
10	C_T_14408	0.9995
11	C_T_18377	0.9995
12	C_A_19951	0.036000000000000004
13	C_CT_19983	0.020099999999999996
14	G_GT_21101	0.0263
15	A_G_23403	0.9997
16	G_T_25563	0.9994
17	C_CA_29051	0.010700000000000001
