	SNP	FREQ
0	C_T_241	1.0
1	A_C_696	0.9997
2	C_T_3037	1.0
3	G_T_3871	0.9978
4	T_C_3931	0.9983
5	C_T_4226	0.9995
6	C_T_5672	0.9995
7	C_CT_6696	0.0608
8	A_C_7837	0.9995
9	G_GT_7889	0.011200000000000002
10	C_CA_11812	0.0101
11	C_T_12880	0.9974
12	C_T_14408	1.0
13	G_GT_15965	0.0668
14	G_GT_18368	0.0165
15	G_T_19677	0.9993000000000001
16	C_CT_19983	0.013999999999999999
17	A_G_23403	1.0
18	C_T_26681	0.0103
19	C_CT_28214	0.0144
20	C_T_28977	1.0
21	C_CA_29051	0.0226
22	G_T_29227	0.0453
