	SNP	FREQ
0	C_T_241	0.9997
1	A_C_696	0.9998999999999999
2	C_T_3037	1.0
3	G_T_3871	1.0
4	T_C_3931	1.0
5	C_T_4226	0.9990000000000001
6	C_T_5672	0.9993000000000001
7	C_CT_6696	0.0104
8	A_C_7837	0.9986
9	C_CT_11074	0.013000000000000001
10	C_T_12880	0.9995
11	C_T_14408	0.9995
12	G_T_19677	0.9994
13	C_CT_19983	0.0178
14	G_GT_21101	0.012199999999999999
15	A_G_23403	1.0
16	C_T_28977	0.9995
17	G_T_29227	0.049100000000000005
