	SNP	FREQ
0	C_T_241	0.9998
1	C_T_619	0.9986
2	C_T_1380	0.9976
3	G_A_1730	0.011699999999999999
4	C_T_3037	1.0
5	C_CT_6696	0.0125
6	T_C_7513	1.0
7	C_CT_11074	0.0113
8	C_T_14408	1.0
9	T_C_15354	0.9928
10	C_T_17288	0.0225
11	C_T_18877	0.9982
12	C_CT_19983	0.023700000000000002
13	G_GT_21101	0.0365
14	T_C_21601	0.0369
15	A_G_23403	0.9998
16	C_CA_24358	0.0109
17	G_T_25563	0.9997
18	C_CT_28214	0.012
19	C_T_28377	0.013500000000000002
20	C_CA_29051	0.012199999999999999
