	SNP	FREQ
0	C_T_241	0.9993000000000001
1	G_A_2549	0.9992
2	C_T_3037	1.0
3	C_CT_6696	0.0141
4	C_T_9448	0.9995999999999999
5	C_T_10815	1.0
6	C_CT_11074	0.0129
7	C_T_14408	0.9998
8	C_T_14599	0.4996
9	G_T_15732	0.9981
10	T_C_19143	1.0
11	C_T_19806	0.9987999999999999
12	C_G_19970	0.0102
13	C_CT_19983	0.0132
14	A_G_20268	0.9993000000000001
15	G_GT_21101	0.021099999999999997
16	A_G_23403	1.0
17	C_CA_29051	0.0106
18	C_T_29614	0.9993000000000001
