	SNP	FREQ
0	TA_T_646	0.0144
1	T_TA_1813	0.0103
2	G_GT_5861	0.0128
3	A_G_6015	0.17149999999999999
4	C_CT_6696	0.0688
5	G_GT_7889	0.0148
6	C_T_8782	0.9994
7	C_CT_10386	0.013000000000000001
8	C_CT_11074	0.025099999999999997
9	C_CA_11812	0.014199999999999999
10	C_T_13225	0.0109
11	G_GT_13459	0.011699999999999999
12	G_GT_15965	0.024900000000000002
13	G_A_16381	0.9995
14	G_GT_17019	0.010700000000000001
15	T_C_17877	0.9995999999999999
16	G_GT_18368	0.0141
17	G_GT_19231	0.0121
18	T_C_19982	0.014499999999999999
19	C_CT_19983	0.0274
20	C_T_20316	1.0
21	G_GT_21101	0.020099999999999996
22	G_T_25500	0.9991
23	G_T_26211	0.4729
24	G_GT_26654	0.0125
25	G_GT_28134	0.0104
26	T_C_28144	0.9997
27	C_CT_28214	0.0131
28	G_A_28878	0.9995999999999999
29	C_CA_29051	0.021
30	G_A_29742	1.0
