	SNP	FREQ_index	FREQ_contact	total_reads_contact	variant_reads_contact
0	CHRSTART-orf1ab_83:T>C_intergenic-region_none	0.29545	0.0	4414.0	0.0
1	CHR_START-orf1ab_241:C>T__intergenic-region	0.9677	0.9902	4448.0	4403.5
2	orf1ab_7128:G>A_Cys2288Tyr_missense	0.0945	0.0	1094.0	0.0
3	orf1ab_10874:A>G_Asn3537Asp_missense	0.40715	0.0	3247.0	0.0
4	orf1ab_12525:C>T_Thr4087Ile_missense	0.0544	0.0	6143.5	0.0
5	orf1ab_15141:C>A_Thr4959Thr_synonymous	0.0309	0.0	1270.5	0.0
6	orf1ab_15366:T>C_His5034His_synonymous	0.9426	0.99125	5417.5	5369.0
7	S_23403:A>G_As14Gly_missense	0.9462	0.99275	6065.5	6020.5
8	N_29077:C>T_Tyr268Tyr_synonymous	0.06565	0.0	5057.0	0.0
9	ORF10_29627:C>T_Arg24Cys_missense	0.043300000000000005	0.0	2232.0	0.0
