	SNP	WI_percent	WA_percent	%
0	ACGGTTTCGTCCGT_A_196	0.9886	0.9693	0.97895
1	C_T_241	0.9901	0.9998	0.99495
2	C_T_3037	0.9786	1.0	0.9893000000000001
3	C_T_6500	0.9913	0.9993	0.9953
4	C_CT_6696	0.0108	0.011200000000000002	0.011000000000000001
5	C_T_14408	0.9809	1.0	0.99045
6	C_T_15024	0.0139	0.0146	0.014249999999999999
10	C_CT_19983	0.0149	0.0137	0.0143
11	A_G_20268	0.932	1.0	0.966
12	A_G_23403	0.9823	0.9998	0.99105
13	C_T_27577	0.9499	0.9994	0.97465
14	C_T_28854	0.9364	1.0	0.9682
