	SNP	WI_percent	WA_percent	%
0	ACGGTTTCGTCCGT_A_196	0.4813	0.9905	0.7359
1	C_T_241	0.4855	1.0	0.74275
7	C_T_3037	0.6278	1.0	0.8139000000000001
8	C_T_6500	0.9917	0.9996	0.99565
9	C_CT_6696	0.0855	0.0892	0.08735000000000001
10	A_T_7383	0.0118	0.0833	0.04755
11	G_A_7388	0.012	0.0848	0.0484
12	G_GT_7889	0.0166	0.017	0.016800000000000002
14	C_CT_10386	0.0143	0.016	0.01515
17	C_CA_10619	0.0177	0.0219	0.019799999999999998
18	C_CT_11095	0.0145	0.0169	0.0157
19	C_CA_11812	0.0219	0.0242	0.02305
20	G_GT_13459	0.0118	0.0152	0.0135
21	C_T_13541	0.0146	0.0139	0.014249999999999999
22	C_T_14408	0.9654	1.0	0.9827
23	C_T_15024	0.0127	0.0119	0.0123
33	G_GT_15965	0.0301	0.029900000000000006	0.030000000000000002
34	G_GT_18368	0.0176	0.0173	0.01745
35	C_CT_19983	0.0385	0.0391	0.0388
38	A_G_23403	0.9871	0.9995	0.9933000000000001
40	C_CA_24358	0.0148	0.0171	0.01595
42	C_CA_25797	0.0126	0.0146	0.013600000000000001
44	G_GT_26654	0.0151	0.0145	0.0148
46	C_T_27577	0.8896	0.9802	0.9349
47	C_CT_28214	0.0268	0.026	0.0264
48	C_T_28854	0.9571	1.0	0.97855
