	SNP	WI_percent	WA_percent	%
1	ACGGTTTCGTCCGT_A_196	0.9904	0.965	0.9777
2	C_T_241	0.991	0.9996	0.9953000000000001
3	C_T_2939	0.9769	0.9997	0.9883
4	C_T_3037	0.9772	0.9997	0.98845
5	C_T_6138	0.0392	0.0367	0.03795
6	C_T_6500	0.991	0.9994	0.9952
7	C_CT_6696	0.0102	0.011	0.0106
8	A_G_9328	0.1089	0.1109	0.1099
9	C_T_14408	0.9848	0.9997	0.9922500000000001
12	C_CT_19983	0.0148	0.012	0.0134
13	A_G_20268	0.9348	1.0	0.9674
14	A_G_23403	0.9836	0.9997	0.99165
16	C_T_27577	0.9478	0.9987	0.97325
17	C_T_28854	0.9307	1.0	0.9653499999999999
19	G_C_29734	0.0404	0.0366	0.0385
