	SNP	WI_percent	WA_percent	%
3	ACGGTTTCGTCCGT_A_196	0.9883	0.9598	0.97405
4	C_T_241	0.9886	0.9995	0.9940500000000001
5	C_T_2939	0.9681	0.9993	0.9837
6	C_T_3037	0.9669	1.0	0.9834499999999999
7	C_T_6500	0.9903	0.9989	0.9945999999999999
8	C_T_14408	0.9807	0.9995	0.9901
12	C_CT_19983	0.0119	0.0141	0.013000000000000001
13	A_G_20268	0.94	0.9994	0.9697
14	A_G_23403	0.9854	0.9996	0.9925
15	C_T_27577	0.9542	0.9995	0.97685
16	C_T_28854	0.9434	0.9995	0.97145
