	SNP	WI_percent	WA_percent	%
0	ACGGTTTCGTCCGT_A_196	0.9881	0.9602	0.9741500000000001
1	C_T_241	0.9907	0.9998	0.99525
2	C_T_2939	0.9620000000000001	0.9963	0.97915
3	C_T_3037	0.9648	1.0	0.9823999999999999
4	C_T_6500	0.9839	0.9945	0.9892000000000001
5	C_CT_6696	0.0104	0.0119	0.01115
6	C_T_7518	0.0444	0.044500000000000005	0.04445
7	C_T_14408	0.977	0.9996	0.9883
8	G_A_15025	0.0234	0.0241	0.02375
12	C_CT_19983	0.0142	0.0143	0.01425
13	A_G_20268	0.9329999999999999	0.9986	0.9658
14	G_T_22727	0.0498	0.0531	0.051449999999999996
15	A_G_23403	0.9828	1.0	0.9914000000000001
16	C_T_27577	0.945	0.9951	0.97005
17	C_T_27697	0.0374	0.029900000000000006	0.033650000000000006
18	C_T_28854	0.9307	0.9979	0.9642999999999999
