	SNP	WI_percent	WA_percent	%
0	ACGGTTTCGTCCGT_A_196	0.6667	0.9914	0.82905
1	C_T_241	0.6754	1.0	0.8377
3	C_T_2939	0.8279	0.9903	0.9091
4	C_T_3037	0.8381	1.0	0.9190499999999999
6	C_T_6500	0.9901	0.9953	0.9926999999999999
7	C_CT_6696	0.0601	0.059	0.05955
8	C_T_7518	0.0475	0.0455	0.0465
12	C_CA_11812	0.015	0.0179	0.01645
13	C_T_14408	0.9858	0.9998	0.9928
14	G_A_15025	0.0224	0.0258	0.0241
25	G_GT_15965	0.0232	0.0252	0.0242
27	G_GT_18368	0.016	0.0159	0.01595
28	C_CT_19983	0.0317	0.0287	0.030199999999999998
31	A_G_20268	0.7457	0.9942	0.86995
32	G_T_22727	0.0446	0.0424	0.0435
33	A_G_23403	0.993	0.9998	0.9964
34	C_CA_24358	0.0112	0.0101	0.01065
49	C_CT_28214	0.0157	0.0158	0.01575
50	C_T_28854	0.9817	0.9964	0.98905
