	SNP	WI_percent	WA_percent	%
0	C_T_241	0.9824	0.9981	0.9902500000000001
2	G_GA_1135	0.022000000000000002	0.022	0.022
4	C_T_3037	0.9767	0.999	0.98785
5	G_T_3871	0.961	1.0	0.9804999999999999
6	C_CT_6696	0.0655	0.0695	0.0675
8	G_GT_7889	0.0152	0.0172	0.0162
9	G_C_9053	0.9771	0.9991	0.9881
11	C_T_14408	0.9848	1.0	0.9924
15	G_GT_15965	0.0622	0.0621	0.06215
16	G_GT_18368	0.0577	0.059	0.05835
17	C_CT_19983	0.0133	0.0131	0.0132
18	G_GT_20908	0.0105	0.011	0.01075
19	A_G_23403	0.9818	1.0	0.9909
21	G_GA_28048	0.0115	0.0111	0.011300000000000001
24	T_C_29008	0.9767	0.9993	0.988
25	T_C_29590	0.0353	0.0342	0.03475
