	SNP	WI_percent	WA_percent	%
0	ACGGTTTCGTCCGT_A_196	0.9925	0.9712	0.98185
1	C_T_241	0.9927	0.9995	0.9961
3	C_T_2939	0.9832	1.0	0.9916
4	C_T_3037	0.9811	0.9995	0.9903
5	C_T_6500	0.9911	0.9994	0.99525
7	C_T_14408	0.9821	0.9999	0.991
11	C_CT_19983	0.0142	0.013	0.013600000000000001
12	A_G_20268	0.9156	1.0	0.9578
13	C_T_21897	0.0807	0.0912	0.08595
14	A_G_23403	0.9762	1.0	0.9881
15	C_T_27577	0.9279999999999999	1.0	0.964
16	C_CT_28214	0.0111	0.011200000000000002	0.01115
17	C_T_28854	0.8578	0.999	0.9284
