	SNP	WI_percent	WA_percent	%
0	ACGGTTTCGTCCGT_A_196	0.9918	0.99	0.9909
1	C_T_241	0.9915	0.9993	0.9954000000000001
2	C_T_2939	0.9845	0.9997	0.9921
3	C_T_3037	0.9828	1.0	0.9914000000000001
4	C_T_6500	0.9932	0.9992	0.9962
5	C_CT_6696	0.053	0.0541	0.05355
9	C_T_14408	0.9924	1.0	0.9962
18	G_GT_15965	0.0271	0.0258	0.02645
19	G_GT_18368	0.0158	0.0163	0.016050000000000002
20	C_CT_19983	0.0238	0.0257	0.02475
23	A_G_20268	0.9731	0.9993	0.9862
24	C_T_21897	0.083	0.0892	0.08610000000000001
41	A_G_23403	0.991	0.9994	0.9952
42	C_T_26885	0.0148	0.0145	0.01465
43	C_T_27577	0.9855	1.0	0.99275
44	C_T_28854	0.9976	0.9994	0.9984999999999999
