	SNP	WI_percent	WA_percent	%
0	ACGGTTTCGTCCGT_A_196	0.9945	0.9728	0.98365
1	C_T_241	0.9945	0.9998	0.99715
2	C_T_2939	0.9887	0.9977	0.9932000000000001
3	C_T_3037	0.9911	1.0	0.9955499999999999
4	C_T_6500	0.9956	0.9993	0.99745
5	C_CT_6696	0.0125	0.0141	0.0133
6	C_T_14408	0.9906	0.9998	0.9952000000000001
11	C_CT_19983	0.0159	0.016	0.01595
12	A_G_20268	0.9613	0.9989	0.9801
13	A_G_23403	0.9915	1.0	0.99575
14	C_T_27577	0.9686	1.0	0.9843
15	C_CT_28214	0.0109	0.0104	0.01065
16	C_T_28854	0.9621	0.9991	0.9805999999999999
