	SNP	WI_percent	WA_percent	%
0	ACGGTTTCGTCCGT_A_196	0.9918	0.9881	0.98995
1	C_T_241	0.9921	1.0	0.99605
2	G_GA_1135	0.0111	0.0103	0.010700000000000001
3	C_T_2939	0.986	0.9996	0.9928
4	C_T_3037	0.9847	1.0	0.9923500000000001
5	C_T_6500	0.9952	0.9996	0.9974000000000001
6	C_CT_6696	0.0661	0.0649	0.0655
8	C_CT_10386	0.0129	0.0126	0.012750000000000001
10	C_CA_11812	0.0191	0.019	0.019049999999999997
11	G_GT_13459	0.0104	0.0117	0.01105
12	C_T_13541	0.0128	0.0142	0.013500000000000002
13	C_T_14408	0.9897	0.9998	0.99475
24	G_GT_15965	0.0288	0.0289	0.02885
25	G_GT_18368	0.0172	0.0161	0.016649999999999998
27	C_CT_19983	0.0246	0.0265	0.02555
29	A_G_20268	0.9668	0.9988	0.9828
30	A_G_23403	0.9919	0.9997	0.9958
31	C_T_27577	0.9811	1.0	0.99055
33	C_CT_28214	0.0136	0.0142	0.0139
35	C_T_28854	0.9940000000000001	0.9983	0.9961500000000001
