	SNP	WI_percent	WA_percent	%
0	C_T_241	0.9875	1.0	0.99375
1	A_C_696	0.9938	0.9997	0.99675
2	C_T_3037	0.9891	0.9997	0.9944
3	G_T_3871	0.9797	1.0	0.98985
4	T_C_3931	0.9803	1.0	0.99015
5	C_T_4226	0.99	0.9998	0.9949
6	C_T_5672	0.9884	0.9997	0.99405
7	A_C_7837	0.9772	0.9991	0.98815
8	C_T_14408	0.9858	0.9996	0.9927
13	G_T_19677	0.9774	0.9995	0.98845
16	A_G_23403	0.9852	1.0	0.9925999999999999
17	C_T_28977	0.961	0.9984	0.9797
