	SNP	WI_percent	WA_percent	%
0	C_T_241	0.9922	0.9986	0.9954000000000001
1	ATGGTCATGTTATGGT_A_507	0.0152	0.0111	0.01315
2	TATG_T_517	0.0172	0.0104	0.0138
4	G_GA_1135	0.0124	0.0125	0.01245
7	C_T_3037	0.9919	1.0	0.99595
8	C_CT_6696	0.0694	0.07139999999999999	0.07039999999999999
9	A_AT_6930	0.011000000000000001	0.0122	0.011600000000000001
11	C_CA_8376	0.0137	0.0128	0.013250000000000001
14	G_T_11417	0.993	0.9992	0.9961
15	C_CA_11812	0.0161	0.0161	0.0161
16	T_C_14073	0.9964	1.0	0.9982
17	C_T_14408	0.992	1.0	0.996
23	G_GT_15965	0.0454	0.0455	0.045450000000000004
25	G_GT_18368	0.0276	0.0294	0.028499999999999998
26	C_CT_19983	0.0265	0.0264	0.02645
30	A_G_23403	0.9945	0.9991	0.9968
31	G_GT_23903	0.0101	0.0113	0.0107
32	A_G_23947	0.9955	1.0	0.99775
34	C_T_25777	0.0148	0.0143	0.01455
35	T_C_27348	0.9988	0.9987	0.99875
37	C_CT_28214	0.018000000000000002	0.0166	0.017300000000000003
