	SNP	WI_percent	WA_percent	%
0	C_T_241	0.9858	0.9993	0.99255
1	ATGGTCATGTTATGGT_A_507	0.0201	0.01	0.015050000000000001
2	TATG_T_517	0.0218	0.0177	0.01975
4	G_GA_1135	0.0163	0.0161	0.0162
5	C_T_3037	0.9847	1.0	0.9923500000000001
7	C_CT_6696	0.0744	0.0781	0.07625
8	G_GT_7889	0.0145	0.013	0.01375
10	C_CA_10619	0.0112	0.0104	0.0108
12	G_T_11417	0.9877	0.9985	0.9931000000000001
13	C_CA_11812	0.0158	0.0151	0.015450000000000002
14	G_GT_13459	0.0103	0.0107	0.010499999999999999
15	T_C_14073	0.9936	0.9996	0.9966
16	C_T_14408	0.9876	1.0	0.9938
20	G_GT_15965	0.0467	0.0483	0.0475
21	G_GT_18368	0.033	0.0301	0.03155
22	C_CT_19983	0.0232	0.0256	0.024399999999999998
24	G_GT_21569	0.0116	0.0128	0.012199999999999999
25	A_G_23403	0.9862	1.0	0.9931
26	G_GT_23903	0.0122	0.0114	0.011800000000000001
27	A_G_23947	0.9903	1.0	0.99515
30	T_C_27348	0.9938	1.0	0.9969
31	C_CT_28214	0.0165	0.015	0.01575
