	SNP	WI_percent	WA_percent	%
0	C_T_241	0.9804	0.9995	0.9899500000000001
1	C_T_1059	0.9595	0.9995	0.9795
2	C_T_3037	0.9655	1.0	0.98275
3	C_T_5339	0.9745	0.9978	0.9861500000000001
6	C_CT_6696	0.0159	0.0181	0.017
7	C_T_7182	0.0132	0.0156	0.0144
8	C_T_8140	0.9615	0.9903	0.9759
9	C_T_8208	0.9599	0.9895	0.9747
10	G_T_8853	0.0106	0.0108	0.010700000000000001
11	C_CA_11812	0.0118	0.012	0.0119
12	C_T_14408	0.9653	0.9998	0.98255
18	C_T_16260	0.9501	0.9978	0.97395
20	C_CT_19983	0.0116	0.0123	0.011949999999999999
21	A_G_23403	0.9737	0.9998	0.98675
22	G_T_25440	0.9696	0.9997	0.98465
23	G_T_25563	0.9725	0.9997	0.9861
24	C_CA_25797	0.0103	0.0119	0.0111
25	C_T_26060	0.0138	0.014	0.0139
27	C_CT_28214	0.0187	0.0175	0.0181
28	C_A_28821	0.9767	0.999	0.98785
