	SNP	WI_percent	WA_percent	%
0	C_T_241	0.9925	1.0	0.9962500000000001
1	C_T_1059	0.9899	0.999	0.9944500000000001
2	C_T_3037	0.9915	1.0	0.99575
3	T_C_14191	0.9913	0.9995	0.9954000000000001
4	C_T_14408	0.9916	0.9998	0.9957
10	C_T_16260	0.99	0.9997	0.99485
11	A_G_23403	0.9898	0.9998	0.9948
12	A_T_24253	0.9867	0.9987	0.9927
13	G_T_25563	0.9886	0.9998	0.9942
14	C_A_28821	0.9708	1.0	0.9854
15	C_T_29627	0.9965	0.9992	0.99785
