	SNP	WI_percent	WA_percent	%
0	C_T_241	0.9932	0.9997	0.9964500000000001
2	C_T_3037	0.9797	1.0	0.98985
3	C_CT_6696	0.0118	0.013500000000000002	0.012650000000000002
4	G_T_11417	0.9675	0.9986	0.98305
5	T_C_14073	0.9656	0.9778	0.9717
6	C_T_14408	0.9796	0.9995	0.98955
11	C_CT_19983	0.0172	0.0191	0.01815
13	A_G_23403	0.9849	0.9995	0.9922
14	A_G_23947	0.9679	0.9872	0.9775499999999999
15	G_T_29254	0.9919	0.9995	0.9957
