	SNP	WI_percent	WA_percent	%
0	C_T_241	0.9884	1.0	0.9942
1	G_GA_1135	0.0119	0.0114	0.01165
2	C_T_3037	0.981	1.0	0.9904999999999999
3	C_CT_6696	0.0535	0.0546	0.05405
4	G_T_11417	0.9837	0.999	0.99135
5	T_C_14073	0.9875	0.9995	0.9935
6	C_T_14408	0.9832	1.0	0.9916
14	G_GT_15965	0.0243	0.0235	0.023899999999999998
15	G_GT_18368	0.0197	0.0183	0.019
16	C_CT_19983	0.0249	0.024	0.02445
20	A_G_23403	0.9758	0.9996	0.9877
21	A_G_23947	0.9769	0.9984	0.9876499999999999
23	G_T_29254	0.9971	0.9987	0.9979
