	SNP	WI_percent	WA_percent	%
0	C_T_241	0.9915	0.9996	0.99555
2	C_T_3037	0.9881	0.9993	0.9937
3	C_T_4901	0.0715	0.0758	0.07365
4	C_CT_6696	0.0612	0.0581	0.059649999999999995
5	C_CA_10619	0.0127	0.0124	0.012549999999999999
6	C_T_14408	0.9896	0.9993	0.9944500000000001
11	G_GT_15965	0.0914	0.0914	0.0914
12	G_GT_18368	0.0304	0.0294	0.0299
13	C_T_18877	0.9883	0.9994	0.9938499999999999
15	A_G_23403	0.99	0.9995	0.99475
16	A_G_24862	0.9916	0.9978	0.9947
17	G_T_25563	0.9909	0.999	0.99495
19	C_CT_28214	0.0169	0.0175	0.0172
20	A_T_29731	0.9946	0.9984	0.9964999999999999
