	SNP	WI_percent	WA_percent	%
0	C_T_241	0.9773	0.9995	0.9884
1	ATGGTCATGTTATGGT_A_507	0.0115	0.011	0.01125
4	C_T_1059	0.9858	0.9996	0.9927
5	G_GA_1135	0.0118	0.0124	0.0121
7	C_T_3037	0.9801	0.9996	0.98985
8	C_T_4633	0.0184	0.0183	0.018349999999999998
10	C_CT_6696	0.0837	0.08810000000000001	0.0859
11	G_T_6884	0.9616	0.9949	0.9782500000000001
12	A_T_7870	0.0106	0.0106	0.0106
13	G_GT_7889	0.0106	0.011200000000000002	0.0109
16	C_CA_10619	0.0181	0.0176	0.01785
18	C_CA_11812	0.0193	0.0204	0.01985
19	C_T_14408	0.9668	0.9995	0.98315
23	G_GT_15965	0.0718	0.0742	0.07300000000000001
24	G_GT_17019	0.0108	0.0124	0.0116
25	G_GT_18368	0.0396	0.0392	0.039400000000000004
26	C_CT_19983	0.0224	0.0213	0.02185
27	A_G_20533	0.0153	0.016	0.01565
28	C_T_21005	0.0165	0.0177	0.0171
30	A_G_23403	0.9853	0.9979	0.9916
32	G_T_25563	0.9901	1.0	0.99505
33	C_CA_25797	0.0146	0.0146	0.0146
36	C_CT_28214	0.0173	0.0163	0.0168
