	SNP	WI_percent	WA_percent	%
0	C_T_241	0.9874	0.9987	0.99305
2	C_T_1059	0.9854	0.9984	0.9919
3	G_GA_1135	0.0128	0.0125	0.012650000000000002
4	C_T_3037	0.9763	0.9983	0.9873
5	C_T_4633	0.0116	0.0108	0.0112
6	C_CT_6696	0.0822	0.0821	0.08215
7	G_T_6884	0.9721	0.9989	0.9855
8	A_T_7870	0.0149	0.0158	0.01535
9	G_GT_8927	0.0102	0.0102	0.0102
13	C_CA_10619	0.0166	0.017	0.016800000000000002
14	C_CA_11812	0.0162	0.0161	0.016149999999999998
15	C_T_14408	0.9879	0.9993	0.9936
18	G_GT_15965	0.0706	0.068	0.0693
20	G_GT_18368	0.034	0.033	0.0335
22	C_CT_19983	0.022000000000000002	0.0248	0.0234
23	TTTTGAA_T_20406	0.0131	0.0116	0.01235
24	A_G_20533	0.0161	0.0144	0.01525
25	C_T_21005	0.015	0.0138	0.0144
26	A_G_23403	0.9901	0.999	0.99455
28	C_CT_24223	0.0115	0.0101	0.0108
29	G_T_25563	0.9916	1.0	0.9958
30	C_CA_25797	0.0129	0.0137	0.0133
31	G_GT_26654	0.0144	0.013500000000000002	0.01395
34	C_CT_27175	0.019	0.0186	0.018799999999999997
36	G_T_27706	0.0155	0.0171	0.016300000000000002
37	C_CT_28214	0.026000000000000002	0.0273	0.02665
