	SNP	WI_percent	WA_percent	%
0	C_T_241	0.9851	1.0	0.99255
1	C_T_906	0.0125	0.0127	0.0126
2	C_T_1059	0.9872	0.998	0.9925999999999999
3	G_GA_1135	0.016	0.015700000000000002	0.015850000000000003
4	G_A_1730	0.0138	0.014	0.0139
5	C_T_3037	0.986	1.0	0.993
7	C_CT_6696	0.0941	0.097	0.09555
8	G_T_6884	0.9819	0.9996	0.99075
9	G_GT_7889	0.0167	0.0167	0.0167
10	CA_C_8376	0.0122	0.0128	0.0125
11	C_A_10619	0.0193	0.0198	0.01955
13	C_CA_11812	0.0161	0.0166	0.01635
14	C_T_14408	0.9938	1.0	0.9969
18	TG_T_15964	0.0108	0.0111	0.010950000000000001
20	G_GT_15965	0.139	0.1417	0.14035
21	C_T_17172	0.0106	0.0102	0.0104
22	G_GT_18368	0.0446	0.0434	0.044
23	C_CT_19983	0.0126	0.0151	0.013850000000000001
25	A_G_23403	0.9915	1.0	0.99575
26	C_CT_24223	0.0148	0.014	0.0144
27	G_T_25563	0.9938	1.0	0.9969
28	C_CA_25797	0.0103	0.0121	0.0112
29	G_GT_26654	0.0124	0.0127	0.012549999999999999
31	C_CT_28214	0.0351	0.0341	0.0346
