	SNP	WI_percent	WA_percent	%
0	C_T_241	0.9842	1.0	0.9921
1	C_T_906	0.0134	0.0144	0.0139
2	C_T_1059	0.9882	0.9985	0.99335
3	G_GA_1135	0.0118	0.0119	0.01185
4	G_A_1730	0.0129	0.0138	0.01335
5	C_T_3037	0.9842	1.0	0.9921
6	G_GT_5861	0.0103	0.0108	0.01055
8	C_CT_6696	0.0921	0.0907	0.09140000000000001
9	G_T_6884	0.9824	1.0	0.9912000000000001
10	G_GT_7889	0.0153	0.0149	0.015099999999999999
13	C_CA_10619	0.0178	0.0171	0.01745
14	C_CA_11812	0.0205	0.0211	0.0208
15	C_T_14408	0.9933	1.0	0.99665
21	TG_T_15964	0.0113	0.0119	0.0116
23	G_GT_15965	0.1394	0.1444	0.1419
24	C_T_17172	0.0106	0.0108	0.010700000000000001
25	G_GT_18368	0.0487	0.0485	0.048600000000000004
26	C_CT_19983	0.0135	0.0148	0.01415
28	A_G_23403	0.9893	0.9996	0.9944500000000001
29	G_GT_23903	0.012	0.0137	0.01285
30	C_CT_24223	0.0211	0.0197	0.0204
31	G_T_25563	0.9928	1.0	0.9964
33	C_CT_28214	0.0341	0.031400000000000004	0.03275
