	SNP	WI_percent	WA_percent	%
0	G_GA_1135	0.0127	0.012	0.01235
3	C_CT_6696	0.0592	0.0588	0.059
4	C_T_9510	0.4898	0.4952	0.4925
5	G_GT_13459	0.0108	0.011	0.0109
13	G_GT_15965	0.0348	0.0346	0.034699999999999995
14	C_T_16289	0.0211	0.0227	0.021900000000000003
15	G_GT_18368	0.0213	0.0191	0.0202
16	C_CT_19983	0.031	0.034	0.0325
17	C_T_21952	0.2234	0.2239	0.22365
18	G_GT_23903	0.0113	0.0131	0.012199999999999999
19	C_CT_28214	0.0139	0.0139	0.0139
20	G_T_29711	0.9961	0.9995	0.9978
