	SNP	WI_percent	WA_percent	%
0	C_CT_6696	0.0262	0.0276	0.0269
1	C_T_8078	0.0264	0.0266	0.0265
2	T_C_9911	0.1505	0.1589	0.1547
12	G_GT_15965	0.0117	0.0114	0.011550000000000001
14	G_A_19825	0.0142	0.013	0.013600000000000001
15	C_CT_19983	0.0206	0.0209	0.020749999999999998
21	G_T_26730	0.0109	0.0101	0.010499999999999999
22	C_T_28887	0.0571	0.0522	0.054650000000000004
23	G_T_29711	0.9762	0.9984	0.9873
