	SNP	WI_percent	WA_percent	%
0	C_CT_6696	0.0628	0.0668	0.0648
1	G_GT_11521	0.0103	0.0111	0.010700000000000001
2	G_GT_13459	0.0167	0.0168	0.01675
14	G_GT_15965	0.0245	0.0245	0.0245
15	G_GT_18368	0.0143	0.0166	0.01545
16	C_CT_19983	0.0305	0.0382	0.03435
23	G_GT_22583	0.0103	0.0134	0.01185
24	G_T_26063	0.013999999999999999	0.0119	0.01295
25	G_GT_26654	0.0142	0.0118	0.013000000000000001
26	C_CT_28214	0.0148	0.01	0.012400000000000001
27	C_T_28253	0.0134	0.0141	0.01375
28	G_T_29711	1.0	1.0	1.0
