	SNP	WI_percent	WA_percent	%
2	C_T_1912	0.0346	0.0332	0.0339
3	C_CT_6696	0.0501	0.0473	0.0487
15	G_GT_15965	0.0267	0.0263	0.026500000000000003
16	G_GT_18368	0.0225	0.0227	0.022600000000000002
17	C_CT_19983	0.0362	0.0412	0.0387
18	C_A_22571	0.0131	0.0125	0.0128
20	C_T_26681	0.0508	0.0522	0.051500000000000004
22	C_CT_28214	0.0203	0.0175	0.0189
23	G_T_29711	0.9955	0.9973	0.9964
