	SNP	WI_percent	WA_percent	%
2	G_A_3582	0.0353	0.0372	0.03625
3	C_CT_6696	0.0443	0.048	0.04615
10	C_T_12923	0.064	0.0691	0.06655
18	G_GT_15965	0.0145	0.0138	0.01415
19	C_T_17249	0.0217	0.019	0.02035
28	C_CT_28214	0.0121	0.0109	0.0115
29	C_T_28253	0.0156	0.0149	0.01525
41	G_T_29711	0.9704	0.9825	0.97645
