	SNP	WI_percent	WA_percent	%
0	C_T_241	0.9397	0.9997	0.9697
1	ATGGTCATGTTATGGT_A_507	0.0151	0.0122	0.01365
2	TA_T_517	0.0111	0.0137	0.012400000000000001
4	G_GA_1135	0.0189	0.0198	0.01935
5	C_T_3037	0.8642	0.9993	0.93175
6	G_A_3638	0.0136	0.015	0.0143
7	GCTTTA_G_5816	0.0131	0.015700000000000002	0.014400000000000001
8	G_GT_5861	0.0131	0.0133	0.0132
12	T_A_5981	0.0188	0.0208	0.019799999999999998
30	C_CT_6696	0.0847	0.0968	0.09075
31	C_T_8430	0.016	0.0184	0.0172
32	G_T_8853	0.0117	0.0139	0.012799999999999999
33	C_CT_10386	0.0182	0.0187	0.01845
34	C_CA_10619	0.0221	0.023	0.02255
35	G_GT_11521	0.0131	0.0195	0.016300000000000002
36	G_GT_13459	0.0161	0.0201	0.018099999999999998
37	C_T_13541	0.013000000000000001	0.0147	0.013850000000000001
38	C_T_14408	0.9115	1.0	0.95575
44	T_C_15354	0.9251	0.9983	0.9617
45	G_GT_15965	0.0433	0.044500000000000005	0.0439
46	G_GT_18368	0.0263	0.0275	0.0269
47	C_T_18877	0.9078	0.9991	0.95345
48	G_A_19957	0.013999999999999999	0.017	0.0155
50	C_CT_19983	0.0267	0.032	0.02935
53	G_GT_21569	0.012	0.0127	0.01235
54	C_CT_22083	0.0104	0.0118	0.011099999999999999
55	A_AT_22681	0.0109	0.0109	0.0109
56	C_T_23061	0.0193	0.0206	0.019950000000000002
57	A_G_23403	0.9095	1.0	0.95475
60	C_CA_23887	0.0133	0.0142	0.01375
61	G_GT_23903	0.0122	0.0143	0.013250000000000001
62	C_CT_24223	0.0163	0.0183	0.0173
63	G_T_24233	0.0112	0.0104	0.0108
64	T_TA_24295	0.0102	0.0109	0.01055
65	CA_C_24320	0.0125	0.0127	0.0126
67	C_CA_24358	0.0102	0.0127	0.01145
68	G_T_25563	0.9175	0.9987	0.9581
69	C_CT_25703	0.0134	0.0148	0.014100000000000001
70	G_GT_26493	0.016	0.016399999999999998	0.0162
71	G_GT_26654	0.0172	0.0169	0.01705
77	G_GT_27906	0.0108	0.0103	0.01055
78	C_CT_28214	0.019	0.0192	0.0191
79	C_T_28253	0.0101	0.0101	0.0101
80	G_T_28919	0.0868	0.0946	0.0907
81	C_G_29743	0.0147	0.0167	0.0157
