	SNP	WI_percent	WA_percent	%
2	G_GA_1135	0.0101	0.0102	0.01015
4	C_CT_6696	0.0553	0.0554	0.055349999999999996
5	G_GT_7889	0.012	0.0128	0.012400000000000001
6	C_CT_10386	0.0143	0.0119	0.0131
7	A_G_10558	0.0251	0.0256	0.02535
8	C_CA_11812	0.0107	0.0113	0.011
9	C_T_12213	0.0189	0.0182	0.01855
10	C_T_12923	0.018000000000000002	0.0187	0.01835
17	C_T_15738	0.9804	0.9997	0.9900500000000001
18	G_T_15906	0.019	0.02	0.0195
19	G_GT_15965	0.0276	0.0267	0.02715
20	G_GT_18368	0.0141	0.0149	0.014499999999999999
21	C_T_19145	0.0233	0.023	0.02315
22	C_CT_19983	0.0249	0.0243	0.024599999999999997
23	G_GT_21569	0.0128	0.0134	0.0131
27	C_CT_28214	0.0151	0.0147	0.0149
28	G_T_29711	0.9901	0.9989	0.9944999999999999
