	SNP	WI_percent	WA_percent	%
0	C_CT_6696	0.0321	0.0348	0.033449999999999994
7	G_GT_15965	0.0101	0.0107	0.0104
8	A_G_16474	0.012	0.0128	0.012400000000000001
37	G_GT_23903	0.0125	0.0127	0.0126
38	T_A_28177	0.0112	0.0101	0.01065
39	G_T_29711	0.9959	1.0	0.99795
