	SNP	WI_percent	WA_percent	%
0	G_GA_1135	0.0111	0.0107	0.0109
1	G_A_4505	0.0103	0.0116	0.01095
3	G_T_6320	0.016	0.0168	0.016399999999999998
5	C_CT_6696	0.0459	0.0475	0.046700000000000005
6	C_T_6706	0.017	0.016399999999999998	0.0167
8	T_C_6991	0.0147	0.0139	0.0143
9	G_GT_9355	0.0113	0.0122	0.01175
18	C_CT_10386	0.0127	0.0193	0.016
19	CT_C_10594	0.0178	0.0202	0.019
20	C_CA_10619	0.0135	0.0146	0.01405
21	G_GT_10664	0.0103	0.0103	0.0103
22	G_GT_11540	0.0165	0.0196	0.01805
23	C_CA_11812	0.0246	0.0273	0.02595
24	C_CT_13225	0.0116	0.011	0.0113
34	G_GT_15965	0.0221	0.0241	0.023100000000000002
61	C_CT_19983	0.0345	0.0463	0.040400000000000005
65	C_CA_20648	0.0119	0.0122	0.012050000000000002
66	G_GT_25555	0.0157	0.0167	0.0162
67	G_GT_26493	0.0119	0.012	0.01195
68	C_CT_28214	0.0155	0.0126	0.01405
70	ACGTTTTCGCTTTTC_A_29571	0.024	0.0271	0.02555
71	G_T_29711	0.9911	0.9994	0.99525
