	SNP	WI_percent	WA_percent	%
0	C_T_906	0.0109	0.0102	0.01055
1	G_A_1820	0.0117	0.0117	0.0117
2	G_A_3638	0.0146	0.015700000000000002	0.01515
3	G_GT_5861	0.0115	0.011	0.01125
4	C_T_6011	0.0123	0.014	0.01315
6	C_CT_6696	0.0419	0.0446	0.04325
7	C_T_6706	0.0301	0.0303	0.030199999999999998
8	G_GT_7889	0.013999999999999999	0.012	0.013
9	C_CA_10301	0.0106	0.0103	0.010450000000000001
10	C_CT_13225	0.0105	0.0104	0.010450000000000001
18	C_T_15963	0.0184	0.0166	0.0175
19	G_GT_15965	0.0209	0.021	0.02095
20	G_GT_18368	0.0236	0.0234	0.0235
21	C_CT_19983	0.0409	0.040199999999999986	0.04054999999999999
28	G_GT_24570	0.0127	0.013500000000000002	0.0131
31	ACGTTTTCGCTTTTC_A_29571	0.0226	0.0221	0.022350000000000002
32	G_T_29711	1.0	1.0	1.0
