	SNP	WI_percent	WA_percent	%
0	G_T_448	0.0117	0.0134	0.01255
1	ATGGTCATGTTATGGT_A_507	0.0196	0.016399999999999998	0.018
5	G_GA_1135	0.0136	0.013	0.0133
7	C_CT_6696	0.0561	0.0589	0.057499999999999996
8	G_GT_7889	0.0147	0.0151	0.0149
9	C_CA_10619	0.0107	0.0105	0.0106
11	C_CA_11812	0.0154	0.015	0.0152
16	G_GT_15965	0.028999999999999998	0.0288	0.0289
17	C_T_16375	0.3516	0.3664	0.359
18	G_GT_18368	0.0172	0.0182	0.0177
19	C_CT_19983	0.0284	0.03	0.0292
20	G_A_20125	0.0174	0.0154	0.016399999999999998
23	G_GT_23903	0.0104	0.0115	0.01095
24	G_GT_26654	0.0115	0.0127	0.0121
26	C_T_27418	0.062	0.0618	0.0619
27	C_CT_28214	0.0168	0.015	0.015899999999999997
28	G_T_29711	0.9897	0.9987	0.9942
29	C_T_29754	0.0165	0.0168	0.016649999999999998
