	SNP	WI_percent	WA_percent	%
0	GT_G_443	0.0155	0.0144	0.01495
1	G_T_448	0.0168	0.017	0.0169
6	G_GA_1135	0.0152	0.0159	0.015550000000000001
9	C_CT_6696	0.0511	0.0558	0.05345
13	C_T_10815	0.0244	0.0279	0.02615
23	G_GT_15965	0.0191	0.0181	0.0186
24	C_T_16375	0.3524	0.3737	0.36305
30	G_A_20125	0.0254	0.0286	0.027
35	C_T_27418	0.0633	0.0624	0.06284999999999999
36	G_T_29711	0.986	0.9983	0.99215
37	C_T_29754	0.0155	0.0166	0.016050000000000002
