	SNP	WI_percent	WA_percent	%
3	A_G_28492	0.0222	0.021	0.0216
4	A_C_28513	0.0223	0.0213	0.0218
5	G_A_28526	0.0181	0.0182	0.01815
6	A_G_28540	0.0175	0.0175	0.0175
7	T_A_28570	0.0194	0.0198	0.0196
8	A_AT_28599	0.0217	0.0203	0.020999999999999998
9	T_C_28729	0.0188	0.0184	0.0186
10	T_C_29038	0.0608	0.0607	0.06075
11	C_G_29281	0.0139	0.0144	0.01415
