	SNP	WI_percent	WA_percent	%
0	C_T_241	0.9934	0.9988	0.9961
1	C_T_3037	0.9871	0.9954	0.99125
2	C_CT_6696	0.0519	0.0536	0.052750000000000005
3	C_CA_11812	0.0105	0.0111	0.0108
4	C_T_14408	0.9888	0.9991	0.99395
7	G_GT_15965	0.0244	0.0234	0.0239
9	G_GT_18368	0.013999999999999999	0.0156	0.014799999999999999
10	C_T_18877	0.9862	0.9951	0.99065
11	C_CT_19983	0.0268	0.029900000000000006	0.028350000000000004
13	G_T_20991	0.0228	0.0201	0.02145
20	A_G_23403	0.9887	0.9961	0.9924
21	G_T_25563	0.9901	0.9969	0.9935
22	C_CT_28214	0.0114	0.0103	0.01085
