	SNP	WI_percent	WA_percent	%
0	C_T_241	0.99	0.9974	0.9937
1	G_GA_1135	0.0126	0.0123	0.01245
3	C_T_3037	0.9867	0.9988	0.99275
4	C_CT_6696	0.0553	0.055	0.055150000000000005
6	C_T_14408	0.9917	0.9989	0.9953000000000001
8	G_GT_15965	0.0235	0.0231	0.0233
9	G_GT_18368	0.0206	0.0218	0.0212
10	C_T_18877	0.9854	0.9954	0.9904
11	C_CT_19983	0.0234	0.0209	0.02215
14	G_T_20991	0.027000000000000003	0.028	0.027500000000000004
18	A_G_23403	0.9903	0.9984	0.99435
19	G_T_25563	0.9927	0.9987	0.9957
