	SNP	WI_percent	WA_percent	%
0	A_G_4838	0.9962	0.9992	0.9977
1	C_CT_6696	0.0562	0.0577	0.05695
2	C_T_7420	0.9928	1.0	0.9964
4	C_CT_10386	0.0108	0.0102	0.0105
5	C_CA_11812	0.011000000000000001	0.0122	0.011600000000000001
6	C_T_14937	0.99	0.9988	0.9944
15	G_GT_15965	0.0238	0.0214	0.022600000000000002
16	G_GT_18368	0.0139	0.0139	0.0139
17	C_CT_19983	0.0308	0.0302	0.0305
19	C_T_20148	0.9872	1.0	0.9936
23	C_CT_28214	0.0163	0.0166	0.01645
24	G_T_29711	0.9979	0.9996	0.99875
