	SNP	WI_percent	WA_percent	%
7	G_GA_1135	0.0146	0.0153	0.01495
8	T_TA_1813	0.0183	0.0183	0.0183
9	G_GA_2498	0.0115	0.0141	0.012799999999999999
11	G_T_3549	0.0118	0.0113	0.01155
13	G_T_3692	0.9678	0.9993	0.9835499999999999
14	A_G_4838	0.9784	0.9995	0.98895
15	C_CT_6696	0.0525	0.0555	0.054
17	C_T_7420	0.9713	0.9995	0.9854
20	C_CA_11812	0.0104	0.0106	0.010499999999999999
21	G_GT_13459	0.0172	0.018500000000000003	0.01785
22	C_T_13541	0.0116	0.0107	0.01115
23	C_T_14937	0.963	1.0	0.9815
32	G_GT_15965	0.0121	0.0125	0.0123
34	G_GT_18368	0.0285	0.0248	0.02665
35	C_CT_19983	0.0299	0.0352	0.03255
38	C_T_20148	0.9311	1.0	0.96555
42	C_T_25777	0.0121	0.0123	0.012199999999999999
43	C_CA_25797	0.0169	0.017	0.01695
44	C_CG_26079	0.0108	0.0109	0.01085
45	G_GT_26654	0.0124	0.0116	0.012
48	G_GT_28134	0.0101	0.011	0.01055
52	G_T_29711	1.0	1.0	1.0
53	A_T_29725	0.0118	0.0139	0.01285
54	TGCC_T_29785	0.0216	0.0212	0.021400000000000002
