	SNP	WI_percent	WA_percent	%
0	G_GA_1135	0.0126	0.0123	0.01245
1	G_T_3692	0.9868	0.9995	0.99315
2	A_G_4838	0.9928	0.9998	0.9963
4	C_T_6445	0.9854	0.9948	0.9901
5	C_CT_6696	0.0741	0.076	0.07505
6	C_T_7420	0.9866	0.9997	0.99315
7	G_GT_7889	0.0142	0.0141	0.01415
8	C_T_9163	0.9864	0.9997	0.99305
9	C_CT_10386	0.0141	0.0138	0.01395
11	C_CA_10619	0.0108	0.0119	0.01135
13	C_CA_11812	0.0184	0.0207	0.019549999999999998
14	C_T_12459	0.6952	0.6986	0.6969000000000001
15	C_T_14937	0.9840000000000001	1.0	0.992
24	G_GT_15965	0.0303	0.0315	0.0309
25	G_GT_18368	0.0177	0.0183	0.018000000000000002
26	C_CT_19983	0.0304	0.0245	0.027450000000000002
28	C_T_20148	0.9767	0.9996	0.9881500000000001
29	C_CT_28214	0.0197	0.019	0.01935
30	A_T_28811	0.0147	0.0141	0.0144
31	G_T_29711	0.9949	0.9996	0.99725
