	SNP	WI_percent	WA_percent	%
2	G_GA_1135	0.0168	0.0165	0.016649999999999998
3	G_T_3692	0.9845	0.9995	0.992
4	A_G_4838	0.99	0.9997	0.99485
5	C_T_6445	0.9813	1.0	0.99065
7	C_CT_6696	0.0847	0.08789999999999999	0.08629999999999999
8	C_T_7420	0.9802	0.9997	0.98995
9	G_GT_7889	0.013999999999999999	0.0141	0.01405
10	G_T_8853	0.0109	0.0105	0.010700000000000001
11	C_CT_10386	0.0107	0.0122	0.01145
12	C_CA_10619	0.0118	0.0128	0.0123
13	C_CA_11812	0.0177	0.0204	0.01905
14	G_GT_13459	0.0141	0.0145	0.0143
15	C_T_14937	0.9769	0.9992	0.98805
23	G_GT_15965	0.0468	0.0449	0.04585
25	G_GT_18368	0.0206	0.0166	0.0186
26	C_CT_19983	0.033	0.0331	0.033049999999999996
29	C_T_20148	0.9711	1.0	0.9855499999999999
31	G_GT_26654	0.0101	0.0105	0.0103
33	G_T_27506	0.0112	0.0114	0.011300000000000001
34	C_CT_28214	0.0164	0.0149	0.01565
35	A_G_29433	0.2724	0.2655	0.26895
36	G_T_29711	0.9948	0.9998	0.9973000000000001
