	SNP	WI_percent	WA_percent	%
0	C_T_241	0.9967	0.9996	0.9981500000000001
1	C_T_1059	0.9963	1.0	0.99815
2	C_T_3037	0.9943	1.0	0.99715
3	C_CT_6696	0.0468	0.0462	0.0465
4	C_T_6896	0.0138	0.0139	0.01385
5	C_T_14408	0.9956	0.9995	0.99755
9	G_A_15760	0.9945	0.999	0.99675
10	G_GT_15965	0.0239	0.0228	0.023350000000000003
11	G_GT_18368	0.0131	0.0123	0.0127
12	C_CT_19983	0.0125	0.0123	0.012400000000000001
13	A_G_23403	0.9956	0.9995	0.99755
14	G_T_25563	0.9969	1.0	0.9984500000000001
