	SNP	WI_percent	WA_percent	%
0	G_GA_1135	0.0107	0.0104	0.01055
1	C_CT_6696	0.0592	0.061	0.0601
3	C_T_8782	0.9907	0.9997	0.9952000000000001
4	C_CA_11812	0.0147	0.0149	0.0148
5	G_T_11966	0.1043	0.104	0.10414999999999999
9	G_GT_15965	0.0413	0.0429	0.0421
10	A_G_17858	0.992	0.9998	0.9959
11	G_GT_18368	0.0229	0.0225	0.022699999999999998
12	C_CT_19983	0.0255	0.0289	0.0272
13	T_C_28144	0.9990000000000001	0.9999	0.9994500000000001
14	C_CT_28214	0.0167	0.0163	0.0165
