	SNP	WI_percent	WA_percent	%
0	C_T_241	0.9482	0.9976	0.9729000000000001
3	G_GA_1135	0.0176	0.018500000000000003	0.018050000000000004
4	G_A_1730	0.011000000000000001	0.0101	0.01055
5	C_T_3037	0.9578	0.9991	0.97845
6	C_CT_6696	0.0623	0.06509999999999999	0.06369999999999999
7	G_GT_7889	0.011000000000000001	0.0116	0.011300000000000001
9	C_CA_10619	0.0103	0.0102	0.01025
10	C_CA_11812	0.0236	0.0227	0.02315
11	T_C_12139	0.0129	0.0132	0.013049999999999999
12	G_GT_13459	0.0106	0.0108	0.010700000000000001
13	C_T_13541	0.0103	0.0104	0.01035
14	C_T_14408	0.9645	0.9991	0.9818
18	G_GT_15965	0.0265	0.0274	0.02695
19	A_G_17521	0.0156	0.0152	0.0154
20	G_GT_18368	0.0243	0.0253	0.0248
21	C_T_18877	0.9659	0.9993	0.9825999999999999
22	C_CT_19983	0.0342	0.0393	0.036750000000000005
23	G_GT_21569	0.0124	0.0149	0.013649999999999999
26	A_G_23403	0.972	0.9954	0.9837
28	G_T_25563	0.9769	0.9983	0.9876
29	T_A_25679	0.0165	0.0179	0.0172
31	C_CT_28214	0.0112	0.0115	0.011349999999999999
32	G_A_28871	0.9773	0.9993	0.9883
