	SNP	WI_percent	WA_percent	%
0	C_T_241	0.9967	0.9996	0.9981500000000001
1	C_T_619	0.9969	1.0	0.9984500000000001
2	C_T_1380	0.9707	1.0	0.98535
3	C_T_3037	0.9932	1.0	0.9965999999999999
4	T_C_7513	0.9909	1.0	0.99545
5	C_T_14408	0.9922	0.9997	0.99595
10	T_C_15354	0.9929	0.9993	0.9961
11	C_T_18877	0.9871	0.9986	0.99285
13	C_CT_19983	0.0161	0.0126	0.01435
55	A_G_23403	0.9928	1.0	0.9964
56	G_T_25563	0.9911	1.0	0.9955499999999999
