	SNP	WI_percent	WA_percent	%
0	C_T_241	0.9945	1.0	0.99725
1	C_T_619	0.9929	0.9994	0.99615
2	C_T_1380	0.9571	1.0	0.97855
3	C_T_3037	0.9851	1.0	0.99255
4	C_CT_6696	0.0173	0.0198	0.01855
5	T_C_7513	0.9848	0.9987	0.99175
6	C_T_14408	0.9857	0.9997	0.9927
10	T_C_15354	0.9884	0.9993	0.9938499999999999
11	C_T_18877	0.9804	0.9995	0.9899500000000001
12	C_CT_19983	0.0171	0.0202	0.01865
34	A_G_23403	0.9909	1.0	0.99545
35	G_T_25563	0.9856	1.0	0.9928
