	SNP	WI_percent	WA_percent	%
0	C_T_241	0.9984	1.0	0.9992
1	C_T_1059	0.9921	0.9996	0.99585
2	C_T_1471	0.9602	0.9979	0.97905
3	C_T_3037	0.9919	1.0	0.99595
4	A_G_7807	0.9897	0.9992	0.9944500000000001
5	C_T_11916	0.9952	0.9994	0.9973
6	A_G_12820	0.9741	0.9996	0.98685
7	C_T_14408	0.9932	0.9994	0.9963
11	C_CT_19983	0.0187	0.0179	0.0183
12	A_G_23403	0.9914	0.9997	0.9955499999999999
13	G_T_25563	0.9903	0.9997	0.995
14	G_A_28361	0.0203	0.0205	0.0204
15	C_T_29733	0.9961	0.9992	0.9976499999999999
