	SNP	WI_percent	WA_percent	%
0	C_T_241	0.992	1.0	0.996
2	C_T_2910	0.0111	0.0124	0.01175
3	C_T_3037	0.9804	1.0	0.9902
5	G_T_11417	0.9828	0.9989	0.99085
6	T_C_14073	0.9897	0.9998	0.99475
7	C_T_14408	0.9857	1.0	0.99285
39	A_G_23403	0.9907	1.0	0.99535
40	A_G_23947	0.9849	0.9991	0.992
