	SNP	WI_percent	WA_percent	%
0	C_T_241	0.9898	0.9998	0.9948
2	C_T_1059	0.988	0.9997	0.99385
3	C_T_3037	0.9809	1.0	0.99045
4	C_T_5512	0.0362	0.037000000000000005	0.03660000000000001
5	C_CT_6696	0.0343	0.0369	0.0356
6	C_T_14407	0.9798	0.9995	0.98965
7	C_T_14408	0.9814	0.9997	0.99055
10	G_GT_15965	0.0131	0.013	0.013049999999999999
11	C_T_17172	0.0135	0.0136	0.01355
12	G_GT_18368	0.0134	0.0133	0.01335
13	C_T_18377	0.0103	0.0113	0.0108
14	C_CT_19983	0.0141	0.0146	0.01435
15	A_G_23403	0.9890000000000001	0.9999	0.9944500000000001
16	G_T_25563	0.9895	0.9991	0.9943
19	C_T_28312	0.0166	0.0141	0.015349999999999999
20	G_T_29422	0.0134	0.0147	0.01405
21	C_T_29466	0.0482	0.0471	0.04765
