	SNP	WI_percent	WA_percent	%
0	C_T_241	0.9479	1.0	0.97395
1	C_T_1059	0.9789	0.9993	0.9891
2	G_A_1463	0.9333	0.9984	0.96585
3	G_T_2305	0.9540000000000001	0.9967	0.97535
4	C_T_3037	0.9578	1.0	0.9789
7	C_CT_6696	0.0448	0.0459	0.04535
8	C_T_6941	0.0649	0.0682	0.06655
10	G_A_7557	0.9522	0.9981	0.97515
11	C_T_8818	0.8878	0.9949	0.94135
14	C_CA_11812	0.0119	0.013500000000000002	0.012700000000000001
15	C_T_14408	0.9811	0.9998	0.99045
26	G_GT_15965	0.0125	0.0137	0.0131
27	G_GT_18368	0.0106	0.0105	0.01055
28	C_T_18377	0.9636	0.9995	0.98155
29	C_CT_19983	0.0266	0.0282	0.0274
33	T_C_21616	0.2861	0.2756	0.28085000000000004
36	A_G_23403	0.9794	0.9994	0.9894000000000001
37	C_CA_24358	0.0106	0.0123	0.01145
38	G_T_25563	0.9794	0.9994	0.9894000000000001
39	C_CA_25797	0.0102	0.0105	0.010350000000000002
40	G_GT_26654	0.0104	0.0104	0.0104
