	SNP	WI_percent	WA_percent	%
0	C_T_241	0.9899	0.9996	0.99475
2	A_C_696	0.9938	0.9998	0.9968
3	C_T_3037	0.9866	0.9995	0.99305
4	G_T_3871	0.9832	1.0	0.9916
5	T_C_3931	0.9837	0.9993	0.9915
6	C_T_4226	0.9922	0.9993	0.9957499999999999
7	C_T_5672	0.9916	0.9996	0.9956
8	C_CT_6696	0.0561	0.05860000000000001	0.057350000000000005
9	A_C_7837	0.9806	1.0	0.9903
13	C_T_10279	0.9894	0.9989	0.99415
14	C_CT_10386	0.0104	0.0131	0.01175
16	C_CA_10619	0.0102	0.0109	0.01055
17	C_CT_11095	0.0137	0.0138	0.01375
18	C_CA_11812	0.0147	0.0171	0.0159
19	C_T_14408	0.9888	0.9997	0.9942500000000001
28	G_GT_15965	0.0159	0.015700000000000002	0.0158
29	G_GT_18368	0.0119	0.0117	0.011800000000000001
30	G_T_19677	0.9885	0.9995	0.994
31	C_CT_19983	0.0338	0.0308	0.032299999999999995
32	G_A_20056	0.975	0.999	0.987
33	A_G_23403	0.9902	0.9992	0.9946999999999999
34	C_T_23430	0.0188	0.0206	0.019700000000000002
36	G_C_25423	0.2117	0.1912	0.20145000000000002
37	C_CT_28214	0.0156	0.016200000000000003	0.0159
38	C_T_28977	0.9949	1.0	0.99745
39	G_T_29402	0.212	0.2148	0.21339999999999998
