	SNP	WI_percent	WA_percent	%
0	C_T_241	0.9898	1.0	0.9949
1	G_T_419	0.0288	0.0285	0.028650000000000002
2	A_C_696	0.9933	0.9997	0.9964999999999999
3	C_T_3037	0.9848	1.0	0.9924
4	G_T_3871	0.986	0.9993	0.99265
5	T_C_3931	0.986	0.999	0.9924999999999999
6	C_T_4226	0.9922	1.0	0.9961
9	C_T_5672	0.9905	0.9996	0.99505
10	C_CT_6696	0.0451	0.046500000000000014	0.04580000000000001
11	A_C_7837	0.9861	0.9995	0.9928
13	C_CT_10386	0.0148	0.0147	0.01475
15	C_CT_11095	0.0133	0.0104	0.01185
16	C_CA_11812	0.0106	0.0121	0.011349999999999999
17	C_T_12880	0.9902	0.9991	0.99465
18	C_T_14408	0.9899	0.9998	0.99485
30	G_GT_15965	0.0137	0.0125	0.0131
31	G_T_19677	0.9889	1.0	0.9944500000000001
32	C_CT_19983	0.0416	0.0378	0.0397
36	G_GT_21569	0.0107	0.0111	0.0109
40	A_G_23403	0.9911	0.9993	0.9952
43	C_CT_28214	0.0166	0.0122	0.0144
44	C_T_28977	0.9918	0.9992	0.9955
