	SNP	WI_percent	WA_percent	%
0	C_T_241	0.9916	0.9997	0.99565
1	C_T_1059	0.9637	0.9995	0.9816
2	G_A_1463	0.8909999999999999	0.9992	0.9450999999999999
3	G_T_2305	0.9117	0.9991	0.9554
4	C_T_3037	0.9629	0.9991	0.981
6	C_T_6941	0.3542	0.3759	0.36505
7	G_A_7557	0.9713	1.0	0.98565
8	C_T_8818	0.9701	0.9996	0.98485
9	C_T_14408	0.9704	0.9995	0.98495
12	C_T_18377	0.965	0.9995	0.9822500000000001
13	C_A_19951	0.0313	0.036000000000000004	0.03365
14	C_CT_19983	0.0173	0.0201	0.0187
15	A_G_23403	0.9856	0.9997	0.99265
16	G_T_25563	0.9695	0.9994	0.98445
