	SNP	WI_percent	WA_percent	%
0	T_TA_1813	0.0113	0.0103	0.0108
1	G_GT_5861	0.0108	0.0128	0.011800000000000001
2	A_G_6015	0.162	0.1715	0.16675
4	C_CT_6696	0.0639	0.0688	0.06634999999999999
5	G_GT_7889	0.0114	0.0148	0.0131
6	C_T_8782	0.8762	0.9994	0.9378
8	C_CT_10386	0.0111	0.013	0.01205
9	C_CA_11812	0.0114	0.0142	0.0128
10	G_GT_13459	0.0108	0.0117	0.01125
20	G_GT_15965	0.0244	0.0249	0.02465
21	G_A_16381	0.9048	0.9995	0.95215
23	G_GT_17019	0.01	0.0107	0.01035
24	T_C_17877	0.9082	0.9996	0.9539
25	G_GT_18368	0.0131	0.0141	0.013600000000000001
26	T_C_19982	0.0122	0.0145	0.01335
27	C_CT_19983	0.0257	0.0274	0.02655
28	C_T_20316	0.902	1.0	0.9510000000000001
30	G_T_25500	0.9490000000000001	0.9991	0.9740500000000001
31	G_GT_26654	0.0107	0.0125	0.0116
45	G_GT_28134	0.0104	0.0104	0.0104
46	T_C_28144	0.9967	0.9997	0.9982
47	C_CT_28214	0.0171	0.0131	0.0151
48	G_A_28878	0.9938	0.9996	0.9967
51	G_A_29742	0.9917	1.0	0.99585
