	SNP	POS_x	rep1_percent	rep2_percent	%
0	CHR_START-orf1ab_241C>T__intergenic	241	0.9848	0.9848	1.0
1	orf1ab_2284G>A_As62Asn_missense	2549	0.9851	0.9738	1.0
2	orf1ab_2772C>T_Phe924Phe_synonymous	3037	0.9764	0.9613	0.96885
3	orf1ab_9183C>T_Ala3061Ala_synonymous	9448	0.9805	0.9737	1.0
4	orf1ab_10550C>T_Ser3517Phe_missense	10815	0.9711	0.9493	0.9601999999999999
5	orf1ab_14144C>T_Pro4715Leu_missense	14408	0.9877	0.9762	1.0
6	orf1ab_14886G>T_Gln4962His_missense	15150	0.0388		0.0388
7	orf1ab_14893C>A_Gln4965Lys_missense	15157	0.0806		0.0806
8	orf1ab_14904G>A_Leu4968Leu_synonymous	15168	0.0558		0.0558
9	orf1ab_15468G>T_Val5156Val_synonymous	15732	0.9798	0.9634	1.0
10	orf1ab_18879T>C_Tyr6293Tyr_synonymous	19143	0.9846	0.9744	1.0
11	orf1ab_19542C>T_Asn6514Asn_synonymous	19806	0.9782	0.9613	0.96975
12	orf1ab_20004A>G_Leu6668Leu_synonymous	20268	0.9534	0.9142	0.9338
13	S_1841A>G_As14Gly_missense	23403	0.9861	0.9794	1.0
14	ORF10_57C>T_Cys19Cys_synonymous	29614	0.9977	0.9943	1.0
