	SNP	POS_x	rep1_percent	rep2_percent	%
0	CHR_START-orf1ab_241C>T__intergenic	241	0.9921	0.9945	1.0
1	orf1ab_2674C>T_Pro892Ser_missense	2939	0.986	0.9887	1.0
2	orf1ab_2772C>T_Phe924Phe_synonymous	3037	0.9847	0.9911	1.0
3	orf1ab_6235C>T_Pro2079Ser_missense	6500	0.9952	0.9956	1.0
4	orf1ab_14144C>T_Pro4715Leu_missense	14408	0.9897	0.9906	1.0
5	orf1ab_14877C>A_Thr4959Thr_synonymous	15141	0.0331		0.0331
6	orf1ab_14886G>T_Gln4962His_missense	15150	0.0546		0.0546
7	orf1ab_14904G>A_Leu4968Leu_synonymous	15168	0.0854	0.0432	0.0643
8	orf1ab_20004A>G_Leu6668Leu_synonymous	20268	0.9668	0.9613	0.9640500000000001
9	S_1841A>G_As14Gly_missense	23403	0.9919	0.9915	1.0
10	ORF7a_184C>T_Gln62*_stop	27577	0.9811	0.9686	1.0
11	N_581C>T_Ser194Leu_missense	28854	0.9940000000000001	0.9621	1.0
