	SNP	POS_x	rep1_percent	rep2_percent	%
0	orf1ab_8124C>A_Asn2708Lys_missense	8389.0	0.0305		0.0305
1	orf1ab_8126T>A_Ile2709Asn_missense	8391.0	0.0305		0.0305
2	orf1ab_8127T>A_Ile2709Ile_synonymous	8392.0	0.0313		0.0313
3	orf1ab_8129C>T_Ala2710Val_missense	8394.0	0.0341		0.0341
4	orf1ab_8130T>C_Ala2710Ala_synonymous	8395.0	0.0349		0.0349
5	orf1ab_8135T>A_Ile2712Lys_missense	8400.0	0.0349		0.0349
6	orf1ab_8138G>T_Tr713Leu_missense	8403.0	0.0349		0.0349
7	orf1ab_8139G>C_Tr713Cys_missense	8404.0	0.0349		0.0349
8	orf1ab_8140A>C_Asn2714His_missense	8405.0	0.0341		0.0341
9	orf1ab_8517C>T_Ser2839Ser_synonymous	8782.0	0.9339	0.8278	0.8808499999999999
10	orf1ab_13307G>T_Gly4436Val_missense	13571.0	0.0612	0.0472	0.0542
11	orf1ab_14886G>T_Gln4962His_missense	15150.0	0.0314		0.0314
12	orf1ab_16117G>A_Val5373Ile_missense	16381.0	0.9574	0.9784	0.9679
13	orf1ab_17613T>C_Thr5871Thr_synonymous	17877.0	0.9235	0.958	0.94075
14	orf1ab_20052C>T_Phe6684Phe_synonymous	20316.0	0.9425	0.945	0.94375
37	S_3371G>T_Gly1124Val_missense	24933.0		0.0325	0.0325
15	ORF3a_108G>T_Pro36Pro_synonymous	25500.0	0.9793	0.9772	1.0
16	ORF3a_732C>T_Val244Val_synonymous	26124.0	0.9676	0.9833	1.0
17	ORF8_251T>C_Leu84Ser_missense	28144.0	0.9976	0.9971	1.0
18	N_519A>T_Ala173Ala_synonymous	28792.0	0.0484		0.0484
19	N_605G>A_Ser202Asn_missense	28878.0	1.0	0.9898	1.0
20	N_626G>A_Arg209Lys_missense	28899.0	0.1432		0.1432
21	N_627A>C_Arg209Ser_missense	28900.0	0.1432		0.1432
22	N_628A>C_Met210Leu_missense	28901.0	0.1432		0.1432
23	N_629T>C_Met210Thr_missense	28902.0	0.1432		0.1432
24	N_630G>A_Met210Ile_missense	28903.0	0.1432		0.1432
25	N_631G>A_Ala211Thr_missense	28904.0	0.1432		0.1432
26	N_632C>T_Ala211Val_missense	28905.0	0.1432		0.1432
27	N_633T>A_Ala211Ala_synonymous	28906.0	0.1434		0.1434
28	N_634G>A_Gly212Ser_missense	28907.0	0.1448		0.1448
29	N_635G>T_Gly212Val_missense	28908.0	0.1434		0.1434
30	N_636C>A_Gly212Gly_synonymous	28909.0	0.1434		0.1434
31	N_637A>C_Asn213His_missense	28910.0	0.1434		0.1434
32	N_638A>T_Asn213Ile_missense	28911.0	0.1436		0.1436
33	N_639T>G_Asn213Lys_missense	28912.0	0.1436		0.1436
38	N_855T>A_Asn285Lys_missense	29128.0		0.0302	0.0302
34	ORF10-CHR_END_29742G>A__intergenic	29742.0	0.9929	0.9919	1.0
35	ORF10-CHR_END_29789T>C__intergenic	29789.0	0.0687		0.0687
36	ORF10-CHR_END_29790A>C__intergenic	29790.0	0.0687		0.0687
