	SNP	POS_x	rep1_percent	rep2_percent	%
0	CHR_START-orf1ab_241C>T__intergenic	241	0.9699	0.9804	1.0
1	orf1ab_794C>T_Thr265Ile_missense	1059	0.941	0.9595	0.95025
2	orf1ab_2772C>T_Phe924Phe_synonymous	3037	0.9598	0.9655	0.96265
3	orf1ab_5074C>T_Pro1692Ser_missense	5339	0.9737	0.9745	1.0
4	orf1ab_7875C>T_Ser2625Ser_synonymous	8140	0.9505	0.9615	0.956
5	orf1ab_7943C>T_Thr2648Ile_missense	8208	0.9502	0.9599	0.95505
6	orf1ab_14144C>T_Pro4715Leu_missense	14408	0.9682	0.9653	0.96675
7	orf1ab_14877C>A_Thr4959Thr_synonymous	15141	0.0333		0.0333
8	orf1ab_14886G>T_Gln4962His_missense	15150	0.0603		0.0603
9	orf1ab_14904G>A_Leu4968Leu_synonymous	15168	0.0864	0.032	0.0592
10	orf1ab_15996C>T_Cys5332Cys_synonymous	16260	0.9406	0.9501	0.9453499999999999
11	orf1ab_19881G>A_Gln6627Gln_synonymous	20145	0.0383		0.0383
12	orf1ab_19885A>G_Asn6629Asp_missense	20149	0.0383		0.0383
13	orf1ab_21244G>A_Glu7082Lys_missense	21508	0.0337		0.0337
14	S_1841A>G_As14Gly_missense	23403	0.9723	0.9737	1.0
15	S_2506C>T_Gln836*_stop	24068	0.0355		0.0355
16	ORF3a_48G>T_Lys16Asn_missense	25440	0.9704	0.9696	1.0
17	ORF3a_171G>T_Gln57His_missense	25563	0.9703	0.9725	1.0
18	ORF6_74C>A_Ser25Tyr_missense	27275	0.038		0.038
19	ORF6_75C>T_Ser25Ser_synonymous	27276	0.0382		0.0382
20	ORF6_76A>G_Ile26Val_missense	27277	0.0382		0.0382
21	ORF6_77T>C_Ile26Thr_missense	27278	0.038		0.038
22	ORF6_80G>A_Tr7*_stop	27281	0.038		0.038
23	ORF6_81G>T_Tr7Cys_missense	27282	0.0381		0.0381
24	ORF6_82A>T_Asn28Tyr_missense	27283	0.0381		0.0381
25	ORF6_88G>T_As0Tyr_missense	27289	0.0379		0.0379
26	ORF6_89A>T_As0Val_missense	27290	0.038		0.038
27	ORF6_90T>G_As0Glu_missense	27291	0.0379		0.0379
28	ORF6_91T>G_Tyr31Asp_missense	27292	0.0379		0.0379
29	ORF6_92A>T_Tyr31Phe_missense	27293	0.0379		0.0379
30	ORF6_93C>T_Tyr31Tyr_synonymous	27294	0.0379		0.0379
31	ORF6_94A>C_Ile32Leu_missense	27295	0.0379		0.0379
32	ORF6_98T>G_Ile33Arg_missense	27299	0.0379		0.0379
33	ORF6_99A>C_Ile33Ile_synonymous	27300	0.0379		0.0379
34	ORF6_102C>G_Asn34Lys_missense	27303	0.0379		0.0379
35	ORF6_103C>A_Leu35Ile_missense	27304	0.0379		0.0379
36	ORF6_111T>G_Ile37Met_missense	27312	0.0379		0.0379
37	ORF6_115A>C_Asn39His_missense	27316	0.0379		0.0379
38	ORF6_116A>T_Asn39Ile_missense	27317	0.0379		0.0379
39	ORF6_182A>C_As1Ala_missense	27383	0.0381		0.0381
40	ORF6_183T>C_As1Asp_synonymous	27384	0.0381		0.0381
41	N_548C>A_Ser183Tyr_missense	28821	0.9990000000000001	0.9767	1.0
