	SNP	POS_x	rep1_percent	rep2_percent	%
0	CHR_START-orf1ab_241C>T__intergenic	241.0	0.9748	0.9789	1.0
1	orf1ab_431A>C_As44Ala_missense	696.0	0.9879	0.9909	1.0
2	orf1ab_2772C>T_Phe924Phe_synonymous	3037.0	0.9716	0.9709	1.0
3	orf1ab_3606G>T_Lys1202Asn_missense	3871.0	0.9621	0.9572	0.95965
4	orf1ab_3609C>T_Ile1203Ile_synonymous	3874.0	0.1123	0.1288	0.12054999999999999
5	orf1ab_3666T>C_Val1222Val_synonymous	3931.0	0.9616	0.9564	0.9590000000000001
6	orf1ab_3961C>T_Pro1321Ser_missense	4226.0	0.9819	0.976	1.0
7	orf1ab_5407C>T_Pro1803Ser_missense	5672.0	0.9818	0.977	1.0
8	orf1ab_6137C>A_Pro2046Gln_missense	6402.0	0.7265	0.7122	0.71935
9	orf1ab_7572A>C_Leu2524Phe_missense	7837.0	0.9634	0.9645	0.9639500000000001
10	orf1ab_14144C>T_Pro4715Leu_missense	14408.0	0.9795	0.9785	1.0
11	orf1ab_14877C>A_Thr4959Thr_synonymous	15141.0	0.0324		0.0324
12	orf1ab_14904G>A_Leu4968Leu_synonymous	15168.0	0.1001		0.1001
17	orf1ab_19254G>T_Leu6418Phe_missense	19518.0		0.0346	0.0346
13	orf1ab_19413G>T_Gln6471His_missense	19677.0	0.9801	0.9692	1.0
14	orf1ab_20062G>A_Val6688Ile_missense	20326.0	0.1356	0.1497	0.14265
18	S_924A>C_Val308Val_synonymous	22486.0		0.0376	0.0376
19	S_925G>A_Glu309Lys_missense	22487.0		0.0376	0.0376
20	S_927A>T_Glu309Asp_missense	22489.0		0.0484	0.0484
21	S_928A>T_Lys310*_stop	22490.0		0.0376	0.0376
22	S_929A>T_Lys310Ile_missense	22491.0		0.0376	0.0376
23	S_930A>T_Lys310Asn_missense	22492.0		0.0484	0.0484
24	S_932G>T_Gly311Val_missense	22494.0		0.0376	0.0376
25	S_936C>G_Ile312Met_missense	22498.0		0.0376	0.0376
26	S_937T>A_Tyr313Asn_missense	22499.0		0.0376	0.0376
27	S_938A>T_Tyr313Phe_missense	22500.0		0.0376	0.0376
28	S_939T>C_Tyr313Tyr_synonymous	22501.0		0.0376	0.0376
29	S_942A>T_Gln314His_missense	22504.0		0.0484	0.0484
30	S_943A>T_Thr315Ser_missense	22505.0		0.0484	0.0484
31	S_944C>T_Thr315Ile_missense	22506.0		0.0376	0.0376
32	S_947C>G_Ser316Cys_missense	22509.0		0.0376	0.0376
33	S_948T>G_Ser316Ser_synonymous	22510.0		0.0484	0.0484
34	S_949A>G_Asn317Asp_missense	22511.0		0.0376	0.0376
35	S_950A>T_Asn317Ile_missense	22512.0		0.0484	0.0484
36	S_951C>G_Asn317Lys_missense	22513.0		0.0376	0.0376
15	S_1841A>G_As14Gly_missense	23403.0	0.986	0.9829	1.0
16	N_704C>T_Ser235Phe_missense	28977.0	0.9948	0.9379	0.96635
