	SNP	POS_x	rep1_percent	rep2_percent	%
0	CHR_START-orf1ab_241C>T__intergenic	241	0.9946	0.9921	1.0
1	orf1ab_1297T>C_Cys433Arg_missense	1562	0.9848	0.9534	0.9691000000000001
2	orf1ab_1770G>T_Leu590Phe_missense	2035	0.9943	0.9814	1.0
3	orf1ab_2772C>T_Phe924Phe_synonymous	3037	0.9926	0.9857	1.0
4	orf1ab_9915G>T_Val3305Val_synonymous	10180	0.988	0.9811	1.0
5	orf1ab_11691C>T_As897Asp_synonymous	11956	0.9958	0.9852	1.0
6	orf1ab_11760C>T_Ser3920Ser_synonymous	12025	0.9958	0.9854	1.0
7	orf1ab_14144C>T_Pro4715Leu_missense	14408	0.9921	0.9844	1.0
8	orf1ab_14877C>A_Thr4959Thr_synonymous	15141	0.0344		0.0344
9	orf1ab_14886G>T_Gln4962His_missense	15150	0.0493		0.0493
10	orf1ab_14904G>A_Leu4968Leu_synonymous	15168	0.0925		0.0925
11	orf1ab_19575T>C_Asn6525Asn_synonymous	19839	0.9924	0.9776	1.0
12	S_663G>T_Ser221Ser_synonymous	22225	0.9934	0.9824	1.0
13	S_1841A>G_As14Gly_missense	23403	0.9945	0.9867	1.0
14	S_2145C>T_Pro715Pro_synonymous	23707	0.986	0.9679	1.0
15	E_13G>A_Val5Ile_missense	26257	0.9962	0.9904	1.0
16	N_608G>A_Arg203Lys_missense	28881	0.9966	0.9406	0.9686
17	N_609G>A_Arg203Arg_synonymous	28882	0.9966	0.9396	0.9681
18	N_610G>C_Gly204Arg_missense	28883	0.9966	0.9406	0.9686
19	N_974C>T_Thr325Ile_missense	29247	0.0597	0.0576	0.05865
20	ORF10-CHR_END_29769C>T__intergenic	29769	0.9971	0.9909	1.0
