	SNP	POS_x	rep1_percent	rep2_percent	%
0	orf1ab_8517C>T_Ser2839Ser_synonymous	8782	0.9572	0.9279	0.94255
1	orf1ab_11845A>G_Ser3949Gly_missense	12110	0.5684	0.5756	0.5720000000000001
2	orf1ab_14904G>A_Leu4968Leu_synonymous	15168	0.0332		0.0332
3	orf1ab_16117G>A_Val5373Ile_missense	16381	0.9032	0.9569	0.93005
4	orf1ab_17613T>C_Thr5871Thr_synonymous	17877	0.927	0.9539	0.94045
5	orf1ab_20052C>T_Phe6684Phe_synonymous	20316	0.9375	0.9474	0.94245
6	ORF3a_108G>T_Pro36Pro_synonymous	25500	0.9785	0.9768	1.0
7	ORF3a_800C>T_Pro267Leu_missense	26192	0.9713	0.977	1.0
8	ORF8_251T>C_Leu84Ser_missense	28144	0.9986	0.9978	1.0
9	N_605G>A_Ser202Asn_missense	28878	0.9992	0.9997	1.0
10	ORF10-CHR_END_29737G>T__intergenic	29737	0.0515		0.0515
11	ORF10-CHR_END_29738C>G__intergenic	29738	0.0515		0.0515
12	ORF10-CHR_END_29739C>T__intergenic	29739	0.0515		0.0515
13	ORF10-CHR_END_29740A>G__intergenic	29740	0.0606		0.0606
14	ORF10-CHR_END_29741C>T__intergenic	29741	0.0515		0.0515
15	ORF10-CHR_END_29742G>A__intergenic	29742	0.9424	0.9951	0.96875
16	ORF10-CHR_END_29742G>T__intergenic	29742	0.0545		0.0545
17	ORF10-CHR_END_29743C>A__intergenic	29743	0.0515		0.0515
18	ORF10-CHR_END_29745G>A__intergenic	29745	0.0545		0.0545
19	ORF10-CHR_END_29746A>G__intergenic	29746	0.0545		0.0545
20	ORF10-CHR_END_29771A>G__intergenic	29771	0.0517		0.0517
21	ORF10-CHR_END_29773G>A__intergenic	29773	0.0547		0.0547
22	ORF10-CHR_END_29775_29776isTTTA__intergenic	29775	0.0517		0.0517
23	ORF10-CHR_END_29777G>A__intergenic	29777	0.0517		0.0517
24	ORF10-CHR_END_29778G>A__intergenic	29778	0.0517		0.0517
