	SNP	POS_x	rep1_percent	rep2_percent	%
0	CHR_START-orf1ab_241C>T__intergenic	241	0.9758	0.9787	1.0
1	orf1ab_794C>T_Thr265Ile_missense	1059	0.9814	0.9570000000000001	0.9692000000000001
2	orf1ab_2772C>T_Phe924Phe_synonymous	3037	0.9737	0.9518	0.96275
3	orf1ab_5074C>T_Pro1692Ser_missense	5339	0.9788	0.9543	0.96655
4	orf1ab_5775C>T_Phe1925Phe_synonymous	6040	0.0522	0.0663	0.05925
5	orf1ab_7875C>T_Ser2625Ser_synonymous	8140	0.9715	0.9567	0.9641
6	orf1ab_7943C>T_Thr2648Ile_missense	8208	0.9712	0.9571	0.96415
7	orf1ab_14144C>T_Pro4715Leu_missense	14408	0.9804	0.9616	1.0
8	orf1ab_14877C>A_Thr4959Thr_synonymous	15141	0.032		0.032
9	orf1ab_14886G>T_Gln4962His_missense	15150	0.0523		0.0523
10	orf1ab_14904G>A_Leu4968Leu_synonymous	15168	0.0878	0.0321	0.05995
11	orf1ab_15996C>T_Cys5332Cys_synonymous	16260	0.9759	0.9384	0.95715
12	S_1841A>G_As14Gly_missense	23403	0.9762	0.9737	1.0
13	ORF3a_48G>T_Lys16Asn_missense	25440	0.9811	0.9613	1.0
14	ORF3a_171G>T_Gln57His_missense	25563	0.9832	0.9598	1.0
15	M_459A>G_Gly153Gly_synonymous	26981	0.1308	0.1241	0.12745
16	N_548C>A_Ser183Tyr_missense	28821	0.9961	0.9369	0.9664999999999999
