	SNP	POS_x	rep1_percent	rep2_percent	%
14	orf1ab_2374G>A_Glu792Lys_missense	2639.0		0.0352	0.0352
15	orf1ab_2994G>T_Gln998His_missense	3259.0		0.0353	0.0353
16	orf1ab_5727G>A_Glu1909Glu_synonymous	5992.0		0.0337	0.0337
17	orf1ab_6431C>T_Pro2144Leu_missense	6696.0		0.0376	0.0376
0	orf1ab_8517C>T_Ser2839Ser_synonymous	8782.0	0.8223	0.8074	0.8148500000000001
18	orf1ab_9512C>T_Ser3171Phe_missense	9777.0		0.0353	0.0353
1	orf1ab_13184A>C_As395Ala_missense	13449.0	0.0331		0.0331
2	orf1ab_14875A>C_Thr4959Pro_missense	15139.0	0.0325		0.0325
3	orf1ab_14904G>A_Leu4968Leu_synonymous	15168.0	0.0325		0.0325
4	orf1ab_16117G>A_Val5373Ile_missense	16381.0	0.9102	0.9198	0.915
19	orf1ab_16402A>C_Thr5468Pro_missense	16666.0		0.0446	0.0446
20	orf1ab_16403C>G_Thr5468Arg_missense	16667.0		0.0446	0.0446
21	orf1ab_16407T>A_Phe5469Leu_missense	16671.0		0.0442	0.0442
22	orf1ab_16408A>T_Lys5470*_stop	16672.0		0.0446	0.0446
23	orf1ab_16409A>G_Lys5470Arg_missense	16673.0		0.0442	0.0442
24	orf1ab_16415C>G_Ser5472Cys_missense	16679.0		0.0442	0.0442
25	orf1ab_16416T>A_Ser5472Ser_synonymous	16680.0		0.0446	0.0446
26	orf1ab_16420G>C_Gly5474Arg_missense	16684.0		0.0442	0.0442
27	orf1ab_16421G>A_Gly5474Asp_missense	16685.0		0.0446	0.0446
28	orf1ab_16422T>G_Gly5474Gly_synonymous	16686.0		0.0442	0.0442
29	orf1ab_16424T>C_Ile5475Thr_missense	16688.0		0.0446	0.0446
30	orf1ab_16425T>A_Ile5475Ile_synonymous	16689.0		0.0442	0.0442
31	orf1ab_16426G>A_Ala5476Thr_missense	16690.0		0.0447	0.0447
32	orf1ab_16435C>G_Arg5479Gly_missense	16699.0		0.0442	0.0442
33	orf1ab_16436G>T_Arg5479Leu_missense	16700.0		0.0466	0.0466
34	orf1ab_17238C>T_Phe5746Phe_synonymous	17502.0		0.0307	0.0307
35	orf1ab_17260A>G_Lys5754Glu_missense	17524.0		0.0301	0.0301
5	orf1ab_17613T>C_Thr5871Thr_synonymous	17877.0	0.8170000000000001	0.9241	0.87055
36	orf1ab_19840C>T_Leu6614Phe_missense	20104.0		0.03	0.03
6	orf1ab_20052C>T_Phe6684Phe_synonymous	20316.0	0.8925	0.9007	0.8966
7	S_2362A>T_Ile788Phe_missense	23924.0	0.0308		0.0308
8	ORF3a_108G>T_Pro36Pro_synonymous	25500.0	0.9605	0.9613	0.9609000000000001
9	E_96C>T_Ala32Ala_synonymous	26340.0	0.0345		0.0345
10	ORF8_251T>C_Leu84Ser_missense	28144.0	0.9935	0.9976	1.0
11	N_605G>A_Ser202Asn_missense	28878.0	0.9341	0.9993	0.9667
12	ORF10-CHR_END_29742G>A__intergenic	29742.0	0.9931	1.0	1.0
13	ORF10-CHR_END_29820T>C__intergenic	29820.0	0.0791		0.0791
