	SNP	POS_x	rep1_percent	rep2_percent	%
0	orf1ab_8517C>T_Ser2839Ser_synonymous	8782	0.9186	0.9201	0.91935
1	orf1ab_8846G>A_Arg2949His_missense	9111	0.1061	0.102	0.10405
2	orf1ab_14160A>G_Pro4720Pro_synonymous	14424	0.109	0.1091	0.10905000000000001
3	orf1ab_17594A>G_Tyr5865Cys_missense	17858	0.9129999999999999	0.9003	0.90665
4	orf1ab_20062G>A_Val6688Ile_missense	20326	0.4998	0.4883	0.49405
5	ORF8_251T>C_Leu84Ser_missense	28144	0.9982	0.9984	1.0
