	SNP	POS_x	rep1_percent	rep2_percent	%
0	CHR_START-orf1ab_241C>T__intergenic	241.0	0.9664	0.8845	0.92545
1	orf1ab_2772C>T_Phe924Phe_synonymous	3037.0	0.9213	0.8962	0.90875
2	orf1ab_10232T>C_Val3411Ala_missense	10497.0	0.0439		0.0439
3	orf1ab_10234G>A_Gly3412Ser_missense	10499.0	0.043		0.043
4	orf1ab_10236T>C_Gly3412Gly_synonymous	10501.0	0.0448		0.0448
12	orf1ab_12066G>A_Arg4022Arg_synonymous	12331.0		0.036000000000000004	0.036000000000000004
5	orf1ab_14144C>T_Pro4715Leu_missense	14408.0	0.932	0.7666	0.8492999999999999
6	orf1ab_14904G>A_Leu4968Leu_synonymous	15168.0	0.0323		0.0323
7	orf1ab_15090T>C_Leu5030Leu_synonymous	15354.0	0.9309999999999999	0.8629	0.8969499999999999
8	orf1ab_16720A>G_Thr5574Ala_missense	16984.0	0.9295	0.9046	0.9170499999999999
9	orf1ab_18613C>T_Leu6205Leu_synonymous	18877.0	0.9362	0.7903	0.8632500000000001
10	S_1841A>G_As14Gly_missense	23403.0	0.937	0.922	0.9295
11	ORF3a_171G>T_Gln57His_missense	25563.0	0.9315	0.9259	0.9287
