	SNP	POS_x	rep1_percent	rep2_percent	%
0	orf1ab_1249C>T_His417Tyr_missense	1514.0	0.0543	0.0628	0.05855
1	orf1ab_14144C>T_Pro4715Leu_missense	14408.0	0.0552		0.0552
8	orf1ab_14886G>T_Gln4962His_missense	15150.0		0.0391	0.0391
2	orf1ab_18293C>T_Thr6098Ile_missense	18557.0	0.034	0.0332	0.033600000000000005
3	orf1ab_18321A>G_Val6107Val_synonymous	18585.0	0.0463	0.04	0.04315
4	ORF3a_171G>T_Gln57His_missense	25563.0	0.0574		0.0574
5	N_1074C>T_As58Asp_synonymous	29347.0	0.9808	0.9979	1.0
6	N_1136C>T_Thr379Ile_missense	29409.0	0.0446	0.0512	0.0479
7	ORF10-CHR_END_29711G>T__intergenic	29711.0	0.9889	0.9992	1.0
