	SNP	POS_x	rep1_percent	rep2_percent	%
0	orf1ab_8517C>T_Ser2839Ser_synonymous	8782.0	0.9241	0.8501	0.8871
9	orf1ab_14904G>A_Leu4968Leu_synonymous	15168.0		0.0371	0.0371
1	orf1ab_16117G>A_Val5373Ile_missense	16381.0	0.8856	0.9382	0.9119
2	orf1ab_17613T>C_Thr5871Thr_synonymous	17877.0	0.9017	0.8657	0.8836999999999999
3	orf1ab_18291C>T_As097Asp_synonymous	18555.0	0.0389		0.0389
4	orf1ab_20052C>T_Phe6684Phe_synonymous	20316.0	0.9	0.8420000000000001	0.871
5	ORF3a_108G>T_Pro36Pro_synonymous	25500.0	0.9638	0.9627	0.9632499999999999
6	ORF8_251T>C_Leu84Ser_missense	28144.0	0.9965	0.9973	1.0
7	N_605G>A_Ser202Asn_missense	28878.0	0.9553	0.9855	1.0
10	ORF10-CHR_END_29732C>A__intergenic	29732.0		0.0527	0.0527
8	ORF10-CHR_END_29742G>A__intergenic	29742.0	0.9858	0.9449	0.9653499999999999
