	SNP	POS_x	rep1_percent	rep2_percent	%
0	CHR_START-orf1ab_241C>T__intergenic	241.0	0.9397	0.9074	0.92355
1	orf1ab_2772C>T_Phe924Phe_synonymous	3037.0	0.8642	0.9353	0.89975
9	orf1ab_5665T>C_Cys1889Arg_missense	5930.0		0.0431	0.0431
10	orf1ab_5666G>A_Cys1889Tyr_missense	5931.0		0.0436	0.0436
11	orf1ab_5667T>C_Cys1889Cys_synonymous	5932.0		0.0436	0.0436
12	orf1ab_5713T>G_Ser1905Ala_missense	5978.0		0.0387	0.0387
13	orf1ab_5719T>A_Phe1907Ile_missense	5984.0		0.0391	0.0391
2	orf1ab_14144C>T_Pro4715Leu_missense	14408.0	0.9115	0.9273	0.9194
3	orf1ab_14886G>T_Gln4962His_missense	15150.0	0.0329		0.0329
4	orf1ab_15090T>C_Leu5030Leu_synonymous	15354.0	0.9251	0.953	0.9390499999999999
14	orf1ab_16095A>G_Leu5365Leu_synonymous	16359.0		0.0405	0.0405
15	orf1ab_16096G>T_Val5366Phe_missense	16360.0		0.0401	0.0401
5	orf1ab_18613C>T_Leu6205Leu_synonymous	18877.0	0.9078	0.9328	0.9203
6	S_1841A>G_As14Gly_missense	23403.0	0.9095	0.9591	0.9342999999999999
7	ORF3a_171G>T_Gln57His_missense	25563.0	0.9175	0.9520000000000001	0.93475
8	N_646G>T_As16Tyr_missense	28919.0	0.0868	0.0829	0.08485000000000001
