	SNP	POS_x	rep1_percent	rep2_percent	%
0	orf1ab_6575C>T_Ala2192Val_missense	6840.0	0.3232	0.3257	0.32445
1	orf1ab_12404C>T_Ser4135Phe_missense	12669.0	0.2614	0.2357	0.24855
2	orf1ab_12590C>T_Pro4197Leu_missense	12855.0	0.091	0.0789	0.08495
3	orf1ab_14877C>A_Thr4959Thr_synonymous	15141.0	0.0335		0.0335
4	orf1ab_14886G>T_Gln4962His_missense	15150.0	0.0366	0.0374	0.037000000000000005
5	orf1ab_20161A>G_Ile6721Val_missense	20425.0	0.1514	0.1574	0.1544
7	ORF8_345T>A_Arg115Arg_synonymous	28238.0		0.048	0.048
8	ORF8_346G>T_Val116Phe_missense	28239.0		0.048	0.048
9	ORF8_347T>C_Val116Ala_missense	28240.0		0.048	0.048
10	ORF8_349G>C_Val117Leu_missense	28242.0		0.048	0.048
11	ORF8_352T>G_Leu118Val_missense	28245.0		0.048	0.048
12	ORF8_358T>G_Phe120Val_missense	28251.0		0.0534	0.0534
13	ORF8_360C>T_Phe120Phe_synonymous	28253.0		0.0534	0.0534
14	ORF8_361A>C_Ile121Leu_missense	28254.0		0.0534	0.0534
6	ORF10-CHR_END_29711G>T__intergenic	29711.0	1.0	0.9982	1.0
