	SNP	POS_x	rep1_percent	rep2_percent	%
0	CHR_START-orf1ab_241C>T__intergenic	241.0	0.9874	0.9994	1.0
1	orf1ab_794C>T_Thr265Ile_missense	1059.0	0.9813	0.9992	1.0
2	orf1ab_815A>T_Asn272Ile_missense	1080.0	0.039		0.039
21	orf1ab_1882C>T_Leu628Phe_missense	2147.0		0.0303	0.0303
3	orf1ab_2772C>T_Phe924Phe_synonymous	3037.0	0.9837	0.9983	1.0
22	orf1ab_7512C>T_Tyr2504Tyr_synonymous	7777.0		0.0342	0.0342
4	orf1ab_8738G>C_Cys2913Ser_missense	9003.0	0.0309		0.0309
23	orf1ab_12109C>T_Leu4037Phe_missense	12374.0		0.031	0.031
5	orf1ab_14144C>T_Pro4715Leu_missense	14408.0	0.9940000000000001	0.9998	1.0
6	orf1ab_14877C>A_Thr4959Thr_synonymous	15141.0	0.034	0.0335	0.03375
7	orf1ab_14886G>T_Gln4962His_missense	15150.0	0.0517		0.0517
24	orf1ab_15016C>T_Leu5006Phe_missense	15280.0		0.0358	0.0358
8	orf1ab_16427C>T_Ala5476Val_missense	16691.0	0.0325		0.0325
9	orf1ab_16858G>T_Ala5620Ser_missense	17122.0	0.9947	0.9983	1.0
10	orf1ab_19719C>T_Val6573Val_synonymous	19983.0	0.0356		0.0356
11	S_72A>C_Leu24Phe_missense	21634.0	0.0307		0.0307
25	S_890C>T_Ser297Leu_missense	22452.0		0.0323	0.0323
12	S_1841A>G_As14Gly_missense	23403.0	0.9919	0.9981	1.0
13	S_1848C>T_Asn616Asn_synonymous	23410.0	0.0356		0.0356
26	S_2072C>T_Ser691Phe_missense	23634.0		0.0394	0.0394
14	S_2434C>T_Pro812Ser_missense	23996.0	0.0302		0.0302
15	ORF3a_171G>T_Gln57His_missense	25563.0	0.9903	0.9979	1.0
16	M_112G>T_Ala38Ser_missense	26634.0	0.9991	0.9945	1.0
17	M_592C>T_Arg198Cys_missense	27114.0	0.0312		0.0312
18	ORF8_71C>T_Ser24Leu_missense	27964.0	1.0	0.9978	1.0
27	N_282T>G_Ile94Met_missense	28555.0		0.045	0.045
28	N_576C>T_Asn192Asn_synonymous	28849.0		0.0303	0.0303
19	ORF10_85C>T_Gln29*_stop	29642.0	0.0596		0.0596
29	ORF10-CHR_END_29696C>T__intergenic	29696.0		0.281	0.281
20	ORF10-CHR_END_29811_29812isA__intergenic	29811.0	0.1226		0.1226
