	SNP	POS_x	rep1_percent	rep2_percent	%
0	orf1ab_4573A>G_Ile1525Val_missense	4838.0	0.9519	0.9342	0.9430499999999999
1	orf1ab_7155C>T_Ile2385Ile_synonymous	7420.0	0.8907	0.9065	0.8986000000000001
2	orf1ab_14673C>T_As891Asp_synonymous	14937.0	0.9426	0.9014	0.9219999999999999
7	orf1ab_14877C>A_Thr4959Thr_synonymous	15141.0		0.0312	0.0312
3	orf1ab_14886G>T_Gln4962His_missense	15150.0	0.044000000000000004	0.0489	0.046450000000000005
4	orf1ab_16582G>T_As528Tyr_missense	16846.0	0.4904	0.4898	0.4901
5	orf1ab_19884C>T_Phe6628Phe_synonymous	20148.0	0.8947	0.8690000000000001	0.88185
6	ORF10-CHR_END_29711G>T__intergenic	29711.0	1.0	0.9997	1.0
