	SNP	POS_x	rep1_percent	rep2_percent	%
0	orf1ab_3427G>T_Val1143Phe_missense	3692.0	0.9685	0.9868	1.0
1	orf1ab_4573A>G_Ile1525Val_missense	4838.0	0.9874	0.9928	1.0
2	orf1ab_6180C>T_As060Asp_synonymous	6445.0	0.985	0.9854	1.0
3	orf1ab_7155C>T_Ile2385Ile_synonymous	7420.0	0.9819	0.9866	1.0
4	orf1ab_8898C>T_Asn2966Asn_synonymous	9163.0	0.9794	0.9864	1.0
5	orf1ab_12194C>T_Thr4065Ile_missense	12459.0	0.6902	0.6952	0.6927000000000001
6	orf1ab_14673C>T_As891Asp_synonymous	14937.0	0.9670000000000001	0.9840000000000001	1.0
11	orf1ab_14877C>A_Thr4959Thr_synonymous	15141.0		0.0314	0.0314
7	orf1ab_14893C>A_Gln4965Lys_missense	15157.0	0.0552		0.0552
8	orf1ab_14904G>A_Leu4968Leu_synonymous	15168.0	0.0392		0.0392
9	orf1ab_19884C>T_Phe6628Phe_synonymous	20148.0	0.9401	0.9767	0.9584
10	ORF10-CHR_END_29711G>T__intergenic	29711.0	0.9936	0.9949	1.0
