	SNP	POS_x	rep1_percent	rep2_percent	%
0	CHR_START-orf1ab_241C>T__intergenic	241	0.8318	0.9308	0.8813
1	orf1ab_2772C>T_Phe924Phe_synonymous	3037	0.9637	0.9593	0.9615
2	orf1ab_14144C>T_Pro4715Leu_missense	14408	0.9727	0.847	0.90985
3	orf1ab_15090T>C_Leu5030Leu_synonymous	15354	0.9698	0.9608	0.9653
4	orf1ab_15474C>T_Phe5158Phe_synonymous	15738	0.07	0.0942	0.0821
5	orf1ab_18613C>T_Leu6205Leu_synonymous	18877	0.9587	0.9517	0.9552
6	S_1841A>G_As14Gly_missense	23403	0.9655	0.9657	0.9656
7	ORF3a_171G>T_Gln57His_missense	25563	0.9694	0.9683	0.96885
8	ORF3a_784C>T_Pro262Ser_missense	26176	0.3288	0.3116	0.3202
9	ORF10-CHR_END_29738C>T__intergenic	29738	0.1609	0.1927	0.1768
