	SNP	POS_x	rep1_percent	rep2_percent	%
0	CHR_START-orf1ab_241C>T__intergenic	241	0.9907	0.982	1.0
1	orf1ab_794C>T_Thr265Ile_missense	1059	0.9927	0.9721	1.0
2	orf1ab_2772C>T_Phe924Phe_synonymous	3037	0.9804	0.9452	0.9628000000000001
3	orf1ab_13165C>A_Pro4389Thr_missense	13430	0.9796	0.953	0.9662999999999999
4	orf1ab_14144C>T_Pro4715Leu_missense	14408	0.9932	0.9741	1.0
5	orf1ab_20491A>C_Ser6831Arg_missense	20755	0.9899	0.9473	0.9686
6	S_1841A>G_As14Gly_missense	23403	0.9943	0.9683	1.0
7	ORF3a_171G>T_Gln57His_missense	25563	0.9943	0.9612	1.0
8	N_933T>C_Ala311Ala_synonymous	29206	0.9984	0.993	1.0
