	SNP	POS_x	rep1_percent	rep2_percent	%
0	CHR_START-orf1ab_247G>T__intergenic	247.0	0.2646	0.2717	0.26815
1	orf1ab_8517C>T_Ser2839Ser_synonymous	8782.0	0.9952	0.9953	1.0
14	orf1ab_14886G>T_Gln4962His_missense	15150.0		0.0338	0.0338
2	orf1ab_14904G>A_Leu4968Leu_synonymous	15168.0	0.038		0.038
3	orf1ab_16117G>A_Val5373Ile_missense	16381.0	0.9966	0.9932	1.0
4	orf1ab_17613T>C_Thr5871Thr_synonymous	17877.0	0.9971	0.9937	1.0
5	orf1ab_17838A>G_Thr5946Thr_synonymous	18102.0	0.281	0.2927	0.28685000000000005
6	orf1ab_18900C>T_As300Asp_synonymous	19164.0	0.0451	0.0459	0.0455
7	orf1ab_20052C>T_Phe6684Phe_synonymous	20316.0	0.9929	0.9864	1.0
8	S_3624G>T_Gln1208His_missense	25186.0	0.0425	0.0445	0.0435
9	ORF3a_108G>T_Pro36Pro_synonymous	25500.0	0.9966	0.9951	1.0
10	ORF8_251T>C_Leu84Ser_missense	28144.0	0.9985	0.9981	1.0
11	N_435C>T_His145His_synonymous	28708.0	0.0476	0.040999999999999995	0.0443
12	N_605G>A_Ser202Asn_missense	28878.0	1.0	0.9986	1.0
13	ORF10-CHR_END_29742G>A__intergenic	29742.0	0.9875	0.9927	1.0
