	SNP	POS_x	rep1_percent	rep2_percent	%
0	CHR_START-orf1ab_241C>T__intergenic	241.0	0.9851	0.9482	0.96665
1	orf1ab_2772C>T_Phe924Phe_synonymous	3037.0	0.9699	0.9578	0.96385
2	orf1ab_14144C>T_Pro4715Leu_missense	14408.0	0.9792	0.9645	1.0
3	orf1ab_18613C>T_Leu6205Leu_synonymous	18877.0	0.9824	0.9659	1.0
7	S_922G>T_Val308Leu_missense	22484.0		0.0348	0.0348
4	S_1841A>G_As14Gly_missense	23403.0	0.9874	0.972	1.0
5	ORF3a_171G>T_Gln57His_missense	25563.0	0.9797	0.9769	1.0
6	N_598G>A_Gly200Ser_missense	28871.0	0.9882	0.9773	1.0
8	ORF10-CHR_END_29736G>A__intergenic	29736.0		0.0385	0.0385
9	ORF10-CHR_END_29737G>C__intergenic	29737.0		0.0385	0.0385
10	ORF10-CHR_END_29739C>T__intergenic	29739.0		0.0385	0.0385
11	ORF10-CHR_END_29743C>T__intergenic	29743.0		0.0385	0.0385
12	ORF10-CHR_END_29747G>A__intergenic	29747.0		0.0343	0.0343
