	SNP	POS_x	rep1_percent	rep2_percent	%
0	orf1ab_564C>T_Asn188Asn_synonymous	829.0	0.8739	0.8709	0.8724000000000001
1	orf1ab_6189G>T_Glu2063Asp_missense	6454.0	0.9813	0.9801	1.0
2	orf1ab_8517C>T_Ser2839Ser_synonymous	8782.0	0.9696	0.9634	0.9665
12	orf1ab_14886G>T_Gln4962His_missense	15150.0		0.0315	0.0315
3	orf1ab_14904G>A_Leu4968Leu_synonymous	15168.0	0.0412		0.0412
4	orf1ab_16117G>A_Val5373Ile_missense	16381.0	0.9661	0.9682	0.96715
5	orf1ab_17613T>C_Thr5871Thr_synonymous	17877.0	0.9668	0.9621	0.96445
6	orf1ab_20052C>T_Phe6684Phe_synonymous	20316.0	0.9258	0.9194	0.9226
7	ORF3a_108G>T_Pro36Pro_synonymous	25500.0	0.9777	0.9765	1.0
8	ORF3a_732C>T_Val244Val_synonymous	26124.0	0.9789	0.9798	1.0
9	ORF8_251T>C_Leu84Ser_missense	28144.0	0.997	0.9972	1.0
10	N_605G>A_Ser202Asn_missense	28878.0	0.9916	0.9904	1.0
11	ORF10-CHR_END_29742G>A__intergenic	29742.0	0.9907	0.9931	1.0
