	SNP	POS_x	rep1_percent	rep2_percent	%
0	CHR_START-orf1ab_241C>T__intergenic	241.0	0.9537	0.9849	0.9693
1	orf1ab_354C>T_Tyr118Tyr_synonymous	619.0	0.9582	0.9763	0.9672499999999999
2	orf1ab_1115C>T_Ala372Val_missense	1380.0	0.8995	0.8757	0.8876
3	orf1ab_2772C>T_Phe924Phe_synonymous	3037.0	0.9541	0.9483	0.9512
12	orf1ab_5774T>A_Phe1925Tyr_missense	6039.0		0.0816	0.0816
13	orf1ab_5775C>T_Phe1925Phe_synonymous	6040.0		0.08199999999999999	0.08199999999999999
14	orf1ab_5776G>A_As926Asn_missense	6041.0		0.0816	0.0816
15	orf1ab_5777A>G_As926Gly_missense	6042.0		0.08199999999999999	0.08199999999999999
4	orf1ab_7248T>C_Asn2416Asn_synonymous	7513.0	0.9432	0.9528	0.948
5	orf1ab_14144C>T_Pro4715Leu_missense	14408.0	0.9748	0.9697	1.0
6	orf1ab_14904G>A_Leu4968Leu_synonymous	15168.0	0.0944		0.0944
7	orf1ab_15090T>C_Leu5030Leu_synonymous	15354.0	0.9757	0.9654	1.0
8	orf1ab_18613C>T_Leu6205Leu_synonymous	18877.0	0.9728	0.943	0.9579
16	S_39T>C_Ser13Ser_synonymous	21601.0		0.0323	0.0323
9	S_1841A>G_As14Gly_missense	23403.0	0.9762	0.9775	1.0
10	ORF3a_171G>T_Gln57His_missense	25563.0	0.9769	0.9687	1.0
17	ORF6-ORF7a_27390G>T__intergenic	27390.0		0.0413	0.0413
18	ORF7a_291C>A_Tyr97*_stop	27684.0		0.1003	0.1003
19	ORF7a_292T>A_Ser98Thr_missense	27685.0		0.1003	0.1003
20	ORF7a_294T>A_Ser98Ser_synonymous	27687.0		0.0998	0.0998
21	ORF7a_296C>A_Pro99Gln_missense	27689.0		0.1003	0.1003
22	ORF7a_297A>G_Pro99Pro_synonymous	27690.0		0.1007	0.1007
23	ORF7a_299T>C_Ile100Thr_missense	27692.0		0.1003	0.1003
24	ORF7a_300T>C_Ile100Ile_synonymous	27693.0		0.1003	0.1003
25	ORF7a_301T>A_Phe101Ile_missense	27694.0		0.1003	0.1003
26	ORF7a_305T>C_Leu102Pro_missense	27698.0		0.1003	0.1003
27	ORF7a_306T>A_Leu102Leu_synonymous	27699.0		0.1003	0.1003
28	ORF7a_307A>G_Ile103Val_missense	27700.0		0.1003	0.1003
29	ORF7a_309T>A_Ile103Ile_synonymous	27702.0		0.1012	0.1012
30	ORF7a_311T>C_Val104Ala_missense	27704.0		0.1003	0.1003
31	ORF7a_312T>A_Val104Val_synonymous	27705.0		0.1017	0.1017
32	ORF7a_314C>T_Ala105Val_missense	27707.0		0.1003	0.1003
33	ORF7a_316G>A_Ala106Thr_missense	27709.0		0.1003	0.1003
34	ORF7a_322G>T_Val108Leu_missense	27715.0		0.1012	0.1012
11	N_104C>T_Ala35Val_missense	28377.0	0.0308		0.0308
