	SNP	POS_x	rep1_percent	rep2_percent	%
0	CHR_START-orf1ab_241C>T__intergenic	241.0	0.9590000000000001	0.9723	0.9656500000000001
1	orf1ab_1299T>C_Cys433Cys_synonymous	1564.0	0.0819	0.0452	0.06355
2	orf1ab_2772C>T_Phe924Phe_synonymous	3037.0	0.9122	0.9237	0.91795
14	orf1ab_6047C>T_Thr2016Ile_missense	6312.0		0.0336	0.0336
3	orf1ab_7586C>T_Ala2529Val_missense	7851.0	0.0846	0.0476	0.06609999999999999
4	orf1ab_11152G>T_Val3718Phe_missense	11417.0	0.9558	0.9544	0.9551000000000001
5	orf1ab_13307G>T_Gly4436Val_missense	13571.0	0.0813	0.0432	0.06225
6	orf1ab_13809T>C_As603Asp_synonymous	14073.0	0.9713	0.9753	1.0
7	orf1ab_14144C>T_Pro4715Leu_missense	14408.0	0.9696	0.9772	1.0
8	orf1ab_14886G>T_Gln4962His_missense	15150.0	0.0364		0.0364
9	orf1ab_14904G>A_Leu4968Leu_synonymous	15168.0	0.0457		0.0457
10	orf1ab_18616G>T_Ala6206Ser_missense	18880.0	0.0444		0.0444
11	orf1ab_18626A>G_Glu6209Gly_missense	18890.0	0.0458		0.0458
15	orf1ab_19709C>T_Pro6570Leu_missense	19973.0		0.0571	0.0571
12	S_1841A>G_As14Gly_missense	23403.0	0.9559	0.9821	0.969
13	S_2385A>G_Lys795Lys_synonymous	23947.0	0.9483	0.9369	0.9426
16	S_2472C>T_Asn824Asn_synonymous	24034.0		0.0361	0.0361
