	SNP	POS_x	rep1_percent	rep2_percent	%
0	CHR_START-orf1ab_241C>T__intergenic	241.0	0.9773	0.9886	1.0
1	orf1ab_354C>T_Tyr118Tyr_synonymous	619.0	0.9835	0.9869	1.0
2	orf1ab_370C>T_Arg124Cys_missense	635.0	0.03	0.0308	0.0304
3	orf1ab_1115C>T_Ala372Val_missense	1380.0	0.956	0.9402	0.9480999999999999
4	orf1ab_2772C>T_Phe924Phe_synonymous	3037.0	0.9759	0.9783	1.0
5	orf1ab_7248T>C_Asn2416Asn_synonymous	7513.0	0.9707	0.9722	1.0
16	orf1ab_11152G>T_Val3718Phe_missense	11417.0		0.0304	0.0304
6	orf1ab_14144C>T_Pro4715Leu_missense	14408.0	0.9883	0.9849	1.0
7	orf1ab_14877C>A_Thr4959Thr_synonymous	15141.0	0.0312		0.0312
8	orf1ab_14886G>T_Gln4962His_missense	15150.0	0.0513		0.0513
9	orf1ab_14904G>A_Leu4968Leu_synonymous	15168.0	0.0854	0.0369	0.06115
10	orf1ab_15090T>C_Leu5030Leu_synonymous	15354.0	0.983	0.9823	1.0
11	orf1ab_18613C>T_Leu6205Leu_synonymous	18877.0	0.9795	0.9729	1.0
12	S_1841A>G_As14Gly_missense	23403.0	0.9883	0.9831	1.0
13	ORF3a_171G>T_Gln57His_missense	25563.0	0.987	0.98	1.0
14	ORF7a_112G>C_Gly38Arg_missense	27505.0	0.0501	0.0484	0.04925
15	ORF8_360C>T_Phe120Phe_synonymous	28253.0	0.0362	0.0368	0.036500000000000005
17	N_649G>A_Ala217Thr_missense	28922.0		0.0301	0.0301
18	N_662T>C_Leu221Ser_missense	28935.0		0.0302	0.0302
