	SNP	FREQ_index	FREQ_contact	total_reads_contact	variant_reads_contact
0	orf1ab_1059:C>T_Thr265Ile_missense	0.95025	0.98765	4023.5	3973.5
1	orf1ab_3037:C>T_Phe924Phe_synonymous	0.96265	0.9849	3430.5	3379.0
2	orf1ab_8140:C>T_Ser2625Ser_synonymous	0.956	0.99035	6042.0	5984.0
3	orf1ab_8208:C>T_Thr2648Ile_missense	0.95505	0.9904	6041.5	5984.0
4	orf1ab_14408:C>T_Pro4715Leu_missense	0.96675	0.9901	6445.5	6382.0
5	orf1ab_15168:G>A_Leu4968Leu_synonymous	0.0592	0.06265	2949.5	189.5
6	orf1ab_16260:C>T_Cys5332Cys_synonymous	0.94535	0.9844	4504.0	4434.0
7	ORF3a_25440:G>T_Lys16Asn_missense	0.97	0.9907	6137.0	6080.0
