	SNP	FREQ_index	FREQ_contact	total_reads_contact	variant_reads_contact
0	orf1ab_1059:C>T_Thr265Ile_missense	0.9692	0.98765	4023.5	3973.5
1	orf1ab_3037:C>T_Phe924Phe_synonymous	0.96275	0.9849	3430.5	3379.0
2	orf1ab_5339:C>T_Pro1692Ser_missense	0.96655	0.9893	6285.0	6217.5
3	orf1ab_6040:C>T_Phe1925Phe_synonymous	0.05925	0.0	71.5	0.0
4	orf1ab_8140:C>T_Ser2625Ser_synonymous	0.9641	0.99035	6042.0	5984.0
5	orf1ab_8208:C>T_Thr2648Ile_missense	0.96415	0.9904	6041.5	5984.0
6	orf1ab_15168:G>A_Leu4968Leu_synonymous	0.05995	0.06265	2949.5	189.5
7	orf1ab_16260:C>T_Cys5332Cys_synonymous	0.95715	0.9844	4504.0	4434.0
8	M_26981:A>G_Gly153Gly_synonymous	0.12745	0.0	5668.5	0.0
9	N_28821:C>A_Ser183Tyr_missense	0.9665	0.98865	1747.5	1728.5
