	SNP	FREQ_index	FREQ_contact	total_reads_contact	variant_reads_contact
0	orf1ab_8140:C>T_Ser2625Ser_synonymous	0.9631	0.99035	6042.0	5984.0
1	orf1ab_8208:C>T_Thr2648Ile_missense	0.9637	0.9904	6041.5	5984.0
2	orf1ab_15168:G>A_Leu4968Leu_synonymous	0.06205	0.06265	2949.5	189.5
3	orf1ab_16260:C>T_Cys5332Cys_synonymous	0.9677	0.9844	4504.0	4434.0
4	ORF3a_25440:G>T_Lys16Asn_missense	0.96665	0.9907	6137.0	6080.0
5	ORF3a_25563:G>T_Gln57His_missense	0.9662	0.9903	6136.0	6077.0
6	N_28821:C>A_Ser183Tyr_missense	0.9204	0.98865	1747.5	1728.5
