	SNP	POS_x	rep1_percent	rep2_percent	%
0	CHR_START-orf1ab_n.C>T__intergenic-region	241.0	0.3125	0.9849	0.6487
1	orf1ab_A>C_As44Ala_missense	696.0	0.9946	0.9882	0.9914000000000001
2	orf1ab_C>T_Gly192Gly_synonymous	841.0	0.0904	0.0872	0.08879999999999999
3	orf1ab_C>T_Phe924Phe_synonymous	3037.0	0.955	0.9733	0.9641500000000001
4	orf1ab_G>T_Lys1202Asn_missense	3871.0	0.9588	0.9708	0.9648
5	orf1ab_T>C_Val1222Val_synonymous	3931.0	0.9588	0.9708	0.9648
6	orf1ab_C>T_Pro1321Ser_missense	4226.0	0.9963	0.9783	0.9873
7	orf1ab_C>T_Pro1803Ser_missense	5672.0	0.9594	0.9862	0.9728
8	orf1ab_dupT_Leu2146fs_frameshift	6696.0	0.0649	0.0379	0.0514
9	orf1ab_A>C_Leu2524Phe_missense	7837.0	0.9801	0.9661	0.9731
10	orf1ab_C>T_Pro4715Leu_missense	14408.0	0.9902	0.9791	0.98465
12	orf1ab_dupT_Ser6037fs_frameshift	18368.0	0.0247	0.0156	0.02015
13	orf1ab_G>T_Gln6471His_missense	19677.0	0.961	0.9836	0.9722999999999999
14	orf1ab_dupT_As576fs_frameshift&stop	19983.0	0.0408	0.0115	0.02615
15	S_A>G_As14Gly_missense	23403.0	0.9848	0.9895	0.98715
22	N_G>T_Thr16Thr_synonymous	28321.0	0.0145	0.013999999999999999	0.014249999999999999
23	N_C>T_Ser235Phe_missense	28977.0	0.8788	0.9972	0.938
