	SNP	POS_x	rep1_percent	rep2_percent	%
1	CHR_START-orf1ab_C>T__intergenic-region	241.0	0.1641	0.9056	0.5348499999999999
2	orf1ab_C>T_Phe924Phe_synonymous	3037.0	0.3467	0.8248	0.58575
6	orf1ab_C>T_Pro4715Leu_missense	14408.0	0.8731	0.8718	0.87245
