	SNP	POS_x	rep1_percent	rep2_percent	%
6	CHR_START-orf1ab_C>A__intergenic-region	16.0	0.0612	0.087	0.0741
9	CHR_START-orf1ab_T>C__intergenic-region	17.0	0.0816	0.0652	0.07339999999999999
10	CHR_START-orf1ab_T>A__intergenic-region	18.0	0.06	0.087	0.0735
12	CHR_START-orf1ab_C>T__intergenic-region	19.0	0.0392	0.08	0.0596
13	CHR_START-orf1ab_C>G__intergenic-region	20.0	0.0385	0.0545	0.0465
14	CHR_START-orf1ab_A>T__intergenic-region	22.0	0.1071	0.1964	0.15175
16	CHR_START-orf1ab_G>C__intergenic-region	23.0	0.0877	0.0714	0.07955000000000001
17	CHR_START-orf1ab_C>T__intergenic-region	28.0	0.0714	0.1596	0.11549999999999999
18	CHR_START-orf1ab_C>T__intergenic-region	241.0	0.6787	0.8802	0.77945
19	orf1ab_A>C_As44Ala_missense	696.0	0.9091	0.9047	0.9069
20	orf1ab_C>T_Phe924Phe_synonymous	3037.0	0.7622	0.8551	0.80865
21	orf1ab_T>C_Val1222Val_synonymous	3931.0	0.7754	0.8062	0.7908
22	orf1ab_C>T_Pro1321Ser_missense	4226.0	0.9062	0.8939	0.90005
23	orf1ab_C>A_Pro2046Gln_missense	6402.0	0.3009	0.3047	0.3028
25	orf1ab_A>C_Leu2524Phe_missense	7837.0	0.7993	0.8191	0.8092
26	orf1ab_C>T_Pro4715Leu_missense	14408.0	0.9059999999999999	0.8983	0.90215
