	SNP	POS_x	rep1_percent	rep2_percent	%
0	CHR_START-orf1ab_C>T__intergenic-region	241	0.9824	0.9883	1.0
1	orf1ab_C>T_Phe924Phe_synonymous	3037	0.9767	0.9815	1.0
2	orf1ab_G>T_Lys1202Asn_missense	3871	0.961	0.9681	0.96455
3	orf1ab_G>C_Val2930Leu_missense	9053	0.9771	0.9849	1.0
4	orf1ab_C>T_Pro4715Leu_missense	14408	0.9848	0.9858	1.0
5	S_A>G_As14Gly_missense	23403	0.9818	0.9863	1.0
6	N_T>C_Thr245Thr_synonymous	29008	0.9767	0.9809	1.0
7	ORF10_T>C_Phe11Phe_synonymous	29590	0.0353	0.0404	0.037849999999999995
