	SNP	POS_x	rep1_percent	rep2_percent	%
0	CHR_START-orf1ab_n.C>T__intergenic-region	241.0	0.9840000000000001	0.9904	0.9872000000000001
2	orf1ab_dupA_Leu293fs_frameshift	1135.0	0.022000000000000002	0.0194	0.020700000000000003
3	orf1ab_C>T_Phe924Phe_synonymous	3037.0	0.9792	0.9849	0.98205
4	orf1ab_G>T_Lys1202Asn_missense	3871.0	0.9654	0.9746	0.97
5	orf1ab_dupT_Leu2146fs_frameshift	6696.0	0.065	0.0746	0.0698
7	orf1ab_G>C_Val2930Leu_missense	9053.0	0.98	0.988	0.984
9	orf1ab_C>T_Pro4715Leu_missense	14408.0	0.987	0.9894	0.9882
10	orf1ab_A>C_Thr4959Pro_missense	15139.0	0.0149	0.0167	0.0158
11	orf1ab_C>A_Thr4959Thr_synonymous	15141.0	0.0149	0.0174	0.016149999999999998
13	orf1ab_dupT_Val5236fs_frameshift	15965.0	0.0626	0.0588	0.060700000000000004
14	orf1ab_dupT_Ser6037fs_frameshift	18368.0	0.057999999999999996	0.0417	0.04985
17	S_A>G_As14Gly_missense	23403.0	0.9869	0.99	0.98845
20	N_T>C_Thr245Thr_synonymous	29008.0	0.9841	0.9961	0.9901
21	ORF10_T>C_Phe11Phe_synonymous	29590.0	0.0356	0.040999999999999995	0.0383
