	SNP	POS_x	rep1_percent	rep2_percent	%
12	CHR_START-orf1ab_T>G__intergenic-region	13.0	0.5588	0.6107	0.58475
16	CHR_START-orf1ab_C>T__intergenic-region	21.0	0.038	0.08900000000000001	0.0635
20	CHR_START-orf1ab_C>T__intergenic-region	241.0	0.7822	0.7584	0.7703
21	orf1ab_G>A_As62Asn_missense	2549.0	0.7052	0.6241	0.66465
22	orf1ab_C>T_Phe924Phe_synonymous	3037.0	0.7357	0.672	0.7038500000000001
24	orf1ab_C>T_Ala3061Ala_synonymous	9448.0	0.7737	0.7764	0.77505
25	orf1ab_C>T_Pro4715Leu_missense	14408.0	0.8412	0.7659999999999999	0.8035999999999999
27	ORF10_C>T_Cys19Cys_synonymous	29614.0	0.9901	0.9843	1.0
