	SNP	POS_x	rep1_percent	rep2_percent	%
5	orf1ab_-delTCATGTTATGGTTG_His83fs_frameshift	509.0	0.0137	0.018000000000000002	0.015850000000000003
7	orf1ab_-delATGGTT_Met85-Val86del_conservative-inframe-deletion	514.0	0.0399	0.027000000000000003	0.03345
11	orf1ab_-delAAGTCATTT_Lys141-Phe143del_conservative-inframe-deletion	685.0	0.0339	0.0528	0.04335
55	orf1ab_dupT_Tyr1868fs_frameshift	5861.0	0.016	0.0148	0.0154
65	orf1ab_dupT_Leu2146fs_frameshift	6696.0	0.0562	0.0861	0.07114999999999999
84	orf1ab_C>T_Ser2839Ser_synonymous	8782.0	0.9327	0.8318	0.88225
86	orf1ab_G>T_Ala2909Ser_missense	8990.0	0.013000000000000001	0.012	0.0125
114	orf1ab_G>T_As105Tyr_missense	12578.0	0.0276	0.0125	0.02005
121	orf1ab_dupT_Leu4400fs_frameshift	13459.0	0.0223	0.0137	0.018000000000000002
124	orf1ab_G>T_Gly4436Val_missense	13571.0	0.0622	0.0475	0.054849999999999996
129	orf1ab_T>G_Met4958Arg_missense	15137.0	0.019	0.0123	0.01565
130	orf1ab_A>C_Thr4959Pro_missense	15139.0	0.0282	0.025	0.0266
131	orf1ab_C>A_Thr4959Thr_synonymous	15141.0	0.019	0.0108	0.0149
133	orf1ab_G>T_Gln4962His_missense	15150.0	0.0317	0.0299	0.0308
134	orf1ab_T>G_Leu4968Trp_missense	15167.0	0.0148	0.0132	0.014
139	orf1ab_dupT_Val5236fs_frameshift	15965.0	0.0856	0.054000000000000006	0.0698
142	orf1ab_G>A_Val5373Ile_missense	16381.0	0.9612	0.9790000000000001	0.9701000000000001
147	orf1ab_T>C_Thr5871Thr_synonymous	17877.0	0.9293	0.9644	0.94685
161	orf1ab_C>T_Phe6684Phe_synonymous	20316.0	0.9551	0.9671	0.9611
175	S_G>T_Val193Leu_missense	22139.0	0.0165	0.0131	0.0148
180	S_C>T_Pro579Leu_missense	23298.0	0.013999999999999999	0.0102	0.0121
181	S_C>T_Leu611Phe_missense	23393.0	0.0118	0.0137	0.012750000000000001
192	S_G>T_Gly1124Val_missense	24933.0	0.0131	0.0325	0.0228
193	ORF3a_G>T_Pro36Pro_synonymous	25500.0	0.9804	0.9874	0.9839
199	ORF3a_C>T_Val244Val_synonymous	26124.0	0.9689	0.9856	0.97725
209	ORF8_T>C_Leu84Ser_missense	28144.0	0.9978	0.9982	0.998
216	N_G>A_Ser202Asn_missense	28878.0	0.9984	0.9979	0.99815
228	ORF10-CHR_END_n.G>A__intergenic-region	29742.0	0.9928	0.9967	0.99475
