	SNP	POS_x	rep1_percent	rep2_percent	%
9	orf1ab_C>T_Ser2839Ser_synonymous	8782.0	0.9339	0.8278	0.8808499999999999
10	orf1ab_G>T_Gly4436Val_missense	13571.0	0.0612	0.0472	0.0542
12	orf1ab_G>A_Val5373Ile_missense	16381.0	0.9574	0.9784	0.9679
13	orf1ab_T>C_Thr5871Thr_synonymous	17877.0	0.9235	0.958	0.94075
14	orf1ab_C>T_Phe6684Phe_synonymous	20316.0	0.9425	0.945	0.94375
15	ORF3a_G>T_Pro36Pro_synonymous	25500.0	0.9793	0.9772	1.0
16	ORF3a_C>T_Val244Val_synonymous	26124.0	0.9676	0.9833	1.0
17	ORF8_T>C_Leu84Ser_missense	28144.0	0.9976	0.9971	1.0
19	N_G>A_Ser202Asn_missense	28878.0	1.0	0.9898	1.0
34	ORF10-CHR_END_G>A__intergenic-region	29742.0	0.9929	0.9919	1.0
