	SNP	POS_x	rep1_percent	rep2_percent	%
15	orf1ab_G>T_Val4952Phe_missense	15118.0	0.0135	0.0146	0.01405
18	orf1ab_A>C_Thr4959Pro_missense	15139.0	0.013000000000000001	0.022000000000000002	0.0175
19	orf1ab_G>T_Gln4962His_missense	15150.0	0.0303	0.0302	0.03025
20	orf1ab_T>G_Leu4968Trp_missense	15167.0	0.0169	0.0119	0.0144
22	orf1ab_G>A_Val5373Ile_missense	16381.0	1.0	0.9971	0.99855
29	ORF3a_G>T_Pro36Pro_synonymous	25500.0	0.9994	0.9985	0.99895
30	ORF3a_C>T_Val244Val_synonymous	26124.0	0.9938	0.9981	0.99595
36	ORF10-CHR_END_n.G>A__intergenic-region	29742.0	0.9946	0.9954	0.995
