	SNP	POS_x	rep1_percent	rep2_percent	%
10	orf1ab_G>A_Arg1318Lys_missense	4218.0	0.0431	0.0488	0.045950000000000005
33	orf1ab_T>C_Phe4896Ser_missense	14951.0	0.0509	0.0304	0.04065
37	orf1ab_A>C_Thr4959Pro_missense	15139.0	0.0346	0.0299	0.03225
38	orf1ab_G>T_Gln4962His_missense	15150.0	0.0265	0.0391	0.0328
45	orf1ab_G>A_Val5373Ile_missense	16381.0	0.9316	0.9272	0.9294
62	ORF3a_G>T_Pro36Pro_synonymous	25500.0	0.9704	0.9662	0.9682999999999999
76	ORF8_C>T_Pro38Ser_missense	28005.0	0.0232	0.0204	0.0218
81	ORF10-CHR_END_n.G>A__intergenic-region	29742.0	0.9796	0.9939	0.98675
