	SNP	POS_x	rep1_percent	rep2_percent	%
0	CHR_START-orf1ab_n.C>T__intergenic-region	241.0	0.9969	0.995	0.99595
1	orf1ab_C>T_Phe924Phe_synonymous	3037.0	0.9959	0.9964	0.99615
2	orf1ab_dupT_Leu2146fs_frameshift	6696.0	0.0769	0.0662	0.07155
3	orf1ab_dupT_As544fs_frameshift&stop	7889.0	0.0121	0.0182	0.01515
4	orf1ab_A>G_Tyr2968Cys_missense	9168.0	0.015	0.0106	0.012799999999999999
6	orf1ab_dupA_Thr3453fs_frameshift	10619.0	0.0132	0.0133	0.01325
8	orf1ab_G>T_Val3718Phe_missense	11417.0	0.9976	0.9966	0.9971000000000001
9	orf1ab_dupA_Pro3851fs_frameshift	11812.0	0.0113	0.0173	0.0143
10	orf1ab_T>C_As603Asp_synonymous	14073.0	0.9985	0.9974	0.99795
11	orf1ab_C>T_Pro4715Leu_missense	14408.0	0.9942	0.9963	0.99525
13	orf1ab_A>C_Thr4959Pro_missense	15139.0	0.0229	0.0185	0.0207
15	orf1ab_T>G_Leu4968Trp_missense	15167.0	0.0166	0.0128	0.014700000000000001
17	orf1ab_dupT_Val5236fs_frameshift	15965.0	0.1014	0.0917	0.09655
18	orf1ab_dupT_Ser6037fs_frameshift	18368.0	0.0364	0.0403	0.03835
19	S_A>G_As14Gly_missense	23403.0	0.9983	0.9978	0.99805
20	S_A>G_Lys795Lys_synonymous	23947.0	0.9989	0.9981	0.9984999999999999
21	S_dupT_Gly889fs_frameshift	24223.0	0.0135	0.0114	0.01245
22	ORF3a_dupA_Asn137fs_frameshift	25797.0	0.0127	0.0103	0.0115
24	ORF6_T>C_Tyr49Tyr_synonymous	27348.0	0.9946	0.9943	0.9944500000000001
25	ORF8_dupT_Leu109fs_frameshift	28214.0	0.0236	0.0235	0.02355
