	SNP	POS_x	rep1_percent	rep2_percent	%
0	CHR_START-orf1ab_n.C>T__intergenic-region	241.0	0.9991	0.8834	0.9412499999999999
12	orf1ab_C>T_Tyr717Tyr_synonymous	2416.0	0.9971	0.9426	0.96985
14	orf1ab_C>T_Phe924Phe_synonymous	3037.0	0.9968	0.9163	0.95655
20	orf1ab_G>A_Ala1420Thr_missense	4523.0	0.9983	0.9341	0.9662
32	orf1ab_dupT_Leu2146fs_frameshift	6696.0	0.1398	0.048	0.09390000000000001
49	orf1ab_C>T_Leu3483Phe_missense	10712.0	0.9983	0.956	0.97715
52	orf1ab_G>T_Met3752Ile_missense	11521.0	0.0211	0.0165	0.0188
63	orf1ab_C>T_Pro4715Leu_missense	14408.0	1.0	0.9457	0.97285
70	orf1ab_G>T_Gln4962His_missense	15150.0	0.0362	0.0197	0.027950000000000003
95	orf1ab_dupT_Ser6037fs_frameshift	18368.0	0.0297	0.0304	0.03005
121	S_A>G_As14Gly_missense	23403.0	0.9808	0.9449	0.96285
123	S_-delCCCATTGGTGCAGGTATATGCGCTAGTT_Pro665fs_frameshift	23554.0	0.0482	0.0401	0.044149999999999995
134	ORF3a_G>T_Gln57His_missense	25563.0	0.9983	0.9473	0.9728
