	SNP	POS_x	rep1_percent	rep2_percent	%
0	CHR_START-orf1ab_241C>T__intergenic	241.0	0.9983	0.8837	0.9410000000000001
1	orf1ab_2151C>T_Tyr717Tyr_synonymous	2416.0	0.9971	0.9431	1.0
2	orf1ab_2772C>T_Phe924Phe_synonymous	3037.0	0.9968	0.9171	0.95695
3	orf1ab_4258G>A_Ala1420Thr_missense	4523.0	0.9984	0.9155	0.95695
5	orf1ab_10447C>T_Leu3483Phe_missense	10712.0	0.9979	0.9561	1.0
6	orf1ab_14144C>T_Pro4715Leu_missense	14408.0	0.9996	0.9457	1.0
12	S_1841A>G_As14Gly_missense	23403.0	0.9804	0.9449	0.96265
14	ORF3a_171G>T_Gln57His_missense	25563.0	0.9983	0.9474	1.0
