	SNP	POS_x	rep1_percent	rep2_percent	%
0	CHR_START-orf1ab_n.C>T__intergenic-region	241.0	0.9903	0.9941	0.9922
1	orf1ab_-delGTCATGTTATGGTTG_Gly82-Val86del_disruptive-inframe-deletion	507.0	0.0203	0.0153	0.0178
2	orf1ab_-delATG_Met85del_conservative-inframe-deletion	517.0	0.022000000000000002	0.0173	0.01965
3	orf1ab_-delAAGTCATTT_Lys141-Phe143del_conservative-inframe-deletion	685.0	0.0337	0.0295	0.0316
4	orf1ab_dupA_Leu293fs_frameshift	1135.0	0.0165	0.0124	0.014450000000000001
5	orf1ab_dupA_Gly519fs_frameshift	1813.0	0.01	0.0121	0.01105
6	orf1ab_C>T_Phe924Phe_synonymous	3037.0	0.9889	0.9946	0.99175
7	orf1ab_dupT_Leu2146fs_frameshift	6696.0	0.0743	0.0698	0.07205
9	orf1ab_C>A_Gln3452Lys_missense	10619.0	0.0122	0.0102	0.011200000000000002
11	orf1ab_G>T_Val3718Phe_missense	11417.0	0.9909	0.9949	0.9929
12	orf1ab_dupA_Pro3851fs_frameshift	11812.0	0.0152	0.0161	0.01565
14	orf1ab_T>C_As603Asp_synonymous	14073.0	0.995	0.9979	0.9964500000000001
15	orf1ab_C>T_Pro4715Leu_missense	14408.0	0.9901	0.9939	0.992
16	orf1ab_A>C_Thr4959Pro_missense	15139.0	0.0135	0.0284	0.02095
18	orf1ab_G>A_Leu4968Leu_synonymous	15168.0	0.0652	0.0772	0.0712
19	orf1ab_dupT_Val5236fs_frameshift	15965.0	0.0468	0.0448	0.0458
20	orf1ab_dupT_Ser6037fs_frameshift	18368.0	0.0332	0.0277	0.030449999999999998
21	orf1ab_dupT_As576fs_frameshift&stop	19983.0	0.0236	0.0268	0.0252
23	S_A>G_As14Gly_missense	23403.0	0.9901	0.9959	0.993
24	S_dupT_Ala783fs_frameshift	23903.0	0.0122	0.0102	0.011200000000000002
25	S_A>G_Lys795Lys_synonymous	23947.0	0.9927	0.9966	0.99465
27	ORF6_T>C_Tyr49Tyr_synonymous	27348.0	0.9969	0.9988	0.99785
28	ORF8_dupT_Leu109fs_frameshift	28214.0	0.0167	0.0181	0.0174
