	SNP	POS_x	rep1_percent	rep2_percent	%
0	CHR_START-orf1ab_241C>T__intergenic	241	0.9699	0.9804	1.0
1	orf1ab_794C>T_Thr265Ile_missense	1059	0.941	0.9595	0.95025
2	orf1ab_2772C>T_Phe924Phe_synonymous	3037	0.9598	0.9655	0.96265
3	orf1ab_5074C>T_Pro1692Ser_missense	5339	0.9737	0.9745	1.0
4	orf1ab_7875C>T_Ser2625Ser_synonymous	8140	0.9505	0.9615	0.956
5	orf1ab_7943C>T_Thr2648Ile_missense	8208	0.9502	0.9599	0.95505
6	orf1ab_14144C>T_Pro4715Leu_missense	14408	0.9682	0.9653	0.96675
9	orf1ab_14904G>A_Leu4968Leu_synonymous	15168	0.0864	0.032	0.0592
10	orf1ab_15996C>T_Cys5332Cys_synonymous	16260	0.9406	0.9501	0.9453499999999999
14	S_1841A>G_As14Gly_missense	23403	0.9723	0.9737	1.0
16	ORF3a_48G>T_Lys16Asn_missense	25440	0.9704	0.9696	1.0
17	ORF3a_171G>T_Gln57His_missense	25563	0.9703	0.9725	1.0
41	N_548C>A_Ser183Tyr_missense	28821	0.9990000000000001	0.9767	1.0
