	SNP	POS_x	rep1_percent	rep2_percent	%
0	CHR_START-orf1ab_T>A__intergenic-region	2.0	0.0305	0.0321	0.031299999999999994
2	CHR_START-orf1ab_C>T__intergenic-region	20.0	0.0435	0.0319	0.0377
3	CHR_START-orf1ab_C>T__intergenic-region	21.0	0.0538	0.0363	0.04505
4	CHR_START-orf1ab_A>T__intergenic-region	22.0	0.0521	0.0564	0.05425
5	CHR_START-orf1ab_G>A__intergenic-region	23.0	0.0308	0.0357	0.03325
6	CHR_START-orf1ab_T>C__intergenic-region	25.0	0.0413	0.0625	0.0519
7	CHR_START-orf1ab_C>T__intergenic-region	241.0	0.5808	0.5760000000000001	0.5784
8	orf1ab_A>C_As44Ala_missense	696.0	0.6940000000000001	0.7173	0.7056500000000001
9	orf1ab_C>T_Phe924Phe_synonymous	3037.0	0.5621	0.6096	0.58585
10	orf1ab_T>C_Val1222Val_synonymous	3931.0	0.4769	0.5375	0.5072
11	orf1ab_C>T_Pro1321Ser_missense	4226.0	0.6613	0.6823	0.6718
12	orf1ab_C>A_Pro2046Gln_missense	6402.0	0.5174	0.5313	0.52435
14	orf1ab_A>C_Leu2524Phe_missense	7837.0	0.4841	0.5545	0.5193
15	orf1ab_C>T_Pro4715Leu_missense	14408.0	0.6802	0.7135	0.69685
