	SNP	POS_x	rep1_percent	rep2_percent	%
0	CHR_START-orf1ab_241C>T__intergenic	241.0	0.9748	0.9789	1.0
1	orf1ab_431A>C_As44Ala_missense	696.0	0.9879	0.9909	1.0
2	orf1ab_2772C>T_Phe924Phe_synonymous	3037.0	0.9716	0.9709	1.0
3	orf1ab_3606G>T_Lys1202Asn_missense	3871.0	0.9621	0.9572	0.95965
4	orf1ab_3609C>T_Ile1203Ile_synonymous	3874.0	0.1123	0.1288	0.12054999999999999
5	orf1ab_3666T>C_Val1222Val_synonymous	3931.0	0.9616	0.9564	0.9590000000000001
6	orf1ab_3961C>T_Pro1321Ser_missense	4226.0	0.9819	0.976	1.0
7	orf1ab_5407C>T_Pro1803Ser_missense	5672.0	0.9818	0.977	1.0
8	orf1ab_6137C>A_Pro2046Gln_missense	6402.0	0.7265	0.7122	0.71935
9	orf1ab_7572A>C_Leu2524Phe_missense	7837.0	0.9634	0.9645	0.9639500000000001
10	orf1ab_14144C>T_Pro4715Leu_missense	14408.0	0.9795	0.9785	1.0
13	orf1ab_19413G>T_Gln6471His_missense	19677.0	0.9801	0.9692	1.0
14	orf1ab_20062G>A_Val6688Ile_missense	20326.0	0.1356	0.1497	0.14265
15	S_1841A>G_As14Gly_missense	23403.0	0.986	0.9829	1.0
16	N_704C>T_Ser235Phe_missense	28977.0	0.9948	0.9379	0.96635
