	SNP	POS_x	rep1_percent	rep2_percent	%
5	CHR_START-orf1ab_C>T__intergenic-region	241.0	0.8361	0.8916	0.86385
6	orf1ab_G>T_Leu590Phe_missense	2035.0	0.7659999999999999	0.8229	0.7944499999999999
7	orf1ab_C>T_Phe924Phe_synonymous	3037.0	0.7727	0.858	0.81535
8	orf1ab_C>T_Ser3920Ser_synonymous	12025.0	0.851	0.8953	0.87315
9	orf1ab_C>T_Pro4715Leu_missense	14408.0	0.8359	0.9023	0.8691
10	N_G>A_Arg203Lys_missense	28881.0	0.9957	0.9304	0.96305
11	N_G>A_Arg203Arg_synonymous	28882.0	0.9939	0.9293	0.9616
12	N_G>C_Gly204Arg_missense	28883.0	0.9972	0.9333	0.9652499999999999
