	SNP	POS_x	rep1_percent	rep2_percent	%
0	orf1ab_C>T_Ser2839Ser_synonymous	8782	0.9572	0.9279	0.94255
1	orf1ab_A>G_Ser3949Gly_missense	12110	0.5684	0.5756	0.5720000000000001
3	orf1ab_G>A_Val5373Ile_missense	16381	0.9032	0.9569	0.93005
4	orf1ab_T>C_Thr5871Thr_synonymous	17877	0.927	0.9539	0.94045
5	orf1ab_C>T_Phe6684Phe_synonymous	20316	0.9375	0.9474	0.94245
6	ORF3a_G>T_Pro36Pro_synonymous	25500	0.9785	0.9768	1.0
7	ORF3a_C>T_Pro267Leu_missense	26192	0.9713	0.977	1.0
8	ORF8_T>C_Leu84Ser_missense	28144	0.9986	0.9978	1.0
9	N_G>A_Ser202Asn_missense	28878	0.9992	0.9997	1.0
15	ORF10-CHR_END_G>A__intergenic-region	29742	0.9424	0.9951	0.96875
