	SNP	POS_x	rep1_percent	rep2_percent	%
1	orf1ab_dupA_Gly519fs_frameshift	1813.0	0.0145	0.0118	0.01315
3	orf1ab_dupT_Leu2146fs_frameshift	6696.0	0.0818	0.0854	0.08360000000000001
4	orf1ab_C>T_Ser2839Ser_synonymous	8782.0	0.9573	0.9283	0.9428000000000001
7	orf1ab_dupA_Pro3851fs_frameshift	11812.0	0.016	0.0139	0.01495
8	orf1ab_A>G_Ser3949Gly_missense	12110.0	0.5705	0.5768	0.57365
10	orf1ab_G>T_Val4952Phe_missense	15118.0	0.0166	0.0167	0.016649999999999998
11	orf1ab_A>C_Thr4957Pro_missense	15133.0	0.0146	0.0112	0.0129
13	orf1ab_A>C_Thr4959Pro_missense	15139.0	0.0177	0.0271	0.0224
14	orf1ab_C>A_Thr4959Thr_synonymous	15141.0	0.0146	0.0149	0.01475
16	orf1ab_T>G_Leu4968Trp_missense	15167.0	0.0151	0.0162	0.01565
18	orf1ab_dupT_Val5236fs_frameshift	15965.0	0.0118	0.0197	0.01575
20	orf1ab_G>A_Val5373Ile_missense	16381.0	0.925	0.9572	0.9411
21	orf1ab_T>C_Thr5871Thr_synonymous	17877.0	0.9436	0.9542	0.9489000000000001
24	orf1ab_dupT_As576fs_frameshift&stop	19983.0	0.0138	0.0488	0.0313
26	orf1ab_C>T_Phe6684Phe_synonymous	20316.0	0.9526	0.9514	0.952
29	ORF3a_G>T_Pro36Pro_synonymous	25500.0	0.9784	0.9766	0.9775
30	ORF3a_C>T_Pro267Leu_missense	26192.0	0.971	0.977	0.974
31	E-M_n.-insT__intergenic-region	26493.0	0.013000000000000001	0.0119	0.012450000000000001
32	ORF8_T>C_Leu84Ser_missense	28144.0	0.9986	0.9978	0.9982
33	N_G>A_Ser202Asn_missense	28878.0	0.9992	0.9997	0.99945
34	ORF10-CHR_END_n.G>A__intergenic-region	29742.0	0.9968	0.9951	0.99595
