	SNP	POS_x	rep1_percent	rep2_percent	%
0	CHR_START-orf1ab_n.C>T__intergenic-region	241.0	0.993	0.9907	0.99185
1	orf1ab_-delTCATGTTATGGTTG_His83fs_frameshift	509.0	0.012	0.0136	0.012799999999999999
2	orf1ab_C>T_Phe924Phe_synonymous	3037.0	0.9898	0.9872	0.9884999999999999
3	orf1ab_C>T_Leu1546Leu_synonymous	4901.0	0.0718	0.0801	0.07595
4	orf1ab_dupT_Leu2146fs_frameshift	6696.0	0.0617	0.0842	0.07295
5	orf1ab_dupA_Thr3453fs_frameshift	10619.0	0.0128	0.0127	0.012750000000000001
6	orf1ab_C>T_Pro4715Leu_missense	14408.0	0.9913	0.9886	0.98995
7	orf1ab_T>G_Met4958Arg_missense	15137.0	0.0109	0.0128	0.01185
10	orf1ab_T>G_Leu4968Trp_missense	15167.0	0.0132	0.0113	0.01225
11	orf1ab_dupT_Val5236fs_frameshift	15965.0	0.0912	0.0581	0.07465
12	orf1ab_dupT_Ser6037fs_frameshift	18368.0	0.0306	0.0223	0.02645
13	orf1ab_C>T_Leu6205Leu_synonymous	18877.0	0.9912	0.9901	0.99065
15	S_A>G_As14Gly_missense	23403.0	0.9916	0.9915	0.99155
16	S_A>G_Thr1100Thr_synonymous	24862.0	0.9932	0.9914	0.9923
17	ORF3a_G>T_Gln57His_missense	25563.0	0.9929	0.9926	0.99275
18	ORF8_dupT_Leu109fs_frameshift	28214.0	0.0166	0.0248	0.0207
19	ORF10-CHR_END_n.A>T__intergenic-region	29731.0	0.9982	0.9992	0.9986999999999999
