	SNP	POS_x	rep1_percent	rep2_percent	%
1	orf1ab_-delGTCATGTTATGGTTG_Gly82-Val86del_disruptive-inframe-deletion	507.0	0.0214	0.0354	0.0284
44	orf1ab_dupT_Leu2253fs_frameshift	7019.0	0.0182	0.0108	0.0145
55	orf1ab_C>T_Ser2839Ser_synonymous	8782.0	0.9818	0.9990000000000001	0.9904000000000001
64	orf1ab_C>T_Asn3414Asn_synonymous	10507.0	0.9823	0.9994	0.99085
94	orf1ab_G>T_Val4952Phe_missense	15118.0	0.0158	0.0126	0.0142
95	orf1ab_A>C_Thr4959Pro_missense	15139.0	0.0243	0.0166	0.02045
96	orf1ab_C>A_Thr4959Thr_synonymous	15141.0	0.0102	0.0136	0.0119
97	orf1ab_G>T_Gln4962His_missense	15150.0	0.0407	0.0327	0.036699999999999997
105	orf1ab_dupT_Val5236fs_frameshift	15965.0	0.1348	0.0588	0.0968
109	orf1ab_G>A_Val5373Ile_missense	16381.0	0.9698	0.9993	0.98455
139	orf1ab_T>C_Thr5871Thr_synonymous	17877.0	0.9793	0.9986	0.98895
150	orf1ab_C>T_Phe6684Phe_synonymous	20316.0	0.9633	0.9598	0.96155
189	ORF3a_G>T_Pro36Pro_synonymous	25500.0	0.9695	0.9997	0.9846
192	ORF3a_C>T_Val244Val_synonymous	26124.0	0.9711	0.9979	0.9844999999999999
204	ORF8_T>C_Leu84Ser_missense	28144.0	0.9987	0.9986	0.99865
209	N_G>A_Ser202Asn_missense	28878.0	1.0	0.9982	0.9991
210	ORF10-CHR_END_n.G>A__intergenic-region	29742.0	0.9898	0.9961	0.99295
