	SNP	POS_x	rep1_percent	rep2_percent	%
3	orf1ab_8517C>T_Ser2839Ser_synonymous	8782.0	0.9819	1.0	1.0
4	orf1ab_10242C>T_Asn3414Asn_synonymous	10507.0	0.9824	0.9994	1.0
7	orf1ab_14886G>T_Gln4962His_missense	15150.0	0.0407	0.0327	0.036699999999999997
8	orf1ab_16117G>A_Val5373Ile_missense	16381.0	0.9698	0.9993	1.0
18	orf1ab_17613T>C_Thr5871Thr_synonymous	17877.0	0.9794	0.9986	1.0
20	orf1ab_20052C>T_Phe6684Phe_synonymous	20316.0	0.9634	0.9599	0.96165
26	ORF3a_108G>T_Pro36Pro_synonymous	25500.0	0.9690000000000001	0.9997	1.0
28	ORF3a_732C>T_Val244Val_synonymous	26124.0	0.9707	0.9979	1.0
29	ORF8_251T>C_Leu84Ser_missense	28144.0	0.9985	0.9986	1.0
30	N_605G>A_Ser202Asn_missense	28878.0	1.0	0.9668	1.0
31	ORF10-CHR_END_29742G>A__intergenic	29742.0	0.9898	0.9961	1.0
