	SNP	POS_x	rep1_percent	rep2_percent	%
3	orf1ab_dupT_Leu2146fs_frameshift	6696.0	0.0371	0.0714	0.05425000000000001
4	orf1ab_C>T_Ser2839Ser_synonymous	8782.0	0.9962	0.9972	0.9966999999999999
6	orf1ab_G>T_Leu3606Phe_missense	11083.0	0.0237	0.0217	0.022699999999999998
9	orf1ab_A>C_Thr4957Pro_missense	15133.0	0.0127	0.0106	0.01165
11	orf1ab_A>C_Thr4959Pro_missense	15139.0	0.0337	0.0197	0.0267
12	orf1ab_C>A_Thr4959Thr_synonymous	15141.0	0.0142	0.0213	0.017750000000000002
13	orf1ab_T>G_Leu4968Trp_missense	15167.0	0.0152	0.0138	0.014499999999999999
15	orf1ab_dupT_Val5236fs_frameshift	15965.0	0.0235	0.0624	0.04295
16	orf1ab_G>A_Val5373Ile_missense	16381.0	0.9937	0.996	0.99485
17	orf1ab_T>A_Phe5823Tyr_missense	17732.0	0.026000000000000002	0.0218	0.0239
18	orf1ab_T>C_Thr5871Thr_synonymous	17877.0	0.9962	0.9962	0.9962
19	orf1ab_dupT_Ser6037fs_frameshift	18368.0	0.0169	0.0221	0.0195
20	orf1ab_dupT_As576fs_frameshift&stop	19983.0	0.0188	0.0243	0.02155
21	orf1ab_C>T_Phe6684Phe_synonymous	20316.0	0.9899	0.988	0.98895
22	ORF3a_G>T_Pro36Pro_synonymous	25500.0	0.9940000000000001	0.9966	0.9953000000000001
23	ORF8_T>C_Leu84Ser_missense	28144.0	0.9981	0.9979	0.998
24	N_G>A_Ser202Asn_missense	28878.0	0.9956	0.9975	0.99655
25	N_C>T_Thr332Thr_synonymous	29269.0	0.997	0.9968	0.9969
26	ORF10-CHR_END_n.G>A__intergenic-region	29742.0	0.9907	0.9971	0.9939
27	ORF10-CHR_END_n.G>T__intergenic-region	29778.0	0.0146	0.0189	0.01675
