	SNP	POS_x	rep1_percent	rep2_percent	%
0	CHR_START-orf1ab_n.C>T__intergenic-region	241.0	0.9915	0.9819	0.9867
1	orf1ab_-delTCATGTTATGGTTG_His83fs_frameshift	509.0	0.0122	0.0105	0.01135
2	orf1ab_C>T_Thr265Ile_missense	1059.0	0.9911	0.9873	0.9892
3	orf1ab_dupA_Leu293fs_frameshift	1135.0	0.0129	0.0118	0.01235
4	orf1ab_C>T_Phe924Phe_synonymous	3037.0	0.9857	0.9817	0.9837
5	orf1ab_C>T_Gly1456Gly_synonymous	4633.0	0.0117	0.0185	0.015099999999999999
6	orf1ab_dupT_Leu2146fs_frameshift	6696.0	0.083	0.0843	0.08365
7	orf1ab_G>T_Gly2207Cys_missense	6884.0	0.9843	0.9708	0.9775499999999999
8	orf1ab_A>T_Ser2535Ser_synonymous	7870.0	0.0151	0.0103	0.0127
11	orf1ab_dupT_Val3449fs_frameshift	10605.0	0.0123	0.0118	0.01205
13	orf1ab_dupA_Thr3453fs_frameshift	10619.0	0.0168	0.0183	0.01755
12	orf1ab_C>A_Gln3452Lys_missense	10619.0	0.0106	0.0108	0.010700000000000001
14	orf1ab_dupA_Pro3851fs_frameshift	11812.0	0.0163	0.0195	0.0179
15	orf1ab_C>T_Ala4426Val_missense	13541.0	0.01	0.01	0.01
16	orf1ab_C>T_Pro4715Leu_missense	14408.0	0.9916	0.9771	0.9843500000000001
18	orf1ab_T>G_Leu4968Trp_missense	15167.0	0.011000000000000001	0.0127	0.01185
19	orf1ab_dupT_Val5236fs_frameshift	15965.0	0.0709	0.0721	0.07150000000000001
20	orf1ab_dupT_Ser5587fs_frameshift	17019.0	0.0101	0.0108	0.010450000000000001
21	orf1ab_dupT_Ser6037fs_frameshift	18368.0	0.0342	0.0399	0.03705
22	orf1ab_dupT_As576fs_frameshift&stop	19983.0	0.0225	0.0226	0.02255
24	orf1ab_A>G_Ile6757Val_missense	20533.0	0.0162	0.0154	0.0158
25	orf1ab_C>T_Ala6914Val_missense	21005.0	0.0148	0.0166	0.0157
26	S_A>G_As14Gly_missense	23403.0	0.9933	0.9896	0.9914499999999999
27	S_-delCCCATTGGTGCAGGTATATGCGCTAGTT_Pro665fs_frameshift	23554.0	0.0137	0.0108	0.01225
29	ORF3a_G>T_Gln57His_missense	25563.0	0.9947	0.9935	0.9941
30	ORF3a_dupA_Asn137fs_frameshift	25797.0	0.013000000000000001	0.0147	0.013850000000000001
32	M_C>T_Ala218Val_missense	27175.0	0.0134	0.0143	0.013850000000000001
36	ORF8_dupT_Leu109fs_frameshift	28214.0	0.0261	0.0174	0.02175
