	SNP	POS_x	rep1_percent	rep2_percent	%
0	orf1ab_C>T_Ser2839Ser_synonymous	8782.0	0.8223	0.8074	0.8148500000000001
4	orf1ab_G>A_Val5373Ile_missense	16381.0	0.9102	0.9198	0.915
5	orf1ab_T>C_Thr5871Thr_synonymous	17877.0	0.8170000000000001	0.9241	0.87055
6	orf1ab_C>T_Phe6684Phe_synonymous	20316.0	0.8925	0.9007	0.8966
8	ORF3a_G>T_Pro36Pro_synonymous	25500.0	0.9605	0.9613	0.9609000000000001
10	ORF8_T>C_Leu84Ser_missense	28144.0	0.9935	0.9976	1.0
11	N_G>A_Ser202Asn_missense	28878.0	0.9341	0.9993	0.9667
12	ORF10-CHR_END_G>A__intergenic-region	29742.0	0.9931	1.0	1.0
