	SNP	POS_x	rep1_percent	rep2_percent	%
5	orf1ab_-delTCATGTTATGGTTG_His83fs_frameshift	509.0	0.0128	0.0302	0.021500000000000002
14	orf1ab_dupA_Leu293fs_frameshift	1135.0	0.0145	0.0166	0.015550000000000001
22	orf1ab_G>A_Glu489Lys_missense	1730.0	0.0163	0.0126	0.01445
24	orf1ab_dupA_Ile502fs_frameshift	1766.0	0.0118	0.0126	0.012199999999999999
35	orf1ab_T>C_Tyr921His_missense	3026.0	0.0151	0.0267	0.020900000000000002
52	orf1ab_dupT_Leu1643fs_frameshift	5187.0	0.0139	0.0348	0.024349999999999997
69	orf1ab_dupT_Leu2146fs_frameshift	6696.0	0.0396	0.0342	0.0369
82	orf1ab_C>T_Ser2839Ser_synonymous	8782.0	0.8887	0.8072	0.84795
85	orf1ab_A>T_Thr2967Ser_missense	9164.0	0.0102	0.012	0.0111
113	orf1ab_delG_Val3917fs_frameshift	12013.0	0.0167	0.0163	0.0165
135	orf1ab_G>T_Val4952Phe_missense	15118.0	0.0165	0.0166	0.016550000000000002
136	orf1ab_C>T_Ser4953Phe_missense	15122.0	0.0158	0.0136	0.014700000000000001
137	orf1ab_A>C_Thr4957Pro_missense	15133.0	0.0143	0.0121	0.0132
138	orf1ab_T>G_Met4958Arg_missense	15137.0	0.0215	0.0222	0.02185
140	orf1ab_C>A_Thr4959Thr_synonymous	15141.0	0.0108	0.0161	0.01345
141	orf1ab_T>G_Leu4968Trp_missense	15167.0	0.0237	0.0151	0.0194
149	orf1ab_dupT_Val5236fs_frameshift	15965.0	0.044000000000000004	0.0529	0.04845000000000001
153	orf1ab_G>A_Val5373Ile_missense	16381.0	0.9465	0.9198	0.9331499999999999
158	orf1ab_dupA_Gly5527fs_frameshift	16837.0	0.0157	0.0223	0.019
160	orf1ab_T>A_Gly5527Gly_synonymous	16845.0	0.0245	0.0108	0.01765
177	orf1ab_T>C_Thr5871Thr_synonymous	17877.0	0.8843	0.924	0.90415
192	orf1ab_dupT_Tyr6371fs_frameshift	19368.0	0.0153	0.0479	0.031599999999999996
196	orf1ab_dupT_As576fs_frameshift&stop	19983.0	0.0698	0.0606	0.06520000000000001
199	orf1ab_C>A_Val6617Val_synonymous	20115.0	0.0113	0.0105	0.0109
203	orf1ab_C>T_Phe6684Phe_synonymous	20316.0	0.9355	0.924	0.9297500000000001
224	S_dupT_Asn343fs_frameshift&stop	22583.0	0.016	0.0186	0.0173
237	S_dupT_Gly889fs_frameshift	24223.0	0.0168	0.0199	0.018349999999999998
239	S_dupT_Ser982fs_frameshift	24503.0	0.017	0.0142	0.015600000000000001
244	ORF3a_G>T_Pro36Pro_synonymous	25500.0	0.9767	0.9613	0.9690000000000001
274	ORF8_dupA_Ser54fs_frameshift	28048.0	0.0193	0.0109	0.0151
277	ORF8_T>C_Leu84Ser_missense	28144.0	0.9992	0.9976	0.9984
280	N_C>T_As28Asp_synonymous	28657.0	0.0106	0.0103	0.010450000000000001
281	N_G>A_Ser202Asn_missense	28878.0	0.9986	0.9993	0.99895
294	ORF10-CHR_END_n.G>A__intergenic-region	29742.0	0.993	1.0	0.9964999999999999
