	SNP	POS_x	rep1_percent	rep2_percent	%
0	CHR_START-orf1ab_n.C>T__intergenic-region	241.0	0.9665	0.9074	0.93695
1	orf1ab_C>T_Thr265Ile_missense	1059.0	0.9681	0.9585	0.9633
2	orf1ab_dupA_Leu293fs_frameshift	1135.0	0.0107	0.0101	0.0104
3	orf1ab_C>T_Ile616Ile_synonymous	2113.0	0.5995	0.5649	0.5822
4	orf1ab_C>T_Phe924Phe_synonymous	3037.0	0.9506	0.9390000000000001	0.9448000000000001
5	orf1ab_dupT_Leu2146fs_frameshift	6696.0	0.0728	0.0469	0.05985
7	orf1ab_dupT_Ser3376fs_frameshift	10386.0	0.0108	0.0129	0.01185
8	orf1ab_G>T_Ala3625Ser_missense	11138.0	0.9582	0.9540000000000001	0.9561000000000001
9	orf1ab_dupA_Pro3851fs_frameshift	11812.0	0.0102	0.0107	0.010450000000000001
11	orf1ab_C>T_Pro4715Leu_missense	14408.0	0.9707	0.9533	0.962
12	orf1ab_A>C_Thr4959Pro_missense	15139.0	0.0254	0.0246	0.025
13	orf1ab_T>G_Leu4968Trp_missense	15167.0	0.0106	0.0108	0.010700000000000001
14	orf1ab_G>A_Gly5166Ser_missense	15760.0	0.9654	0.9631	0.96425
15	orf1ab_dupT_Val5236fs_frameshift	15965.0	0.0317	0.0121	0.0219
16	orf1ab_dupT_Ser6037fs_frameshift	18368.0	0.0368	0.0149	0.025849999999999998
17	orf1ab_dupT_As576fs_frameshift&stop	19983.0	0.0326	0.032	0.032299999999999995
19	S_A>G_Thr588Ala_missense	23324.0	0.0174	0.0201	0.01875
20	S_A>G_As14Gly_missense	23403.0	0.9667	0.9632	0.96495
22	ORF3a_C>T_Ile20Ile_synonymous	25452.0	0.0601	0.0649	0.0625
23	ORF3a_G>T_Gln57His_missense	25563.0	0.9694	0.9658	0.9676
25	ORF8_dupT_Leu109fs_frameshift	28214.0	0.0147	0.0138	0.014249999999999999
26	ORF10-CHR_END_n.C>T__intergenic-region	29743.0	0.0505	0.0769	0.0637
