	SNP	POS_x	rep1_percent	rep2_percent	%
0	CHR_START-orf1ab_241C>T__intergenic	241	0.9642	0.9028	0.9335
1	orf1ab_794C>T_Thr265Ile_missense	1059	0.9640000000000001	0.9566	0.9603
2	orf1ab_1848C>T_Ile616Ile_synonymous	2113	0.5963	0.5628	0.57955
3	orf1ab_2772C>T_Phe924Phe_synonymous	3037	0.9457	0.9342	0.9399500000000001
4	orf1ab_10873G>T_Ala3625Ser_missense	11138	0.9517	0.9475	0.9496
5	orf1ab_14144C>T_Pro4715Leu_missense	14408	0.9688	0.9467	0.95775
6	orf1ab_15496G>A_Gly5166Ser_missense	15760	0.9635	0.9591	0.9613
7	S_1841A>G_As14Gly_missense	23403	0.9645	0.9604	0.96245
8	ORF3a_60C>T_Ile20Ile_synonymous	25452	0.0599	0.0645	0.062200000000000005
9	ORF3a_171G>T_Gln57His_missense	25563	0.9673	0.9637	0.9655
10	ORF10-CHR_END_29743C>T__intergenic	29743	0.0501	0.1076	0.07885
