	SNP	POS_x	rep1_percent	rep2_percent	%
0	CHR_START-orf1ab_n.C>T__intergenic-region	241.0	0.9840000000000001	0.9601	0.9720500000000001
1	orf1ab_dupA_Leu293fs_frameshift	1135.0	0.0136	0.0136	0.0136
2	orf1ab_C>T_Phe924Phe_synonymous	3037.0	0.9652	0.9804	0.9728
3	orf1ab_dupT_Leu2146fs_frameshift	6696.0	0.0584	0.071	0.0647
4	orf1ab_dupT_As544fs_frameshift&stop	7889.0	0.0111	0.0107	0.0109
5	orf1ab_A>G_Asn2966Ser_missense	9162.0	0.0118	0.0148	0.0133
6	orf1ab_C>T_Ala3045Val_missense	9399.0	0.0157	0.0118	0.013749999999999998
7	orf1ab_dupT_Ser3376fs_frameshift	10386.0	0.0109	0.0104	0.01065
8	orf1ab_G>T_Val3718Phe_missense	11417.0	0.9861	0.9693	0.9777
10	orf1ab_dupA_Pro3851fs_frameshift	11812.0	0.018000000000000002	0.0138	0.0159
11	orf1ab_T>C_As603Asp_synonymous	14073.0	0.9875	0.9897	0.9886
12	orf1ab_C>T_Pro4715Leu_missense	14408.0	0.9856	0.9853	0.9854499999999999
13	orf1ab_G>T_Val4952Phe_missense	15118.0	0.0173	0.0165	0.0169
14	orf1ab_T>G_Met4958Arg_missense	15137.0	0.0164	0.0139	0.01515
15	orf1ab_A>C_Thr4959Pro_missense	15139.0	0.0247	0.023	0.02385
16	orf1ab_C>A_Thr4959Thr_synonymous	15141.0	0.0169	0.0159	0.016399999999999998
18	orf1ab_T>G_Leu4968Trp_missense	15167.0	0.0141	0.0122	0.01315
19	orf1ab_dupT_Val5236fs_frameshift	15965.0	0.0438	0.0301	0.03695
20	orf1ab_dupT_Ser6037fs_frameshift	18368.0	0.0238	0.015	0.0194
21	orf1ab_dupT_As576fs_frameshift&stop	19983.0	0.0283	0.03	0.02915
22	S_A>G_As14Gly_missense	23403.0	0.9841	0.9881	0.9861
23	S_dupT_Ala783fs_frameshift	23903.0	0.0104	0.0107	0.01055
24	S_A>G_Lys795Lys_synonymous	23947.0	0.9816	0.9841	0.98285
26	ORF8_dupT_Leu109fs_frameshift	28214.0	0.0142	0.0136	0.0139
