	SNP	POS_x	rep1_percent	rep2_percent	%
0	CHR_START-orf1ab_n.C>T__intergenic-region	241.0	0.9979	0.9966	0.99725
1	orf1ab_C>T_Thr265Ile_missense	1059.0	0.9981	0.9957	0.9969
2	orf1ab_C>T_Phe924Phe_synonymous	3037.0	0.9966	0.9942	0.9954000000000001
3	orf1ab_dupT_Leu2146fs_frameshift	6696.0	0.0535	0.0559	0.0547
6	orf1ab_dupT_Leu4400fs_frameshift	13459.0	0.0105	0.0101	0.0103
7	orf1ab_C>T_Pro4715Leu_missense	14408.0	0.9973	0.9956	0.9964500000000001
10	orf1ab_A>C_Thr4959Pro_missense	15139.0	0.0245	0.0177	0.0211
12	orf1ab_T>G_Leu4968Trp_missense	15167.0	0.0168	0.0137	0.01525
13	orf1ab_C>T_Leu5006Phe_missense	15280.0	0.0338	0.0403	0.03705
14	orf1ab_dupT_Val5236fs_frameshift	15965.0	0.0238	0.0209	0.022350000000000002
15	orf1ab_G>T_Ala5620Ser_missense	17122.0	0.9977	0.9971	0.9974000000000001
16	orf1ab_dupT_Ser6037fs_frameshift	18368.0	0.0178	0.0227	0.02025
17	orf1ab_dupT_As576fs_frameshift&stop	19983.0	0.0324	0.0221	0.02725
18	S_A>G_As14Gly_missense	23403.0	0.998	0.9957	0.99685
20	ORF3a_G>T_Gln57His_missense	25563.0	0.9988	0.9976	0.9982
21	M_G>T_Ala38Ser_missense	26634.0	0.9985	0.9981	0.9983
22	ORF8_C>T_Ser24Leu_missense	27964.0	0.9991	0.9987	0.9989
23	ORF8_dupT_Leu109fs_frameshift	28214.0	0.0153	0.0151	0.0152
