	SNP	POS_x	rep1_percent	rep2_percent	%
0	orf1ab_-delTCATGTTATGGTTG_His83fs_frameshift	509.0	0.0107	0.01	0.01035
1	orf1ab_dupT_Leu2146fs_frameshift	6696.0	0.0742	0.073	0.0736
2	orf1ab_dupT_As544fs_frameshift&stop	7889.0	0.0183	0.0186	0.01845
3	orf1ab_C>T_Ser2839Ser_synonymous	8782.0	0.9407	0.9347	0.9377
4	orf1ab_G>A_Arg2949His_missense	9111.0	0.1072	0.10300000000000001	0.1051
5	orf1ab_dupA_Pro3851fs_frameshift	11812.0	0.0158	0.0172	0.0165
6	orf1ab_A>G_Pro4720Pro_synonymous	14424.0	0.1097	0.1095	0.1096
10	orf1ab_dupT_Val5236fs_frameshift	15965.0	0.0773	0.083	0.08015
11	orf1ab_A>G_Tyr5865Cys_missense	17858.0	0.9361	0.9154	0.9257500000000001
12	orf1ab_dupT_Ser6037fs_frameshift	18368.0	0.0303	0.0306	0.030449999999999998
13	orf1ab_dupT_As576fs_frameshift&stop	19983.0	0.0185	0.0238	0.021150000000000002
14	orf1ab_G>A_Val6688Ile_missense	20326.0	0.5147	0.4986	0.50665
15	S_G>T_Arg765Leu_missense	23856.0	0.0194	0.0214	0.0204
17	ORF7a_dupT_Leu102fs_frameshift	27691.0	0.013999999999999999	0.0106	0.012299999999999998
18	ORF8_T>C_Leu84Ser_missense	28144.0	0.9995	0.9995	0.9995
19	ORF8_dupT_Leu109fs_frameshift	28214.0	0.0196	0.0172	0.0184
