	SNP	POS_x	rep1_percent	rep2_percent	%
0	CHR_START-orf1ab_n.C>T__intergenic-region	203.0	0.0111	0.9753	0.49319999999999997
1	CHR_START-orf1ab_n.C>T__intergenic-region	241.0	0.9864	0.9753	0.98085
2	orf1ab_C>T_Ser558Phe_missense	1938.0	0.0121	0.0118	0.011949999999999999
4	orf1ab_dupT_Val5236fs_frameshift	15965.0	0.0301	0.0257	0.0279
5	orf1ab_dupT_Ser6037fs_frameshift	18368.0	0.0198	0.0179	0.01885
6	orf1ab_C>T_Thr6098Ile_missense	18557.0	0.7235	0.7116	0.71755
7	S_A>G_As14Gly_missense	23403.0	0.9882	0.98	0.9841
8	S_A>G_Gln779Arg_missense	23898.0	0.153	0.1583	0.15565
9	ORF8_dupT_Leu109fs_frameshift	28214.0	0.0112	0.0141	0.01265
10	N_T>C_Ala414Ala_synonymous	29515.0	0.1346	0.1425	0.13855
