	SNP	POS_x	rep1_percent	rep2_percent	%
0	CHR_START-orf1ab_n.T>C__intergenic-region	83.0	0.2509	0.3401	0.2955
1	CHR_START-orf1ab_n.C>T__intergenic-region	186.0	0.0459	0.9747	0.5103
2	CHR_START-orf1ab_n.C>T__intergenic-region	241.0	0.9611	0.9747	0.9679
5	orf1ab_C>T_Tyr717Tyr_synonymous	2416.0	0.9948	0.9665	0.98065
6	orf1ab_C>T_Phe924Phe_synonymous	3037.0	0.9974	0.9593	0.97835
11	orf1ab_C>T_Pro2144Leu_missense	6696.0	0.023	0.0101	0.01655
12	orf1ab_dupT_Leu2146fs_frameshift	6696.0	0.1034	0.0669	0.08515
13	orf1ab_G>A_Cys2288Tyr_missense	7128.0	0.1201	0.0709	0.0955
17	orf1ab_dupA_Thr3453fs_frameshift	10619.0	0.0358	0.0114	0.0236
18	orf1ab_A>G_Asn3537Asp_missense	10874.0	0.4427	0.3742	0.40845
20	orf1ab_C>T_Gly3787Gly_synonymous	11626.0	0.044000000000000004	0.0156	0.0298
21	orf1ab_C>T_Thr4087Ile_missense	12525.0	0.0702	0.0388	0.0545
24	orf1ab_C>T_Pro4715Leu_missense	14408.0	0.9957	0.9746	0.98515
26	orf1ab_A>C_Thr4959Pro_missense	15139.0	0.02	0.0176	0.0188
27	orf1ab_C>A_Thr4959Thr_synonymous	15141.0	0.0309	0.0313	0.031100000000000003
28	orf1ab_T>G_Leu4968Trp_missense	15167.0	0.0106	0.01	0.0103
29	orf1ab_T>C_His5034His_synonymous	15366.0	0.9677	0.9767	0.9722
32	orf1ab_dupT_Val5236fs_frameshift	15965.0	0.0669	0.0645	0.06570000000000001
31	orf1ab_G>T_Cys5234Phe_missense	15965.0	0.0585	0.0102	0.034350000000000006
41	S_A>G_As14Gly_missense	23403.0	0.9688	0.9805	0.97465
44	ORF3a_G>T_Gln57His_missense	25563.0	0.9978	0.9655	0.98165
51	ORF6_G>C_As1His_missense	27382.0	0.0124	0.0101	0.01125
52	ORF6_A>T_As1Val_missense	27383.0	0.0124	0.0101	0.01125
53	ORF6_T>C_As1Asp_synonymous	27384.0	0.0124	0.0101	0.01125
54	N_C>T_Tyr268Tyr_synonymous	29077.0	0.0713	0.0608	0.06605
58	ORF10_C>T_Arg24Cys_missense	29627.0	0.0472	0.0389	0.04305
