	SNP	POS_x	rep1_percent	rep2_percent	%
0	CHR_START-orf1ab_T>C__intergenic-region	83.0	0.2509	0.34	0.29545
2	CHR_START-orf1ab_C>T__intergenic-region	241.0	0.9611	0.9743	0.9677
4	orf1ab_C>T_Tyr717Tyr_synonymous	2416.0	0.9948	0.966	1.0
5	orf1ab_C>T_Phe924Phe_synonymous	3037.0	0.9975	0.9587	1.0
6	orf1ab_G>A_Cys2288Tyr_missense	7128.0	0.1183	0.0707	0.0945
7	orf1ab_A>G_Asn3537Asp_missense	10874.0	0.4405	0.3738	0.40715
10	orf1ab_C>T_Thr4087Ile_missense	12525.0	0.07	0.0388	0.054400000000000004
12	orf1ab_C>T_Pro4715Leu_missense	14408.0	0.9934	0.9741	1.0
13	orf1ab_C>A_Thr4959Thr_synonymous	15141.0	0.0307	0.0311	0.0309
14	orf1ab_T>C_His5034His_synonymous	15366.0	0.9116	0.9736	0.9426
18	S_A>G_As14Gly_missense	23403.0	0.9144	0.978	0.9461999999999999
19	ORF3a_G>T_Gln57His_missense	25563.0	0.9946	0.9617	1.0
25	N_C>T_Tyr268Tyr_synonymous	29077.0	0.0709	0.0604	0.06565
29	ORF10_C>T_Arg24Cys_missense	29627.0	0.048	0.0386	0.043300000000000005
