	SNP	POS_x	rep1_percent	rep2_percent	%
0	CHR_START-orf1ab_n.C>T__intergenic-region	241.0	0.9918	0.9883	0.99005
1	orf1ab_C>T_Ala555Val_missense	1929.0	0.0206	0.0166	0.0186
2	orf1ab_C>T_Tyr717Tyr_synonymous	2416.0	0.9862	0.9814	0.9838
3	orf1ab_C>T_Phe924Phe_synonymous	3037.0	0.9877	0.9812	0.98445
4	orf1ab_A>G_Ile2107Val_missense	6584.0	0.718	0.7276	0.7228
5	orf1ab_C>T_Pro2144Leu_missense	6696.0	0.0141	0.0152	0.01465
6	orf1ab_dupT_Leu2146fs_frameshift	6696.0	0.0917	0.0758	0.08375
12	orf1ab_G>A_Lys3632Lys_synonymous	11161.0	0.6947	0.6759	0.6853
14	orf1ab_C>T_Thr4164Ile_missense	12756.0	0.0251	0.0245	0.024800000000000003
15	orf1ab_C>T_Pro4715Leu_missense	14408.0	0.9896	0.9887	0.98915
18	orf1ab_T>G_Met4958Arg_missense	15137.0	0.0223	0.0149	0.0186
19	orf1ab_A>C_Thr4959Pro_missense	15139.0	0.021	0.0179	0.019450000000000002
20	orf1ab_C>A_Thr4959Thr_synonymous	15141.0	0.0299	0.0244	0.02715
21	orf1ab_T>G_Leu4968Trp_missense	15167.0	0.0206	0.0158	0.0182
22	orf1ab_T>C_His5034His_synonymous	15366.0	0.9932	0.9877	0.99045
24	orf1ab_dupT_Val5236fs_frameshift	15965.0	0.1188	0.07	0.09440000000000001
25	orf1ab_dupT_Ser6037fs_frameshift	18368.0	0.0346	0.027000000000000003	0.0308
27	S_A>G_As14Gly_missense	23403.0	0.9942	0.9906	0.9924
29	ORF3a_G>T_Gln57His_missense	25563.0	0.9923	0.9882	0.99025
31	ORF8_dupT_Leu109fs_frameshift	28214.0	0.027999999999999997	0.0212	0.024599999999999997
32	N_C>T_Tyr268Tyr_synonymous	29077.0	0.4553	0.4713	0.4633
