	SNP	POS_x	rep1_percent	rep2_percent	%
0	CHR_START-orf1ab_n.C>T__intergenic-region	241.0	0.9936	0.9906	0.9921
1	orf1ab_C>T_Tyr717Tyr_synonymous	2416.0	0.9890000000000001	0.9825	0.9857500000000001
2	orf1ab_C>T_Phe924Phe_synonymous	3037.0	0.9904	0.9852	0.9878
4	orf1ab_dupT_Leu2146fs_frameshift	6696.0	0.1061	0.0766	0.09135
5	orf1ab_dupT_As544fs_frameshift&stop	7889.0	0.0178	0.0155	0.016649999999999998
9	orf1ab_dupA_Pro3851fs_frameshift	11812.0	0.017	0.013000000000000001	0.015000000000000001
10	orf1ab_C>T_Pro4715Leu_missense	14408.0	0.9933	0.9901	0.9917
12	orf1ab_A>C_Thr4959Pro_missense	15139.0	0.0189	0.0244	0.021650000000000003
14	orf1ab_T>A_His4964Gln_missense	15156.0	0.0104	0.01	0.0102
15	orf1ab_T>G_Leu4968Trp_missense	15167.0	0.0133	0.0153	0.0143
16	orf1ab_T>C_His5034His_synonymous	15366.0	0.9945	0.9917	0.9931000000000001
17	orf1ab_G>T_Cys5234Phe_missense	15965.0	0.0128	0.0148	0.0138
18	orf1ab_dupT_Val5236fs_frameshift	15965.0	0.1144	0.1179	0.11615
20	orf1ab_dupT_Ser6037fs_frameshift	18368.0	0.0294	0.0293	0.02935
21	orf1ab_dupT_As576fs_frameshift&stop	19983.0	0.0104	0.0127	0.01155
24	S_A>G_As14Gly_missense	23403.0	0.9956	0.9927	0.9941500000000001
26	ORF3a_G>T_Gln57His_missense	25563.0	0.9939	0.9906	0.9922500000000001
30	ORF8_dupT_Leu109fs_frameshift	28214.0	0.0238	0.022000000000000002	0.022900000000000004
31	N_C>A_Pro309Pro_synonymous	29200.0	0.0165	0.0132	0.01485
