	SNP	POS_x	rep1_percent	rep2_percent	%
0	CHR_START-orf1ab_n.C>T__intergenic-region	241.0	0.9819	0.9677	0.9748
2	orf1ab_C>T_Thr265Ile_missense	1059.0	0.988	0.9869	0.9874499999999999
3	orf1ab_C>T_Phe924Phe_synonymous	3037.0	0.9790000000000001	0.9783	0.97865
5	orf1ab_dupT_Leu2146fs_frameshift	6696.0	0.0478	0.0755	0.061649999999999996
10	orf1ab_C>T_Pro4715Leu_missense	14408.0	0.9854	0.9821	0.98375
11	orf1ab_G>T_Val4952Phe_missense	15118.0	0.0101	0.0118	0.01095
14	orf1ab_dupT_Val5236fs_frameshift	15965.0	0.0313	0.0183	0.024800000000000003
16	orf1ab_dupT_Ser6037fs_frameshift	18368.0	0.0205	0.0191	0.019799999999999998
18	orf1ab_dupT_As576fs_frameshift&stop	19983.0	0.0364	0.0259	0.03115
21	S_A>G_As14Gly_missense	23403.0	0.9877	0.9852	0.98645
22	S_C>T_Leu821Leu_synonymous	24023.0	0.0107	0.02	0.015349999999999999
23	ORF3a_G>T_Gln57His_missense	25563.0	0.9929	0.988	0.99045
25	ORF8_dupT_Leu109fs_frameshift	28214.0	0.0136	0.0145	0.01405
