	SNP	POS_x	rep1_percent	rep2_percent	%
0	CHR_START-orf1ab_n.C>T__intergenic-region	241.0	0.9863	0.9875	0.9869
1	orf1ab_C>T_Thr214Ile_missense	906.0	0.0134	0.0125	0.01295
2	orf1ab_C>T_Thr265Ile_missense	1059.0	0.9893	0.9887	0.989
3	orf1ab_dupA_Leu293fs_frameshift	1135.0	0.0118	0.0161	0.01395
4	orf1ab_G>A_Glu489Lys_missense	1730.0	0.0129	0.0139	0.013399999999999999
5	orf1ab_C>T_Phe924Phe_synonymous	3037.0	0.9858	0.9883	0.98705
7	orf1ab_C>T_Pro2144Leu_missense	6696.0	0.0151	0.0126	0.013850000000000001
8	orf1ab_dupT_Leu2146fs_frameshift	6696.0	0.0922	0.0942	0.0932
9	orf1ab_G>T_Gly2207Cys_missense	6884.0	0.9838	0.9832	0.9835
10	orf1ab_dupT_As544fs_frameshift&stop	7889.0	0.0154	0.0167	0.016050000000000002
11	orf1ab_C>A_Gln3452Lys_missense	10619.0	0.0102	0.0192	0.0147
12	orf1ab_dupA_Thr3453fs_frameshift	10619.0	0.0179	0.018000000000000002	0.01795
13	orf1ab_dupA_Pro3851fs_frameshift	11812.0	0.0205	0.0161	0.0183
14	orf1ab_C>T_Pro4715Leu_missense	14408.0	0.9933	0.9939	0.9936
16	orf1ab_A>C_Thr4959Pro_missense	15139.0	0.0178	0.0113	0.01455
17	orf1ab_C>A_Thr4959Thr_synonymous	15141.0	0.0207	0.0196	0.02015
20	orf1ab_delG_Cys5234fs_frameshift	15964.0	0.0113	0.0107	0.011
21	orf1ab_G>T_Cys5234Phe_missense	15965.0	0.0223	0.0165	0.0194
22	orf1ab_dupT_Val5236fs_frameshift	15965.0	0.1393	0.139	0.13915
23	orf1ab_C>T_Ala5636Ala_synonymous	17172.0	0.0106	0.0105	0.01055
24	orf1ab_dupT_Ser6037fs_frameshift	18368.0	0.0487	0.0446	0.04665
25	orf1ab_dupT_As576fs_frameshift&stop	19983.0	0.0136	0.0126	0.0131
26	orf1ab_dupA_Gln6611fs_frameshift	20091.0	0.0143	0.0154	0.01485
27	S_A>G_As14Gly_missense	23403.0	0.9918	0.9927	0.9922500000000001
29	S_dupT_Gly889fs_frameshift	24223.0	0.0212	0.0147	0.01795
30	ORF3a_G>T_Gln57His_missense	25563.0	0.9928	0.9938	0.9933000000000001
31	ORF7a_dupT_Leu102fs_frameshift	27691.0	0.0128	0.0122	0.0125
32	ORF8_dupT_Leu109fs_frameshift	28214.0	0.0342	0.035	0.034600000000000006
