	SNP	POS_x	rep1_percent	rep2_percent	%
0	orf1ab_dupA_Leu293fs_frameshift	1135.0	0.0128	0.0105	0.01165
1	orf1ab_dupT_Leu2146fs_frameshift	6696.0	0.061	0.0521	0.05655
2	orf1ab_C>T_Thr3082Ile_missense	9510.0	0.4929	0.5068	0.49985
3	orf1ab_dupT_Leu4400fs_frameshift	13459.0	0.0107	0.0113	0.011
4	orf1ab_G>T_Val4952Phe_missense	15118.0	0.0147	0.0211	0.0179
5	orf1ab_G>T_Ser4956Ile_missense	15131.0	0.011000000000000001	0.0112	0.0111
7	orf1ab_T>G_Met4958Arg_missense	15137.0	0.0175	0.0176	0.017550000000000003
8	orf1ab_A>C_Thr4959Pro_missense	15139.0	0.0216	0.0271	0.02435
9	orf1ab_G>T_Gln4962His_missense	15150.0	0.0428	0.0439	0.04335
10	orf1ab_T>G_Leu4968Trp_missense	15167.0	0.0118	0.0123	0.01205
11	orf1ab_dupT_Val5236fs_frameshift	15965.0	0.0347	0.0285	0.0316
12	orf1ab_C>T_Ala5342Val_missense	16289.0	0.0215	0.0241	0.0228
13	orf1ab_dupT_Ser6037fs_frameshift	18368.0	0.0212	0.0135	0.01735
14	orf1ab_dupT_As576fs_frameshift&stop	19983.0	0.0324	0.0273	0.02985
15	S_C>T_Val130Val_synonymous	21952.0	0.2249	0.2304	0.22765
17	ORF8_dupT_Leu109fs_frameshift	28214.0	0.0137	0.0122	0.01295
18	ORF10-CHR_END_n.G>T__intergenic-region	29711.0	0.9976	0.9987	0.9981500000000001
