	SNP	POS_x	rep1_percent	rep2_percent	%
1	CHR_START-orf1ab_n.C>T__intergenic-region	214.0	0.0177	0.9990000000000001	0.5083500000000001
2	CHR_START-orf1ab_n.C>T__intergenic-region	241.0	0.9829	0.9990000000000001	0.99095
23	orf1ab_C>T_Ala486Val_missense	1722.0	0.0146	0.0224	0.0185
24	orf1ab_G>A_Glu489Lys_missense	1730.0	0.011000000000000001	0.0713	0.04115
25	orf1ab_dupA_Gly519fs_frameshift	1813.0	0.0151	0.0352	0.025150000000000002
40	orf1ab_C>T_Phe924Phe_synonymous	3037.0	0.8576	0.9954	0.9265
79	orf1ab_C>T_Pro2018Ser_missense	6317.0	0.0252	0.0909	0.05805
86	orf1ab_dupT_Leu2146fs_frameshift	6696.0	0.1247	0.0675	0.0961
85	orf1ab_C>T_Pro2144Leu_missense	6696.0	0.0165	0.0241	0.0203
87	orf1ab_dupT_Leu2146fs_frameshift	6700.0	0.0229	0.0675	0.045200000000000004
90	orf1ab_dupT_Leu2234fs_frameshift	6961.0	0.0297	0.0365	0.0331
104	orf1ab_C>T_Asn2678Asn_synonymous	8299.0	0.0145	0.0127	0.013600000000000001
134	orf1ab_dupT_Leu3640fs_frameshift	11179.0	0.0385	0.0333	0.0359
140	orf1ab_dupA_Leu3840fs_frameshift	11779.0	0.0193	0.0214	0.02035
173	orf1ab_C>T_Pro4715Leu_missense	14408.0	0.9712	0.9924	0.9818
182	orf1ab_A>C_Thr4959Pro_missense	15139.0	0.023	0.0231	0.02305
186	orf1ab_T>C_Leu5030Leu_synonymous	15354.0	0.9806	0.9975	0.98905
194	orf1ab_dupT_Val5236fs_frameshift	15965.0	0.0607	0.0234	0.04205
195	orf1ab_C>T_Arg5250Trp_missense	16012.0	0.0206	0.0121	0.01635
214	orf1ab_C>T_Ala5692Val_missense	17339.0	0.0138	0.0111	0.01245
234	orf1ab_dupT_Ser6037fs_frameshift	18368.0	0.0208	0.0528	0.0368
239	orf1ab_C>T_Leu6205Leu_synonymous	18877.0	0.9742	0.9965	0.98535
274	S_A>G_As14Gly_missense	23403.0	0.9797	0.9968	0.9882500000000001
302	ORF3a_G>T_Gln57His_missense	25563.0	0.9692	0.998	0.9836
349	ORF10_dupT_Ala8fs_frameshift	29573.0	0.0225	0.0136	0.01805
