	SNP	POS_x	rep1_percent	rep2_percent	%
0	orf1ab_C>T_As273Asp_synonymous	4084.0	0.01	0.0117	0.01085
1	orf1ab_dupT_Leu2146fs_frameshift	6696.0	0.0266	0.07200000000000001	0.049300000000000004
2	orf1ab_C>T_Pro2605Ser_missense	8078.0	0.0268	0.02	0.0234
3	orf1ab_T>C_Tyr3216His_missense	9911.0	0.1558	0.1397	0.14775
6	orf1ab_A>C_Thr4959Pro_missense	15139.0	0.0243	0.0156	0.01995
7	orf1ab_C>A_Thr4959Thr_synonymous	15141.0	0.0188	0.0144	0.0166
8	orf1ab_G>T_Gln4962His_missense	15150.0	0.0304	0.0248	0.0276
10	orf1ab_C>A_Gln4965Lys_missense	15157.0	0.0451	0.0416	0.04335
12	orf1ab_G>A_Leu4968Leu_synonymous	15168.0	0.037000000000000005	0.0289	0.03295
13	orf1ab_dupT_Val5236fs_frameshift	15965.0	0.0117	0.0405	0.0261
14	orf1ab_G>A_Val6521Met_missense	19825.0	0.0144	0.016	0.0152
15	orf1ab_dupT_As576fs_frameshift&stop	19983.0	0.0214	0.0211	0.021249999999999998
16	orf1ab_G>T_Val6617Phe_missense	20113.0	0.0167	0.0191	0.0179
17	orf1ab_C>A_Val6617Val_synonymous	20115.0	0.0155	0.0124	0.01395
18	S_T>C_Asn603Asn_synonymous	23371.0	0.0136	0.0118	0.0127
20	M_G>T_Val70Phe_missense	26730.0	0.0102	0.0132	0.0117
21	N_C>T_Thr205Ile_missense	28887.0	0.0569	0.0636	0.06025
22	ORF10-CHR_END_n.G>T__intergenic-region	29711.0	0.9995	0.9956	0.99755
