	SNP	POS_x	rep1_percent	rep2_percent	%
0	CHR_START-orf1ab_C>T__intergenic-region	241.0	0.9664	0.8845	0.92545
1	orf1ab_C>T_Phe924Phe_synonymous	3037.0	0.9213	0.8962	0.90875
5	orf1ab_C>T_Pro4715Leu_missense	14408.0	0.932	0.7666	0.8492999999999999
7	orf1ab_T>C_Leu5030Leu_synonymous	15354.0	0.9309999999999999	0.8629	0.8969499999999999
8	orf1ab_A>G_Thr5574Ala_missense	16984.0	0.9295	0.9046	0.9170499999999999
9	orf1ab_C>T_Leu6205Leu_synonymous	18877.0	0.9362	0.7903	0.8632500000000001
10	S_A>G_As14Gly_missense	23403.0	0.937	0.922	0.9295
11	ORF3a_G>T_Gln57His_missense	25563.0	0.9315	0.9259	0.9287
