	SNP	POS_x	rep1_percent	rep2_percent	%
0	CHR_START-orf1ab_n.C>T__intergenic-region	241.0	0.9782	0.8848	0.9315
9	orf1ab_C>T_Phe924Phe_synonymous	3037.0	0.9484	0.8967	0.92255
28	orf1ab_dupT_Leu2146fs_frameshift	6696.0	0.0426	0.0303	0.036449999999999996
35	orf1ab_delA_Ser2706fs_frameshift	8376.0	0.0158	0.013999999999999999	0.0149
55	orf1ab_G>A_Arg4022Arg_synonymous	12331.0	0.0108	0.036000000000000004	0.023400000000000004
69	orf1ab_dupA_Asn4689fs_frameshift	14327.0	0.0145	0.0128	0.01365
70	orf1ab_C>T_Pro4715Leu_missense	14408.0	0.9553	0.7674	0.8613500000000001
71	orf1ab_dupA_Ile4725fs_frameshift	14432.0	0.0164	0.0128	0.014600000000000002
73	orf1ab_dupT_Ser4789fs_frameshift	14625.0	0.0171	0.0171	0.0171
74	orf1ab_A>C_Thr4957Pro_missense	15133.0	0.0115	0.0125	0.012
79	orf1ab_T>G_Leu4968Trp_missense	15167.0	0.0115	0.0129	0.012199999999999999
82	orf1ab_T>C_Leu5030Leu_synonymous	15354.0	0.9544	0.8632	0.9088
85	orf1ab_dupA_His5144fs_frameshift	15690.0	0.0243	0.0104	0.017349999999999997
87	orf1ab_dupT_Val5236fs_frameshift	15965.0	0.0319	0.0115	0.021699999999999997
91	orf1ab_A>G_Thr5574Ala_missense	16984.0	0.953	0.9051	0.9290499999999999
97	orf1ab_C>T_Leu6205Leu_synonymous	18877.0	0.9574	0.7911	0.87425
114	orf1ab_dupT_Leu6883fs_frameshift	20908.0	0.0133	0.0106	0.011949999999999999
120	S_C>T_Thr167Ile_missense	22062.0	0.013999999999999999	0.0132	0.0136
129	S_A>G_As14Gly_missense	23403.0	0.9585	0.9224	0.94045
141	ORF3a_dupT_Gln57fs_frameshift	25555.0	0.0144	0.021	0.0177
142	ORF3a_G>T_Gln57His_missense	25563.0	0.9542	0.9259999999999999	0.9400999999999999
148	ORF8_dupT_Leu109fs_frameshift	28214.0	0.0152	0.0261	0.02065
