	SNP	POS_x	rep1_percent	rep2_percent	%
0	CHR_START-orf1ab_n.C>T__intergenic-region	241.0	0.9807	0.9724	0.97655
22	orf1ab_C>T_Phe924Phe_synonymous	3037.0	0.9834	0.982	0.9827
40	orf1ab_A>G_Asn1904Ser_missense	5976.0	0.0178	0.0275	0.02265
41	orf1ab_C>A_Ser1905Tyr_missense	5979.0	0.0189	0.0275	0.0232
50	orf1ab_dupT_Leu2146fs_frameshift	6696.0	0.0283	0.0501	0.0392
98	orf1ab_C>T_Pro4715Leu_missense	14408.0	0.9847	0.9819	0.9833000000000001
100	orf1ab_dupT_Ser4789fs_frameshift	14625.0	0.0101	0.0119	0.011
106	orf1ab_T>G_Met4958Arg_missense	15137.0	0.0152	0.01	0.0126
109	orf1ab_G>T_Gln4962His_missense	15150.0	0.0292	0.0219	0.02555
110	orf1ab_T>G_Leu4968Trp_missense	15167.0	0.0139	0.0105	0.012199999999999999
114	orf1ab_dupT_Val5236fs_frameshift	15965.0	0.0185	0.0262	0.022350000000000002
127	orf1ab_C>T_Leu6205Leu_synonymous	18877.0	0.9888	0.9746	0.9817
131	orf1ab_dupT_As576fs_frameshift&stop	19983.0	0.0123	0.052000000000000005	0.032150000000000005
150	S_A>G_As14Gly_missense	23403.0	0.9875	0.9937	0.9906
157	S_dupT_Gly889fs_frameshift	24223.0	0.0263	0.0128	0.01955
166	ORF3a_G>T_Gln57His_missense	25563.0	0.9907	0.991	0.99085
184	N_G>A_Gly200Ser_missense	28871.0	1.0	0.9989	0.99945
192	N_-delTA_Val270fs_frameshift	29081.0	0.0142	0.0201	0.01715
194	N_dupA_Thr282fs_frameshift	29114.0	0.055	0.0222	0.0386
