	SNP	POS_x	rep1_percent	rep2_percent	%
0	CHR_START-orf1ab_n.C>T__intergenic-region	241.0	0.9922	0.993	0.9925999999999999
1	orf1ab_C>T_Phe924Phe_synonymous	3037.0	0.9903	0.993	0.9916499999999999
2	orf1ab_C>T_Pro2144Leu_missense	6696.0	0.0111	0.0115	0.011300000000000001
3	orf1ab_dupT_Leu2146fs_frameshift	6696.0	0.0727	0.0757	0.0742
4	orf1ab_dupT_As544fs_frameshift&stop	7889.0	0.0126	0.0146	0.013600000000000001
5	orf1ab_C>T_Ala3143Val_missense	9693.0	0.0274	0.0266	0.027
6	orf1ab_C>A_Gln3452Lys_missense	10619.0	0.0101	0.0118	0.01095
8	orf1ab_G>T_Val3718Phe_missense	11417.0	0.9921	0.9942	0.99315
9	orf1ab_dupA_Pro3851fs_frameshift	11812.0	0.0113	0.0118	0.01155
10	orf1ab_T>C_As603Asp_synonymous	14073.0	0.9957	0.9966	0.9961500000000001
11	orf1ab_C>T_Pro4715Leu_missense	14408.0	0.9932	0.9945	0.99385
12	orf1ab_dupT_Val5236fs_frameshift	15965.0	0.0872	0.0913	0.08925
13	orf1ab_A>G_As531Gly_missense	16856.0	0.0342	0.0319	0.033049999999999996
14	orf1ab_dupT_Ser6037fs_frameshift	18368.0	0.0337	0.0288	0.03125
16	orf1ab_dupT_As576fs_frameshift&stop	19983.0	0.0182	0.0225	0.02035
17	S_C>T_Asn343Asn_synonymous	22591.0	0.0262	0.0212	0.0237
18	S_A>G_As14Gly_missense	23403.0	0.9928	0.9947	0.99375
19	S_T>C_Tyr674Tyr_synonymous	23584.0	0.0166	0.0155	0.016050000000000002
20	S_A>G_Lys795Lys_synonymous	23947.0	0.9925	0.9943	0.9934000000000001
21	ORF7a_dupT_Leu102fs_frameshift	27691.0	0.0134	0.0133	0.01335
22	ORF7a_-delTATA_Phe109fs_frameshift	27719.0	0.0261	0.0273	0.0267
23	ORF8_dupT_Leu109fs_frameshift	28214.0	0.0186	0.0207	0.01965
