	SNP	POS_x	rep1_percent	rep2_percent	%
0	orf1ab_dupT_Leu2146fs_frameshift	6696.0	0.0631	0.0449	0.054000000000000006
7	orf1ab_T>G_Met4958Arg_missense	15137.0	0.0122	0.0151	0.01365
8	orf1ab_A>C_Thr4959Pro_missense	15139.0	0.0245	0.0211	0.0228
9	orf1ab_C>A_Thr4959Thr_synonymous	15141.0	0.0142	0.0155	0.01485
10	orf1ab_G>T_Gln4962His_missense	15150.0	0.0303	0.027000000000000003	0.028650000000000002
11	orf1ab_C>A_Gln4965Lys_missense	15157.0	0.0573	0.0493	0.0533
12	orf1ab_G>A_Leu4968Leu_synonymous	15168.0	0.0309	0.0338	0.03235
14	orf1ab_dupT_Val5236fs_frameshift	15965.0	0.0246	0.0289	0.02675
16	orf1ab_dupT_As576fs_frameshift&stop	19983.0	0.0308	0.0203	0.02555
23	ORF3a_G>T_Gly224Val_missense	26063.0	0.013999999999999999	0.0204	0.0172
24	M_dupT_Leu46fs_frameshift	26654.0	0.0143	0.0102	0.01225
25	ORF8_dupT_Leu109fs_frameshift	28214.0	0.0149	0.0171	0.016
26	ORF8_C>T_Phe120Phe_synonymous	28253.0	0.0135	0.0163	0.0149
27	ORF10-CHR_END_n.G>T__intergenic-region	29711.0	1.0	0.9932	0.9965999999999999
28	ORF10-CHR_END_n.G>T__intergenic-region	29711.0	1.0	0.0107	0.50535
