	SNP	POS_x	rep1_percent	rep2_percent	%
0	orf1ab_-delAAGTCATTT_Lys141-Phe143del_conservative-inframe-deletion	685.0	0.0104	0.013000000000000001	0.0117
1	orf1ab_dupA_Leu293fs_frameshift	1135.0	0.0106	0.0107	0.01065
2	orf1ab_C>T_Ser549Ser_synonymous	1912.0	0.0346	0.0455	0.04005
3	orf1ab_dupT_Leu2146fs_frameshift	6696.0	0.0501	0.0662	0.05814999999999999
6	orf1ab_G>T_Val4952Phe_missense	15118.0	0.0167	0.0134	0.015050000000000001
7	orf1ab_C>T_Ser4953Phe_missense	15122.0	0.0143	0.0105	0.012400000000000001
11	orf1ab_A>C_Thr4959Pro_missense	15139.0	0.0322	0.0128	0.0225
12	orf1ab_C>A_Thr4959Thr_synonymous	15141.0	0.0318	0.0175	0.024650000000000002
13	orf1ab_G>T_Gln4962His_missense	15150.0	0.0442	0.0257	0.03495
14	orf1ab_T>G_Leu4968Trp_missense	15167.0	0.0151	0.0111	0.0131
15	orf1ab_dupT_Val5236fs_frameshift	15965.0	0.0266	0.0229	0.02475
16	orf1ab_dupT_Ser6037fs_frameshift	18368.0	0.0227	0.016	0.01935
17	orf1ab_dupT_As576fs_frameshift&stop	19983.0	0.0369	0.0368	0.03685
18	S_C>A_Pro337Thr_missense	22571.0	0.0133	0.0132	0.01325
19	S_dupT_Ala783fs_frameshift	23903.0	0.012	0.0103	0.01115
20	M_C>T_Phe53Phe_synonymous	26681.0	0.0493	0.0464	0.04785
21	ORF8_dupT_Leu109fs_frameshift	28214.0	0.0207	0.0182	0.019450000000000002
22	ORF10-CHR_END_n.G>T__intergenic-region	29711.0	0.9977	0.9928	0.99525
