	SNP	POS_x	rep1_percent	rep2_percent	%
18	orf1ab_dupT_Leu2146fs_frameshift	6696.0	0.0361	0.111	0.07355
43	orf1ab_C>T_Arg3662Cys_missense	11249.0	0.4139	0.3662	0.39005
45	orf1ab_C>T_Tyr3813Tyr_synonymous	11704.0	0.0271	0.1215	0.0743
53	orf1ab_C>T_Ser4320Ser_synonymous	13225.0	0.0438	0.0252	0.0345
59	orf1ab_dupA_Thr4617fs_frameshift	14110.0	0.0239	0.0221	0.023
62	orf1ab_A>C_Thr4959Pro_missense	15139.0	0.0208	0.0138	0.0173
63	orf1ab_C>A_Thr4959Thr_synonymous	15141.0	0.0319	0.0236	0.027749999999999997
64	orf1ab_G>T_Gln4962His_missense	15150.0	0.0331	0.0292	0.031149999999999997
65	orf1ab_T>G_Leu4968Trp_missense	15167.0	0.0135	0.0138	0.013649999999999999
66	orf1ab_G>A_Leu4968Leu_synonymous	15168.0	0.0368	0.040999999999999995	0.0389
74	orf1ab_dupT_Ala5458fs_frameshift	16630.0	0.0238	0.0168	0.0203
96	S_C>A_Val539Val_synonymous	23179.0	0.0681	0.1126	0.09035
113	S_dupT_Leu977fs_frameshift	24488.0	0.0428	0.0384	0.0406
121	E-M_n.-insT__intergenic-region	26493.0	0.034	0.038	0.036000000000000004
127	ORF8_dupT_Gly8fs_frameshift	27906.0	0.0195	0.0202	0.01985
133	ORF10-CHR_END_n.G>T__intergenic-region	29711.0	1.0	0.9982	0.9991
