	SNP	POS_x	rep1_percent	rep2_percent	%
13	orf1ab_10984C>T_Arg3662Cys_missense	11249.0	0.4141	0.3398	0.37695
18	orf1ab_14904G>A_Leu4968Leu_synonymous	15168.0	0.0368	0.0409	0.038849999999999996
24	S_1617C>A_Val539Val_synonymous	23179.0	0.0685	0.1125	0.0905
31	E-M_26493_26494isT__intergenic	26493.0	0.0346	0.038	0.0363
32	ORF10-CHR_END_29711G>T__intergenic	29711.0	1.0	0.9982	1.0
