	SNP	POS_x	rep1_percent	rep2_percent	%
10	orf1ab_-delAAGTCATTT_Lys141-Phe143del_conservative-inframe-deletion	685.0	0.0763	0.1638	0.12005
69	orf1ab_G>A_Leu2119Leu_synonymous	6622.0	0.0331	0.0301	0.031599999999999996
72	orf1ab_dupT_Leu2146fs_frameshift	6696.0	0.0503	0.0515	0.0509
71	orf1ab_C>T_Pro2144Leu_missense	6696.0	0.0583	0.0608	0.05955
152	orf1ab_G>T_Val4952Phe_missense	15118.0	0.0115	0.0139	0.0127
154	orf1ab_T>G_Met4958Arg_missense	15137.0	0.0139	0.0123	0.0131
155	orf1ab_A>C_Thr4959Pro_missense	15139.0	0.0242	0.0262	0.0252
156	orf1ab_C>A_Thr4959Thr_synonymous	15141.0	0.0139	0.0257	0.019799999999999998
157	orf1ab_G>T_Gln4962His_missense	15150.0	0.0624	0.0343	0.04835
169	orf1ab_dupT_Val5236fs_frameshift	15965.0	0.1003	0.0348	0.06755
247	S_dupT_Glu169fs_frameshift&stop	22062.0	0.03	0.0548	0.0424
284	ORF3a_C>T_Leu140Phe_missense	25810.0	0.0261	0.0544	0.04025
293	M_dupT_Leu46fs_frameshift	26659.0	0.0203	0.1007	0.0605
317	ORF8_dupT_Leu109fs_frameshift	28214.0	0.0229	0.0537	0.0383
335	N_G>A_Arg319His_missense	29229.0	0.0588	0.0779	0.06835
337	N_dupA_Lys374fs_frameshift	29386.0	0.0278	0.0511	0.03945
339	N-ORF10_n.C>T__intergenic-region	29545.0	0.0264	0.0273	0.02685
342	ORF10-CHR_END_n.G>T__intergenic-region	29711.0	0.9481	1.0	0.9740500000000001
