	SNP	POS_x	rep1_percent	rep2_percent	%
21	orf1ab_6357G>A_Leu2119Leu_synonymous	6622.0	0.0312	0.0301	0.030649999999999997
22	orf1ab_6431C>T_Pro2144Leu_missense	6696.0	0.0549	0.0608	0.05785
51	orf1ab_14886G>T_Gln4962His_missense	15150.0	0.0591	0.0343	0.0467
85	N_956G>A_Arg319His_missense	29229.0	0.0586	0.0777	0.06815
86	ORF10-CHR_END_29711G>T__intergenic	29711.0	0.9484	0.9993	1.0
