	SNP	POS_x	rep1_percent	rep2_percent	%
0	orf1ab_dupA_Leu293fs_frameshift	1135.0	0.0157	0.0108	0.01325
2	orf1ab_dupA_Gly519fs_frameshift	1813.0	0.0139	0.0101	0.012
3	orf1ab_C>T_Pro2144Leu_missense	6696.0	0.012	0.0103	0.01115
4	orf1ab_dupT_Leu2146fs_frameshift	6696.0	0.0841	0.0545	0.0693
6	orf1ab_C>T_Ser2839Ser_synonymous	8782.0	0.9345	0.8783	0.9064
10	orf1ab_dupA_Pro3851fs_frameshift	11812.0	0.013000000000000001	0.0175	0.015250000000000001
12	orf1ab_G>T_Val4952Phe_missense	15118.0	0.0105	0.0114	0.010950000000000001
14	orf1ab_T>G_Met4958Arg_missense	15137.0	0.013000000000000001	0.0117	0.01235
15	orf1ab_A>C_Thr4959Pro_missense	15139.0	0.0291	0.0224	0.025750000000000002
16	orf1ab_C>A_Thr4959Thr_synonymous	15141.0	0.0186	0.0136	0.0161
17	orf1ab_G>T_Gln4962His_missense	15150.0	0.0271	0.0255	0.026299999999999997
18	orf1ab_T>G_Leu4968Trp_missense	15167.0	0.012	0.0144	0.0132
20	orf1ab_dupT_Val5236fs_frameshift	15965.0	0.0315	0.0178	0.02465
21	orf1ab_G>A_Val5373Ile_missense	16381.0	0.8986	0.9490000000000001	0.9238
23	orf1ab_T>C_Thr5871Thr_synonymous	17877.0	0.9128	0.8875	0.90015
24	orf1ab_dupT_Ser6037fs_frameshift	18368.0	0.0311	0.0148	0.022949999999999998
25	orf1ab_C>T_As097Asp_synonymous	18555.0	0.0394	0.0183	0.02885
26	orf1ab_dupT_As576fs_frameshift&stop	19983.0	0.0274	0.0238	0.0256
27	orf1ab_C>T_Phe6684Phe_synonymous	20316.0	0.9174	0.871	0.8942
32	ORF3a_G>T_Pro36Pro_synonymous	25500.0	0.9670000000000001	0.9673	0.9671500000000001
33	M_dupT_Leu46fs_frameshift	26654.0	0.0108	0.0106	0.010700000000000001
34	ORF7a_dupT_Leu102fs_frameshift	27691.0	0.0175	0.0125	0.015000000000000001
35	ORF8_T>C_Leu84Ser_missense	28144.0	0.9977	0.9981	0.9979
36	ORF8_dupT_Leu109fs_frameshift	28214.0	0.0225	0.0109	0.0167
37	N_G>A_Ser202Asn_missense	28878.0	0.9714	0.9901	0.98075
39	ORF10-CHR_END_n.G>A__intergenic-region	29742.0	0.9905	0.995	0.99275
