	SNP	POS_x	rep1_percent	rep2_percent	%
0	orf1ab_C>T_Ser2839Ser_synonymous	8782.0	0.9241	0.8501	0.8871
1	orf1ab_G>A_Val5373Ile_missense	16381.0	0.8856	0.9382	0.9119
2	orf1ab_T>C_Thr5871Thr_synonymous	17877.0	0.9017	0.8657	0.8836999999999999
4	orf1ab_C>T_Phe6684Phe_synonymous	20316.0	0.9	0.8420000000000001	0.871
5	ORF3a_G>T_Pro36Pro_synonymous	25500.0	0.9638	0.9627	0.9632499999999999
6	ORF8_T>C_Leu84Ser_missense	28144.0	0.9965	0.9973	1.0
7	N_G>A_Ser202Asn_missense	28878.0	0.9553	0.9855	1.0
8	ORF10-CHR_END_G>A__intergenic-region	29742.0	0.9858	0.9449	0.9653499999999999
