	SNP	POS_x	rep1_percent	rep2_percent	%
0	orf1ab_G>A_Ser1106Asn_missense	3582.0	0.0361	0.0443	0.0402
1	orf1ab_dupT_Leu2146fs_frameshift	6696.0	0.0422	0.0757	0.05895
2	orf1ab_C>T_Pro4220Ser_missense	12923.0	0.0642	0.0696	0.06689999999999999
4	orf1ab_dupT_Val5236fs_frameshift	15965.0	0.0138	0.0426	0.0282
5	orf1ab_C>T_Ala5662Val_missense	17249.0	0.0217	0.0206	0.021150000000000002
6	ORF8_dupT_Leu109fs_frameshift	28214.0	0.0122	0.0202	0.0162
7	ORF8_C>T_Phe120Phe_synonymous	28253.0	0.0158	0.0208	0.0183
8	ORF10-CHR_END_n.G>T__intergenic-region	29711.0	0.9924	0.9991	0.9957499999999999
