	SNP	POS_x	rep1_percent	rep2_percent	%
0	CHR_START-orf1ab_n.C>T__intergenic-region	241.0	0.9507	0.9199	0.9353
3	orf1ab_-delAAGTCATTT_Lys141-Phe143del_conservative-inframe-deletion	685.0	0.0121	0.0137	0.0129
5	orf1ab_C>T_Phe924Phe_synonymous	3037.0	0.8881	0.9499	0.919
19	orf1ab_dupT_Leu2146fs_frameshift	6696.0	0.0871	0.0463	0.0667
24	orf1ab_dupT_Leu4400fs_frameshift	13459.0	0.0165	0.0157	0.0161
26	orf1ab_C>T_Pro4715Leu_missense	14408.0	0.9261	0.9376	0.9318500000000001
27	orf1ab_G>T_Val4952Phe_missense	15118.0	0.0157	0.0114	0.01355
30	orf1ab_A>C_Thr4959Pro_missense	15139.0	0.0201	0.0182	0.01915
33	orf1ab_T>G_Leu4968Trp_missense	15167.0	0.0101	0.0117	0.0109
34	orf1ab_T>C_Leu5030Leu_synonymous	15354.0	0.9379	0.9592	0.94855
36	orf1ab_dupT_Ser6037fs_frameshift	18368.0	0.027000000000000003	0.0156	0.0213
37	orf1ab_C>T_Leu6205Leu_synonymous	18877.0	0.9237	0.9418	0.93275
40	orf1ab_dupT_As576fs_frameshift&stop	19983.0	0.0281	0.0428	0.035449999999999995
45	S_A>G_As14Gly_missense	23403.0	0.9259	0.9649	0.9454
55	ORF3a_G>T_Gln57His_missense	25563.0	0.9315	0.9584	0.94495
57	E-M_n.-insT__intergenic-region	26493.0	0.0163	0.0112	0.013749999999999998
64	N_G>T_As16Tyr_missense	28919.0	0.0872	0.0827	0.08495
65	ORF10-CHR_END_n.C>G__intergenic-region	29743.0	0.0147	0.013999999999999999	0.014349999999999998
