	SNP	POS_x	rep1_percent	rep2_percent	%
0	CHR_START-orf1ab_241C>T__intergenic	241.0	0.9397	0.9074	0.92355
1	orf1ab_2772C>T_Phe924Phe_synonymous	3037.0	0.8642	0.9353	0.89975
2	orf1ab_14144C>T_Pro4715Leu_missense	14408.0	0.9115	0.9273	0.9194
4	orf1ab_15090T>C_Leu5030Leu_synonymous	15354.0	0.9251	0.953	0.9390499999999999
5	orf1ab_18613C>T_Leu6205Leu_synonymous	18877.0	0.9078	0.9328	0.9203
6	S_1841A>G_As14Gly_missense	23403.0	0.9095	0.9591	0.9342999999999999
7	ORF3a_171G>T_Gln57His_missense	25563.0	0.9175	0.9520000000000001	0.93475
8	N_646G>T_As16Tyr_missense	28919.0	0.0868	0.0829	0.08485000000000001
