	SNP	POS_x	rep1_percent	rep2_percent	%
1	orf1ab_-delTCATGTTATGGTTG_His83fs_frameshift	509.0	0.0161	0.0121	0.0141
3	orf1ab_-delAAGTCATTT_Lys141-Phe143del_conservative-inframe-deletion	685.0	0.0238	0.0301	0.02695
4	orf1ab_dupT_Leu2146fs_frameshift	6696.0	0.0469	0.055999999999999994	0.051449999999999996
5	orf1ab_dupT_As544fs_frameshift&stop	7889.0	0.0124	0.0121	0.01225
6	orf1ab_A>G_Pro3431Pro_synonymous	10558.0	0.0175	0.0253	0.021400000000000002
7	orf1ab_C>T_Ser3983Phe_missense	12213.0	0.0188	0.0191	0.01895
8	orf1ab_C>T_Pro4220Ser_missense	12923.0	0.0199	0.0182	0.01905
11	orf1ab_T>G_Met4958Arg_missense	15137.0	0.0133	0.0172	0.01525
12	orf1ab_A>C_Thr4959Pro_missense	15139.0	0.0202	0.0219	0.02105
14	orf1ab_G>T_Gln4962His_missense	15150.0	0.0368	0.045	0.0409
15	orf1ab_T>G_Leu4968Trp_missense	15167.0	0.0126	0.0114	0.012
16	orf1ab_C>T_Phe5158Phe_synonymous	15738.0	0.9832	0.9858	0.9844999999999999
17	orf1ab_G>T_Gln5214His_missense	15906.0	0.0219	0.019	0.02045
18	orf1ab_dupT_Val5236fs_frameshift	15965.0	0.0242	0.0276	0.0259
19	orf1ab_dupT_Ser6037fs_frameshift	18368.0	0.0122	0.0142	0.0132
20	orf1ab_C>T_Ser6294Phe_missense	19145.0	0.0265	0.0235	0.025
21	orf1ab_dupT_As576fs_frameshift&stop	19983.0	0.0271	0.0254	0.02625
22	S_-delCCCATTGGTGCAGGTATATGCGCTAGTT_Pro665fs_frameshift	23554.0	0.0174	0.0108	0.0141
24	ORF8_dupT_Leu109fs_frameshift	28214.0	0.0135	0.0144	0.01395
25	ORF10-CHR_END_n.G>T__intergenic-region	29711.0	0.9989	0.9974	0.99815
