	SNP	POS_x	rep1_percent	rep2_percent	%
0	CHR_START-orf1ab_C>T__intergenic-region	241	0.9764	0.976	1.0
1	orf1ab_C>T_Thr265Ile_missense	1059	0.9849	0.9847	1.0
2	orf1ab_C>T_Phe924Phe_synonymous	3037	0.9759	0.9778	1.0
3	orf1ab_G>T_Gly2207Cys_missense	6884	0.9527	0.9490000000000001	0.95085
4	orf1ab_C>T_Pro4715Leu_missense	14408	0.9863	0.9856	1.0
6	S_A>G_As14Gly_missense	23403	0.9849	0.9831	1.0
7	ORF3a_G>T_Gln57His_missense	25563	0.9898	0.9895	1.0
