	SNP	POS_x	rep1_percent	rep2_percent	%
0	CHR_START-orf1ab_n.C>T__intergenic-region	241.0	0.9794	0.9808	0.9801
2	orf1ab_C>T_Thr265Ile_missense	1059.0	0.987	0.9887	0.98785
3	orf1ab_C>T_Phe924Phe_synonymous	3037.0	0.9795	0.9829	0.9812000000000001
4	orf1ab_T>C_Gly957Gly_synonymous	3136.0	0.0113	0.0108	0.01105
6	orf1ab_dupT_Leu2146fs_frameshift	6696.0	0.0432	0.0407	0.04195
7	orf1ab_G>T_Gly2207Cys_missense	6884.0	0.9599	0.9620000000000001	0.96095
8	orf1ab_G>T_Leu3606Phe_missense	11083.0	0.0156	0.0165	0.016050000000000002
9	orf1ab_C>T_Pro4715Leu_missense	14408.0	0.9885	0.9890000000000001	0.98875
11	orf1ab_A>C_Thr4959Pro_missense	15139.0	0.017	0.0181	0.017550000000000003
12	orf1ab_C>A_Thr4959Thr_synonymous	15141.0	0.018000000000000002	0.0179	0.01795
14	orf1ab_T>G_Leu4968Trp_missense	15167.0	0.0141	0.0109	0.0125
17	orf1ab_dupT_Val5236fs_frameshift	15965.0	0.0253	0.0256	0.02545
18	orf1ab_dupT_Ser6037fs_frameshift	18368.0	0.0187	0.0148	0.01675
19	S_A>G_As14Gly_missense	23403.0	0.9875	0.9881	0.9878
20	ORF3a_G>T_Gln57His_missense	25563.0	0.9908	0.9918	0.9913000000000001
21	N_G>A_Met234Ile_missense	28975.0	0.0199	0.0138	0.01685
22	N_C>T_Tyr360Tyr_synonymous	29353.0	0.0223	0.0143	0.0183
