	SNP	POS_x	rep1_percent	rep2_percent	%
5	orf1ab_C>T_Pro2144Leu_missense	6696.0	0.0103	0.0111	0.010700000000000001
6	orf1ab_dupT_Leu2146fs_frameshift	6696.0	0.0411	0.0461	0.0436
7	orf1ab_C>T_Asn2147Asn_synonymous	6706.0	0.0303	0.0171	0.0237
10	orf1ab_dupT_Gly4322fs_frameshift	13225.0	0.0106	0.0116	0.011099999999999999
11	orf1ab_G>T_Val4952Phe_missense	15118.0	0.016	0.0111	0.01355
13	orf1ab_T>G_Met4958Arg_missense	15137.0	0.0127	0.0162	0.01445
14	orf1ab_A>C_Thr4959Pro_missense	15139.0	0.0233	0.017	0.02015
15	orf1ab_C>A_Thr4959Thr_synonymous	15141.0	0.0193	0.0111	0.015200000000000002
16	orf1ab_G>T_Gln4962His_missense	15150.0	0.03	0.0196	0.0248
17	orf1ab_G>A_Leu4968Leu_synonymous	15168.0	0.0353	0.0247	0.03
19	orf1ab_dupT_Val5236fs_frameshift	15965.0	0.0211	0.0222	0.021650000000000003
21	orf1ab_dupT_As576fs_frameshift&stop	19983.0	0.0417	0.0347	0.0382
27	ORF8_dupT_Leu109fs_frameshift	28214.0	0.0147	0.0156	0.01515
29	ORF10_-delTCGCTTTTCCGTTT_Phe7fs_frameshift	29571.0	0.0227	0.0196	0.021150000000000002
30	ORF10-CHR_END_n.G>T__intergenic-region	29711.0	1.0	0.9994	0.9997
