	SNP	POS_x	rep1_percent	rep2_percent	%
0	CHR_START-orf1ab_n.C>T__intergenic-region	241.0	0.9942	0.9921	0.99315
1	orf1ab_-delTCATGTTATGGTTG_His83fs_frameshift	509.0	0.0137	0.012	0.01285
2	orf1ab_C>T_Phe924Phe_synonymous	3037.0	0.9879	0.9908	0.98935
3	orf1ab_dupT_Leu2146fs_frameshift	6696.0	0.037000000000000005	0.0696	0.0533
4	orf1ab_C>T_Pro4715Leu_missense	14408.0	0.9883	0.9866	0.9874499999999999
7	orf1ab_T>C_Leu5030Leu_synonymous	15354.0	0.9921	0.9923	0.9922
8	orf1ab_dupT_Val5236fs_frameshift	15965.0	0.0174	0.053	0.035199999999999995
9	orf1ab_dupT_Ser6037fs_frameshift	18368.0	0.0142	0.026000000000000002	0.0201
10	orf1ab_C>T_Leu6205Leu_synonymous	18877.0	0.9902	0.9912	0.9906999999999999
11	orf1ab_dupT_As576fs_frameshift&stop	19983.0	0.0249	0.0279	0.0264
12	S_A>G_As14Gly_missense	23403.0	0.9923	0.9927	0.9924999999999999
13	ORF3a_G>T_Gln57His_missense	25563.0	0.993	0.9941	0.9935499999999999
14	ORF3a_C>T_Pro104Leu_missense	25703.0	0.021	0.0201	0.02055
15	ORF8_T>C_Leu60Leu_synonymous	28071.0	0.0317	0.0393	0.035500000000000004
