	SNP	POS_x	rep1_percent	rep2_percent	%
0	CHR_START-orf1ab_241C>T__intergenic	241	0.9898	0.9901	1.0
1	orf1ab_2772C>T_Phe924Phe_synonymous	3037	0.9789	0.9890000000000001	1.0
2	orf1ab_14144C>T_Pro4715Leu_missense	14408	0.9823	0.9804	1.0
3	orf1ab_15090T>C_Leu5030Leu_synonymous	15354	0.9865	0.9874	1.0
4	orf1ab_18613C>T_Leu6205Leu_synonymous	18877	0.9809	0.9854	1.0
5	S_1841A>G_As14Gly_missense	23403	0.9849	0.9885	1.0
6	ORF3a_171G>T_Gln57His_missense	25563	0.9872	0.9914	1.0
7	ORF8_178T>C_Leu60Leu_synonymous	28071	0.0316	0.0394	0.035500000000000004
