	SNP	POS_x	rep1_percent	rep2_percent	%
1	orf1ab_G>T_Leu61Phe_missense	448.0	0.0169	0.0118	0.014349999999999998
2	orf1ab_-delGTCATGTTATGGTTG_Gly82-Val86del_disruptive-inframe-deletion	507.0	0.0175	0.0199	0.0187
3	orf1ab_-delTCATGTTATGGTTG_His83fs_frameshift	509.0	0.0169	0.0221	0.0195
4	orf1ab_-delATGGTT_Met85-Val86del_conservative-inframe-deletion	514.0	0.0112	0.0118	0.0115
5	orf1ab_-delAAGTCATTT_Lys141-Phe143del_conservative-inframe-deletion	685.0	0.0179	0.0214	0.01965
6	orf1ab_dupA_Leu293fs_frameshift	1135.0	0.0154	0.0137	0.01455
7	orf1ab_dupT_Leu2146fs_frameshift	6696.0	0.0519	0.0562	0.05405
10	orf1ab_dupA_Pro3851fs_frameshift	11812.0	0.01	0.0155	0.012750000000000001
11	orf1ab_G>T_Val4952Phe_missense	15118.0	0.0231	0.0183	0.0207
12	orf1ab_C>T_Ser4953Phe_missense	15122.0	0.0221	0.012	0.017050000000000003
14	orf1ab_T>G_Met4958Arg_missense	15137.0	0.021	0.0139	0.01745
15	orf1ab_A>C_Thr4959Pro_missense	15139.0	0.0315	0.0215	0.0265
18	orf1ab_T>G_Leu4968Trp_missense	15167.0	0.021	0.0101	0.015550000000000001
19	orf1ab_dupT_Val5236fs_frameshift	15965.0	0.0192	0.0293	0.02425
20	orf1ab_C>T_Pro5371Ser_missense	16375.0	0.3571	0.35600000000000004	0.35655000000000003
21	orf1ab_dupT_Ser6037fs_frameshift	18368.0	0.0106	0.0175	0.01405
22	orf1ab_G>A_Gly6621Arg_missense	20125.0	0.0261	0.0179	0.022
23	S_-delCCCATTGGTGCAGGTATATGCGCTAGTT_Pro665fs_frameshift	23554.0	0.0134	0.0126	0.013000000000000001
24	ORF7a_C>T_Leu9Leu_synonymous	27418.0	0.0628	0.0629	0.06284999999999999
25	ORF10-CHR_END_n.G>T__intergenic-region	29711.0	0.9971	0.997	0.99705
26	ORF10-CHR_END_n.C>T__intergenic-region	29754.0	0.0143	0.0159	0.0151
