	SNP	POS_x	rep1_percent	rep2_percent	%
0	orf1ab_C>T_Ala2192Val_missense	6840.0	0.3232	0.3257	0.32445
1	orf1ab_C>T_Ser4135Phe_missense	12669.0	0.2614	0.2357	0.24855
2	orf1ab_C>T_Pro4197Leu_missense	12855.0	0.091	0.0789	0.08495
4	orf1ab_G>T_Gln4962His_missense	15150.0	0.0366	0.0374	0.037000000000000005
5	orf1ab_A>G_Ile6721Val_missense	20425.0	0.1514	0.1574	0.1544
6	ORF10-CHR_END_G>T__intergenic-region	29711.0	1.0	0.9982	1.0
