	SNP	POS_x	rep1_percent	rep2_percent	%
0	orf1ab_dupA_Leu293fs_frameshift	1135.0	0.0113	0.017	0.01415
1	orf1ab_C>A_Ser549Ser_synonymous	1912.0	0.0162	0.017	0.0166
2	orf1ab_dupT_Leu2146fs_frameshift	6696.0	0.0367	0.0624	0.04955
3	orf1ab_C>T_Ala2192Val_missense	6840.0	0.3257	0.3262	0.32594999999999996
4	orf1ab_C>T_Ser4135Phe_missense	12669.0	0.263	0.2369	0.24995
5	orf1ab_C>T_Pro4197Leu_missense	12855.0	0.0921	0.0796	0.08585000000000001
8	orf1ab_T>G_Met4958Arg_missense	15137.0	0.017	0.015	0.016
9	orf1ab_A>C_Thr4959Pro_missense	15139.0	0.0232	0.0166	0.0199
10	orf1ab_C>A_Thr4959Thr_synonymous	15141.0	0.0341	0.0263	0.030199999999999998
11	orf1ab_G>T_Gln4962His_missense	15150.0	0.0372	0.0376	0.0374
12	orf1ab_T>G_Leu4968Trp_missense	15167.0	0.017	0.0113	0.01415
13	orf1ab_dupT_Val5236fs_frameshift	15965.0	0.0152	0.0269	0.02105
14	orf1ab_dupT_Ser6037fs_frameshift	18368.0	0.0191	0.0121	0.0156
15	orf1ab_dupT_As576fs_frameshift&stop	19983.0	0.0226	0.0336	0.0281
16	orf1ab_A>G_Ile6721Val_missense	20425.0	0.156	0.1579	0.15695
18	ORF3a_C>T_Leu127Phe_missense	25771.0	0.019	0.0205	0.01975
19	ORF10-CHR_END_n.G>T__intergenic-region	29711.0	1.0	0.9992	0.9996
