	SNP	POS_x	rep1_percent	rep2_percent	%
0	orf1ab_dupT_Leu2146fs_frameshift	6696.0	0.059000000000000004	0.0642	0.0616
1	orf1ab_C>T_Ser2839Ser_synonymous	8782.0	0.9857	0.9855	0.9856
3	orf1ab_A>C_Thr4959Pro_missense	15139.0	0.0186	0.0198	0.019200000000000002
4	orf1ab_T>G_Leu4968Trp_missense	15167.0	0.0133	0.0124	0.01285
5	orf1ab_dupT_Val5236fs_frameshift	15965.0	0.0356	0.0865	0.06104999999999999
6	orf1ab_G>A_Val5373Ile_missense	16381.0	0.9864	0.9866	0.9865
7	orf1ab_T>C_Thr5871Thr_synonymous	17877.0	0.9798	0.9815	0.98065
8	orf1ab_dupT_Ser6037fs_frameshift	18368.0	0.0208	0.0252	0.023
9	orf1ab_dupT_As576fs_frameshift&stop	19983.0	0.022000000000000002	0.0101	0.016050000000000002
10	orf1ab_C>T_Phe6684Phe_synonymous	20316.0	0.9684	0.9648	0.9666
12	ORF3a_G>T_Pro36Pro_synonymous	25500.0	0.9924	0.9882	0.9903
13	ORF3a_C>T_Val244Val_synonymous	26124.0	0.9901	0.9840000000000001	0.98705
14	ORF8_T>C_Leu84Ser_missense	28144.0	0.9987	0.9982	0.9984500000000001
15	ORF8_dupT_Leu109fs_frameshift	28214.0	0.0133	0.0216	0.01745
16	N_G>A_Ser202Asn_missense	28878.0	0.9987	0.9983	0.9984999999999999
17	ORF10-CHR_END_n.G>A__intergenic-region	29742.0	0.9979	0.9973	0.9976
