	SNP	POS_x	rep1_percent	rep2_percent	%
0	CHR_START-orf1ab_n.C>T__intergenic-region	241.0	0.9994	1.0	0.9997
1	orf1ab_C>T_Thr265Ile_missense	1059.0	0.9998	1.0	0.9999
7	orf1ab_C>T_Phe924Phe_synonymous	3037.0	0.9990000000000001	0.9989	0.99895
13	orf1ab_G>T_Gly2207Cys_missense	6884.0	0.9996	0.9985	0.99905
27	orf1ab_C>T_Pro4715Leu_missense	14408.0	0.9998	1.0	0.9999
29	orf1ab_A>C_Thr4959Pro_missense	15139.0	0.0227	0.0224	0.02255
30	orf1ab_T>G_Leu4968Trp_missense	15167.0	0.013999999999999999	0.0131	0.01355
31	orf1ab_dupT_Val5236fs_frameshift	15965.0	0.0472	0.1998	0.1235
44	S_A>G_As14Gly_missense	23403.0	0.9996	0.9998	0.9997
45	ORF3a_G>T_Gln57His_missense	25563.0	0.9992	0.9997	0.99945
