	SNP	POS_x	rep1_percent	rep2_percent	%
0	CHR_START-orf1ab_n.C>T__intergenic-region	147.0	0.0158	0.9994	0.5075999999999999
1	CHR_START-orf1ab_n.C>T__intergenic-region	241.0	0.987	0.9994	0.9932
14	orf1ab_C>T_Thr265Ile_missense	1059.0	0.9808	0.9992	0.99
39	orf1ab_C>T_Phe924Phe_synonymous	3037.0	0.9833	0.9987	0.991
60	orf1ab_dupT_Leu1643fs_frameshift	5187.0	0.0117	0.019	0.015349999999999999
81	orf1ab_dupT_Leu2146fs_frameshift	6696.0	0.0734	0.086	0.0797
96	orf1ab_dupT_As544fs_frameshift&stop	7889.0	0.0404	0.0171	0.028749999999999998
116	orf1ab_dupT_Ser3376fs_frameshift	10386.0	0.0273	0.0133	0.0203
128	orf1ab_dupA_His3631fs_frameshift	11152.0	0.0107	0.0143	0.0125
137	orf1ab_dupA_Met3911fs_frameshift	11990.0	0.0109	0.0146	0.012750000000000001
159	orf1ab_C>T_Ala4426Val_missense	13541.0	0.0138	0.0169	0.015349999999999999
162	orf1ab_C>T_Pro4715Leu_missense	14408.0	0.9938	0.9998	0.9968
165	orf1ab_dupT_Ser4789fs_frameshift	14625.0	0.0133	0.0324	0.02285
171	orf1ab_T>G_Met4958Arg_missense	15137.0	0.022000000000000002	0.0226	0.0223
172	orf1ab_A>C_Thr4959Pro_missense	15139.0	0.017	0.0238	0.0204
173	orf1ab_C>A_Thr4959Thr_synonymous	15141.0	0.034	0.0336	0.0338
175	orf1ab_T>G_Leu4968Trp_missense	15167.0	0.0184	0.0172	0.0178
177	orf1ab_C>T_Leu5006Phe_missense	15280.0	0.012	0.0358	0.023899999999999998
186	orf1ab_dupT_Val5236fs_frameshift	15965.0	0.0199	0.0572	0.03855
203	orf1ab_dupT_Ser5587fs_frameshift	17019.0	0.0146	0.0116	0.0131
205	orf1ab_G>T_Ala5620Ser_missense	17122.0	0.9946	0.9983	0.9964500000000001
218	orf1ab_dupT_Ser6037fs_frameshift	18368.0	0.0172	0.0426	0.0299
236	orf1ab_dupT_As576fs_frameshift&stop	19983.0	0.0223	0.0267	0.0245
252	S_dupT_Glu169fs_frameshift&stop	22062.0	0.0111	0.0118	0.01145
276	S_A>G_As14Gly_missense	23403.0	0.9917	0.9981	0.9949
283	S_dupA_Asn777fs_frameshift	23887.0	0.0367	0.0228	0.029750000000000002
301	ORF3a_G>T_Gln57His_missense	25563.0	0.99	0.9979	0.99395
310	M_G>T_Ala38Ser_missense	26634.0	0.9991	0.9944	0.99675
321	ORF8_C>T_Ser24Leu_missense	27964.0	1.0	0.9978	0.9989
