	SNP	POS_x	rep1_percent	rep2_percent	%
0	CHR_START-orf1ab_C>T__intergenic-region	241.0	0.9874	0.9994	1.0
1	orf1ab_C>T_Thr265Ile_missense	1059.0	0.9813	0.9992	1.0
3	orf1ab_C>T_Phe924Phe_synonymous	3037.0	0.9837	0.9983	1.0
5	orf1ab_C>T_Pro4715Leu_missense	14408.0	0.9940000000000001	0.9998	1.0
6	orf1ab_C>A_Thr4959Thr_synonymous	15141.0	0.034	0.0335	0.03375
9	orf1ab_G>T_Ala5620Ser_missense	17122.0	0.9947	0.9983	1.0
12	S_A>G_As14Gly_missense	23403.0	0.9919	0.9981	1.0
15	ORF3a_G>T_Gln57His_missense	25563.0	0.9903	0.9979	1.0
16	M_G>T_Ala38Ser_missense	26634.0	0.9991	0.9945	1.0
18	ORF8_C>T_Ser24Leu_missense	27964.0	1.0	0.9978	1.0
