	SNP	POS_x	rep1_percent	rep2_percent	%
0	CHR_START-orf1ab_n.C>T__intergenic-region	241.0	0.9936	0.9949	0.9942500000000001
1	orf1ab_C>T_Phe924Phe_synonymous	3037.0	0.9926	0.9940000000000001	0.9933000000000001
2	orf1ab_-delTAT_Tyr2141del_conservative-inframe-deletion	6683.0	0.0228	0.0207	0.02175
3	orf1ab_C>T_Pro2144Leu_missense	6696.0	0.0118	0.0122	0.012
4	orf1ab_dupT_Leu2146fs_frameshift	6696.0	0.0782	0.0726	0.0754
5	orf1ab_dupT_As544fs_frameshift&stop	7889.0	0.013000000000000001	0.0166	0.0148
7	orf1ab_dupA_Thr3453fs_frameshift	10619.0	0.0161	0.0122	0.01415
8	orf1ab_dupA_Pro3851fs_frameshift	11812.0	0.0186	0.0175	0.01805
9	orf1ab_A>G_As344Gly_missense	13296.0	0.0148	0.0129	0.013850000000000001
10	orf1ab_C>T_Pro4715Leu_missense	14408.0	0.9922	0.9941	0.99315
11	orf1ab_G>T_Val4952Phe_missense	15118.0	0.0114	0.0115	0.01145
12	orf1ab_T>G_Met4958Arg_missense	15137.0	0.0114	0.013000000000000001	0.0122
16	orf1ab_T>C_Leu5030Leu_synonymous	15354.0	0.9924	0.9929	0.99265
18	orf1ab_dupT_Val5236fs_frameshift	15965.0	0.1223	0.1075	0.1149
19	orf1ab_dupT_Ser6037fs_frameshift	18368.0	0.0391	0.0325	0.0358
20	orf1ab_C>T_Leu6205Leu_synonymous	18877.0	0.9936	0.9931	0.99335
21	S_A>G_As14Gly_missense	23403.0	0.9937	0.9940000000000001	0.9938500000000001
22	ORF3a_G>T_Gln57His_missense	25563.0	0.9942	0.9957	0.99495
24	ORF3a_C>T_Ser165Phe_missense	25886.0	0.019	0.0243	0.02165
25	ORF8_dupT_Leu109fs_frameshift	28214.0	0.0201	0.0239	0.022
26	N_C>T_Pro151Ser_missense	28724.0	0.2589	0.255	0.25695
