	SNP	POS_x	rep1_percent	rep2_percent	%
0	CHR_START-orf1ab_n.C>T__intergenic-region	241.0	0.9959	0.9961	0.996
1	orf1ab_C>T_Phe924Phe_synonymous	3037.0	0.9927	0.9936	0.99315
2	orf1ab_dupT_Leu2146fs_frameshift	6696.0	0.0503	0.0483	0.0493
4	orf1ab_C>T_Pro4715Leu_missense	14408.0	0.995	0.9945	0.99475
5	orf1ab_dupT_Val5236fs_frameshift	15965.0	0.0224	0.0224	0.0224
6	orf1ab_dupT_Ser6037fs_frameshift	18368.0	0.0206	0.0151	0.01785
7	orf1ab_C>T_Leu6205Leu_synonymous	18877.0	0.9928	0.992	0.9924
8	orf1ab_dupT_As576fs_frameshift&stop	19983.0	0.0276	0.0183	0.022949999999999998
9	orf1ab_G>T_Leu6909Phe_missense	20991.0	0.0249	0.0275	0.0262
10	S_A>G_As14Gly_missense	23403.0	0.9948	0.9947	0.99475
11	ORF3a_G>T_Gln57His_missense	25563.0	0.9971	0.9961	0.9965999999999999
