	SNP	POS_x	rep1_percent	rep2_percent	%
0	orf1ab_dupA_Leu293fs_frameshift	1135.0	0.0105	0.0112	0.01085
1	orf1ab_dupT_Leu2146fs_frameshift	6696.0	0.0542	0.0568	0.0555
2	orf1ab_C>T_Ser2839Ser_synonymous	8782.0	0.9962	0.9968	0.9964999999999999
3	orf1ab_dupA_Pro3851fs_frameshift	11812.0	0.0117	0.0125	0.0121
4	orf1ab_T>G_Met4958Arg_missense	15137.0	0.0112	0.0171	0.01415
5	orf1ab_A>C_Thr4959Pro_missense	15139.0	0.0236	0.021	0.0223
7	orf1ab_T>G_Leu4968Trp_missense	15167.0	0.0161	0.0138	0.01495
8	orf1ab_dupT_Val5236fs_frameshift	15965.0	0.0377	0.0375	0.037599999999999995
9	orf1ab_G>A_Val5373Ile_missense	16381.0	0.9939	0.9951	0.9944999999999999
10	orf1ab_T>C_Thr5871Thr_synonymous	17877.0	0.9956	0.995	0.9953000000000001
11	orf1ab_dupT_Ser6037fs_frameshift	18368.0	0.0212	0.0226	0.0219
12	orf1ab_dupT_As576fs_frameshift&stop	19983.0	0.0207	0.0224	0.02155
13	orf1ab_C>T_Phe6684Phe_synonymous	20316.0	0.9846	0.9853	0.98495
14	S_C>T_His49Tyr_missense	21707.0	0.9942	0.9951	0.99465
15	S_C>T_Ala475Ala_synonymous	22987.0	0.0878	0.0847	0.08625
16	ORF3a_G>T_Pro36Pro_synonymous	25500.0	0.9955	0.9955	0.9955
17	ORF3a_C>T_Val244Val_synonymous	26124.0	0.9938	0.9947	0.9942500000000001
18	ORF8_T>C_Leu84Ser_missense	28144.0	0.9993	0.9991	0.9992
19	ORF8_dupT_Leu109fs_frameshift	28214.0	0.0119	0.015	0.01345
20	N_G>A_Ser202Asn_missense	28878.0	0.9974	0.9977	0.9975499999999999
21	ORF10-CHR_END_n.G>A__intergenic-region	29742.0	0.9947	0.9955	0.9951000000000001
