	SNP	POS_x	rep1_percent	rep2_percent	%
0	CHR_START-orf1ab_C>T__intergenic-region	241	0.8095	0.9537	0.8815999999999999
1	orf1ab_C>T_Phe924Phe_synonymous	3037	0.9632	0.9747	0.96895
2	orf1ab_C>T_Thr2977Ile_missense	9195	0.9671	0.9740000000000001	1.0
3	orf1ab_C>T_Pro4715Leu_missense	14408	0.9808	0.9766	1.0
4	orf1ab_T>C_Leu5030Leu_synonymous	15354	0.9792	0.9835	1.0
5	orf1ab_C>T_Leu6205Leu_synonymous	18877	0.9641	0.9790000000000001	1.0
6	S_A>G_As14Gly_missense	23403	0.9828	0.9839	1.0
7	S_C>T_Thr732Thr_synonymous	23758	0.4975	0.5046	0.50105
8	ORF3a_G>T_Gln57His_missense	25563	0.9738	0.9797	1.0
9	ORF10_C>T_Arg24Cys_missense	29627	0.1286	0.1134	0.121
