	SNP	POS_x	rep1_percent	rep2_percent	%
0	CHR_START-orf1ab_n.C>T__intergenic-region	241.0	0.8412	0.9597	0.90045
2	orf1ab_-delAAGTCATTT_Lys141-Phe143del_conservative-inframe-deletion	685.0	0.022000000000000002	0.0204	0.021200000000000004
3	orf1ab_C>T_Phe924Phe_synonymous	3037.0	0.97	0.9775	0.97375
4	orf1ab_C>T_Pro1158Ser_missense	3737.0	0.0113	0.0127	0.012
6	orf1ab_dupT_Leu2146fs_frameshift	6696.0	0.0862	0.0559	0.07105
7	orf1ab_C>T_As485Asp_synonymous	7720.0	0.0122	0.0105	0.01135
9	orf1ab_C>T_Thr2977Ile_missense	9195.0	0.9723	0.9773	0.9748
16	orf1ab_C>T_Pro4715Leu_missense	14408.0	0.9837	0.9792	0.9814499999999999
17	orf1ab_T>C_Tyr4922Tyr_synonymous	15030.0	0.019	0.013999999999999999	0.0165
18	orf1ab_T>C_Leu5030Leu_synonymous	15354.0	0.9827	0.9858	0.9842500000000001
20	orf1ab_dupT_Val5236fs_frameshift	15965.0	0.1347	0.0725	0.1036
22	orf1ab_dupT_Ser6037fs_frameshift	18368.0	0.046	0.015	0.0305
23	orf1ab_C>T_Leu6205Leu_synonymous	18877.0	0.9701	0.9823	0.9762
27	S_A>G_As14Gly_missense	23403.0	0.985	0.986	0.9855
28	S_C>T_Thr732Thr_synonymous	23758.0	0.4996	0.507	0.5033
29	ORF3a_G>T_Gln57His_missense	25563.0	0.9768	0.9824	0.9796
32	ORF8_dupT_Leu109fs_frameshift	28214.0	0.0266	0.0165	0.02155
33	N_-delTGA_As77del_disruptive-inframe-deletion	29400.0	0.0211	0.0175	0.0193
34	ORF10_C>T_Arg24Cys_missense	29627.0	0.1263	0.1134	0.11985
