	SNP	POS_x	rep1_percent	rep2_percent	%
0	CHR_START-orf1ab_n.C>T__intergenic-region	241.0	0.9799	0.9893	0.9845999999999999
1	orf1ab_dupA_Leu293fs_frameshift	1135.0	0.0175	0.0135	0.0155
2	orf1ab_C>T_Phe924Phe_synonymous	3037.0	0.9864	0.987	0.9867
4	orf1ab_dupT_Leu2146fs_frameshift	6696.0	0.0748	0.0554	0.0651
6	orf1ab_C>T_Thr2977Ile_missense	9195.0	0.9901	0.9907	0.9904
9	orf1ab_dupT_Leu4400fs_frameshift	13459.0	0.0121	0.0109	0.0115
10	orf1ab_C>T_Pro4715Leu_missense	14408.0	0.9907	0.9840000000000001	0.9873500000000001
12	orf1ab_T>C_Leu5030Leu_synonymous	15354.0	0.9906	0.9896	0.9901
13	orf1ab_dupT_Val5236fs_frameshift	15965.0	0.0442	0.0265	0.03535
14	orf1ab_C>T_Tyr5355Tyr_synonymous	16329.0	0.1336	0.1477	0.14065
15	orf1ab_dupT_Ser6037fs_frameshift	18368.0	0.026000000000000002	0.0196	0.0228
16	orf1ab_C>T_Leu6205Leu_synonymous	18877.0	0.9888	0.9899	0.98935
17	orf1ab_dupT_As576fs_frameshift&stop	19983.0	0.0245	0.0421	0.033299999999999996
18	S_dupT_Leu5fs_frameshift	21569.0	0.0127	0.013000000000000001	0.01285
19	S_A>G_As14Gly_missense	23403.0	0.9879	0.9907	0.9893000000000001
20	S_dupT_Ala783fs_frameshift	23903.0	0.0116	0.0105	0.01105
21	ORF3a_G>T_Gln57His_missense	25563.0	0.9932	0.9917	0.99245
23	ORF8_dupT_Leu109fs_frameshift	28214.0	0.018000000000000002	0.016	0.017
