	SNP	POS_x	rep1_percent	rep2_percent	%
0	CHR_START-orf1ab_n.C>T__intergenic-region	241.0	0.9761	0.987	0.9815499999999999
1	orf1ab_-delTCATGTTATGGTTG_His83fs_frameshift	509.0	0.0117	0.0113	0.0115
3	orf1ab_dupA_Leu293fs_frameshift	1135.0	0.0187	0.0127	0.0157
4	orf1ab_C>T_Phe924Phe_synonymous	3037.0	0.9868	0.9873	0.98705
5	orf1ab_dupT_Leu2146fs_frameshift	6696.0	0.0738	0.0681	0.07095
6	orf1ab_G>A_Lys2928Lys_synonymous	9049.0	0.0121	0.015	0.01355
7	orf1ab_C>T_Thr2977Ile_missense	9195.0	0.9894	0.9899	0.9896499999999999
8	orf1ab_dupA_Pro3851fs_frameshift	11812.0	0.0117	0.0124	0.01205
9	orf1ab_C>T_Pro4715Leu_missense	14408.0	0.9874	0.9620000000000001	0.9747000000000001
14	orf1ab_T>G_Leu4968Trp_missense	15167.0	0.0146	0.0177	0.01615
15	orf1ab_T>C_Leu5030Leu_synonymous	15354.0	0.9933	0.9903	0.9918
16	orf1ab_dupT_Val5236fs_frameshift	15965.0	0.0447	0.0342	0.03945
19	orf1ab_dupT_Ser6037fs_frameshift	18368.0	0.0316	0.0209	0.026250000000000002
20	orf1ab_C>T_Leu6205Leu_synonymous	18877.0	0.9917	0.9895	0.9906
21	orf1ab_dupT_As576fs_frameshift&stop	19983.0	0.0358	0.0299	0.03285
22	orf1ab_G>T_Ser6613Ile_missense	20102.0	0.0151	0.0137	0.0144
25	S_A>G_As14Gly_missense	23403.0	0.9924	0.9906	0.9915
27	ORF3a_G>T_Gln57His_missense	25563.0	0.9940000000000001	0.9928	0.9934000000000001
29	ORF8_dupT_Leu109fs_frameshift	28214.0	0.0184	0.0162	0.0173
