	SNP	POS_x	rep1_percent	rep2_percent	%
0	CHR_START-orf1ab_n.C>T__intergenic-region	241.0	0.6899	0.9226	0.8062499999999999
2	orf1ab_dupA_Leu293fs_frameshift	1135.0	0.0137	0.0104	0.01205
3	orf1ab_C>T_Phe924Phe_synonymous	3037.0	0.9551	0.9518	0.9534499999999999
5	orf1ab_dupT_Leu2146fs_frameshift	6696.0	0.0832	0.0569	0.07005
7	orf1ab_A>G_Lys2555Arg_missense	7929.0	0.9417	0.9542	0.9479500000000001
8	orf1ab_C>T_Leu2969Phe_missense	9170.0	0.0449	0.0437	0.044300000000000006
9	orf1ab_C>T_Thr2977Ile_missense	9195.0	0.9593	0.9540000000000001	0.95665
11	orf1ab_A>G_Gln3729Arg_missense	11451.0	0.0252	0.0247	0.02495
13	orf1ab_A>G_Lys4107Glu_missense	12584.0	0.0241	0.0215	0.0228
14	orf1ab_C>T_Pro4715Leu_missense	14408.0	0.9699	0.9051	0.9375
17	orf1ab_T>G_Leu4968Trp_missense	15167.0	0.0103	0.0139	0.0121
18	orf1ab_T>C_Leu5030Leu_synonymous	15354.0	0.9620000000000001	0.9661	0.9640500000000001
19	orf1ab_dupT_Val5236fs_frameshift	15965.0	0.0777	0.0302	0.053950000000000005
20	orf1ab_C>T_Ser5362Leu_missense	16349.0	0.0129	0.0158	0.014350000000000002
22	orf1ab_dupT_Ser6037fs_frameshift	18368.0	0.0346	0.0151	0.02485
23	orf1ab_C>T_Leu6205Leu_synonymous	18877.0	0.9505	0.9525	0.9515
24	orf1ab_dupT_As576fs_frameshift&stop	19983.0	0.0207	0.0238	0.02225
26	S_A>G_As14Gly_missense	23403.0	0.9634	0.9703	0.96685
27	ORF3a_G>T_Gln57His_missense	25563.0	0.9735	0.9691	0.9713
31	ORF8_dupT_Leu109fs_frameshift	28214.0	0.0218	0.0142	0.018000000000000002
