	SNP	POS_x	rep1_percent	rep2_percent	%
0	CHR_START-orf1ab_C>T__intergenic-region	241	0.6612	0.91	0.7856000000000001
1	orf1ab_C>T_Phe924Phe_synonymous	3037	0.9481	0.9439	0.946
2	orf1ab_A>G_Lys2555Arg_missense	7929	0.9249	0.9332	0.92905
3	orf1ab_C>T_Leu2969Phe_missense	9170	0.0448	0.0426	0.0437
4	orf1ab_C>T_Thr2977Ile_missense	9195	0.9479	0.9321	0.94
5	orf1ab_C>T_Pro4715Leu_missense	14408	0.9622	0.8649	0.9135500000000001
6	orf1ab_T>C_Leu5030Leu_synonymous	15354	0.9517	0.9505	0.9511000000000001
7	orf1ab_C>T_Leu6205Leu_synonymous	18877	0.9372	0.932	0.9346000000000001
8	S_A>G_As14Gly_missense	23403	0.9527	0.9565	0.9546
9	ORF3a_G>T_Gln57His_missense	25563	0.9667	0.9567	0.9617
