	SNP	POS_x	rep1_percent	rep2_percent	%
0	orf1ab_A>G_Ile1525Val_missense	4838.0	0.9872	0.9888	1.0
1	orf1ab_C>T_Ile2385Ile_synonymous	7420.0	0.9773	0.9792	1.0
2	orf1ab_G>A_Val3336Ile_missense	10271.0	0.0416	0.0429	0.042249999999999996
3	orf1ab_C>T_As891Asp_synonymous	14937.0	0.975	0.9743	1.0
4	orf1ab_G>T_Gln4962His_missense	15150.0	0.0458	0.0445	0.045149999999999996
5	orf1ab_C>T_Phe6628Phe_synonymous	20148.0	0.9505	0.9649	0.9577
6	ORF10-CHR_END_G>T__intergenic-region	29711.0	0.9926	0.9901	1.0
