	SNP	POS_x	rep1_percent	rep2_percent	%
0	orf1ab_-delTCATGTTATGGTTG_His83fs_frameshift	509.0	0.0144	0.015	0.0147
1	orf1ab_dupA_Leu293fs_frameshift	1135.0	0.017	0.0113	0.01415
2	orf1ab_A>G_Ile1525Val_missense	4838.0	0.9907	0.9927	0.9917
4	orf1ab_dupT_Leu2146fs_frameshift	6696.0	0.0711	0.0603	0.0657
5	orf1ab_C>T_Ile2385Ile_synonymous	7420.0	0.9856	0.9883	0.98695
7	orf1ab_G>A_Val3336Ile_missense	10271.0	0.0417	0.0428	0.042249999999999996
8	orf1ab_dupT_Ser3376fs_frameshift	10386.0	0.0121	0.0116	0.01185
9	orf1ab_G>T_Leu3606Phe_missense	11083.0	0.0215	0.0197	0.0206
10	orf1ab_dupA_Pro3851fs_frameshift	11812.0	0.0156	0.0111	0.01335
11	orf1ab_dupT_Leu4400fs_frameshift	13459.0	0.011000000000000001	0.0112	0.0111
12	orf1ab_A>G_Met4502Val_missense	13768.0	0.0121	0.0108	0.01145
13	orf1ab_C>T_As891Asp_synonymous	14937.0	0.9841	0.9845	0.9843
14	orf1ab_G>T_Val4952Phe_missense	15118.0	0.0147	0.016	0.015349999999999999
15	orf1ab_C>T_Ser4953Phe_missense	15122.0	0.0117	0.01	0.01085
16	orf1ab_T>G_Met4958Arg_missense	15137.0	0.0214	0.0138	0.017599999999999998
17	orf1ab_A>C_Thr4959Pro_missense	15139.0	0.0244	0.0213	0.022850000000000002
18	orf1ab_G>T_Gln4962His_missense	15150.0	0.0463	0.0451	0.045700000000000005
19	orf1ab_T>G_Leu4968Trp_missense	15167.0	0.0141	0.0127	0.013399999999999999
20	orf1ab_dupT_Val5236fs_frameshift	15965.0	0.0556	0.0276	0.0416
22	orf1ab_dupT_Ser6037fs_frameshift	18368.0	0.0278	0.0152	0.0215
23	orf1ab_dupT_As576fs_frameshift&stop	19983.0	0.0315	0.0302	0.030850000000000002
24	orf1ab_C>T_Ala6612Val_missense	20099.0	0.0217	0.0191	0.0204
26	orf1ab_C>T_Phe6628Phe_synonymous	20148.0	0.965	0.9779	0.9714499999999999
28	M_C>T_Leu34Phe_missense	26622.0	0.0145	0.0146	0.01455
30	ORF8_dupT_Leu109fs_frameshift	28214.0	0.016	0.0144	0.0152
31	ORF10-CHR_END_n.G>T__intergenic-region	29711.0	0.998	0.9957	0.99685
