	SNP	POS_x	rep1_percent	rep2_percent	%
1	orf1ab_A>G_Ile1525Val_missense	4838.0	0.9947	0.9973	0.996
3	orf1ab_dupT_Leu2146fs_frameshift	6696.0	0.0803	0.0567	0.0685
4	orf1ab_C>T_Ile2385Ile_synonymous	7420.0	0.9911	0.9968	0.99395
5	orf1ab_dupT_As544fs_frameshift&stop	7889.0	0.0198	0.0107	0.01525
6	orf1ab_dupT_Ser3376fs_frameshift	10386.0	0.0115	0.0108	0.01115
9	orf1ab_dupA_Pro3851fs_frameshift	11812.0	0.0174	0.0111	0.014249999999999999
11	orf1ab_C>T_As891Asp_synonymous	14937.0	0.9884	0.9956	0.992
12	orf1ab_G>T_Val4952Phe_missense	15118.0	0.0167	0.0184	0.01755
13	orf1ab_C>T_Ser4953Phe_missense	15122.0	0.015	0.0184	0.0167
15	orf1ab_T>G_Met4958Arg_missense	15137.0	0.0167	0.0192	0.01795
16	orf1ab_A>C_Thr4959Pro_missense	15139.0	0.0251	0.0232	0.024149999999999998
17	orf1ab_T>A_Asn4960Lys_missense	15144.0	0.0135	0.0114	0.01245
18	orf1ab_G>T_Gln4962His_missense	15150.0	0.043	0.0503	0.04665
19	orf1ab_T>G_Leu4968Trp_missense	15167.0	0.0148	0.0127	0.01375
20	orf1ab_dupT_Val5236fs_frameshift	15965.0	0.0782	0.0239	0.051050000000000005
21	orf1ab_dupT_Ser6037fs_frameshift	18368.0	0.0406	0.013999999999999999	0.027299999999999998
22	orf1ab_dupT_As576fs_frameshift&stop	19983.0	0.0277	0.0311	0.0294
24	orf1ab_C>T_Phe6628Phe_synonymous	20148.0	0.9747	0.9941	0.9843999999999999
27	ORF8_dupT_Leu109fs_frameshift	28214.0	0.0197	0.0165	0.018099999999999998
28	ORF10-CHR_END_n.G>T__intergenic-region	29711.0	0.9993	0.9990000000000001	0.99915
