	SNP	POS_x	rep1_percent	rep2_percent	%
0	orf1ab_A>G_Glu471Glu_synonymous	1678	0.0452	0.0475	0.04635
1	orf1ab_G>T_Val1143Phe_missense	3692	0.9762	0.9877	1.0
2	orf1ab_A>G_Ile1525Val_missense	4838	0.99	0.9916	1.0
3	orf1ab_C>T_Ile2385Ile_synonymous	7420	0.9829	0.9867	1.0
4	orf1ab_C>T_As891Asp_synonymous	14937	0.9718	0.9754	1.0
5	orf1ab_G>T_Gln4962His_missense	15150	0.031	0.0312	0.0311
6	orf1ab_C>A_Gln4965Lys_missense	15157	0.0549	0.054000000000000006	0.05445
7	orf1ab_G>A_Leu4968Leu_synonymous	15168	0.0568	0.0324	0.0446
8	orf1ab_C>T_Phe6628Phe_synonymous	20148	0.9597	0.9699	0.9648
9	ORF7a_T>C_Phe63Phe_synonymous	27582	0.0369	0.0361	0.036500000000000005
10	ORF10-CHR_END_G>T__intergenic-region	29711	0.9936	0.9924	1.0
