	SNP	POS_x	rep1_percent	rep2_percent	%
1	orf1ab_dupA_Leu293fs_frameshift	1135.0	0.0181	0.0127	0.0154
2	orf1ab_A>G_Glu471Glu_synonymous	1678.0	0.0456	0.0478	0.046700000000000005
3	orf1ab_G>T_Val1143Phe_missense	3692.0	0.9872	0.9913	0.98925
4	orf1ab_A>G_Ile1525Val_missense	4838.0	0.9943	0.9941	0.9942
7	orf1ab_dupT_Leu2146fs_frameshift	6696.0	0.0902	0.0567	0.07345
8	orf1ab_C>T_Ile2385Ile_synonymous	7420.0	0.9902	0.9923	0.99125
9	orf1ab_dupT_As544fs_frameshift&stop	7889.0	0.0146	0.0111	0.01285
10	orf1ab_C>A_Gln3452Lys_missense	10619.0	0.0104	0.0106	0.010499999999999999
12	orf1ab_dupA_Pro3851fs_frameshift	11812.0	0.0129	0.0164	0.01465
13	orf1ab_dupT_Leu4400fs_frameshift	13459.0	0.0127	0.0108	0.01175
14	orf1ab_C>T_Ala4577Val_missense	13994.0	0.0212	0.023	0.0221
15	orf1ab_C>T_As891Asp_synonymous	14937.0	0.9840000000000001	0.9848	0.9844
16	orf1ab_G>T_Val4952Phe_missense	15118.0	0.0165	0.013999999999999999	0.01525
19	orf1ab_T>G_Met4958Arg_missense	15137.0	0.0155	0.0122	0.013850000000000001
20	orf1ab_A>C_Thr4959Pro_missense	15139.0	0.0174	0.0152	0.0163
21	orf1ab_C>A_Thr4959Thr_synonymous	15141.0	0.0271	0.0207	0.023899999999999998
22	orf1ab_G>T_Gln4962His_missense	15150.0	0.0315	0.0316	0.03155
23	orf1ab_C>A_Gln4965Lys_missense	15157.0	0.0557	0.0547	0.0552
24	orf1ab_T>G_Leu4968Trp_missense	15167.0	0.0145	0.0103	0.012400000000000001
25	orf1ab_G>A_Leu4968Leu_synonymous	15168.0	0.0577	0.0328	0.04525
26	orf1ab_dupT_Val5236fs_frameshift	15965.0	0.0754	0.0263	0.05085
27	orf1ab_dupT_Ser6037fs_frameshift	18368.0	0.0343	0.0161	0.0252
28	orf1ab_dupT_As576fs_frameshift&stop	19983.0	0.0412	0.0313	0.036250000000000004
32	orf1ab_C>T_Phe6628Phe_synonymous	20148.0	0.9782	0.9823	0.98025
33	S_dupT_Ala783fs_frameshift	23903.0	0.0129	0.013000000000000001	0.01295
34	M_dupT_Leu46fs_frameshift	26654.0	0.0101	0.0102	0.01015
35	ORF7a_T>C_Phe63Phe_synonymous	27582.0	0.0372	0.0363	0.03675
37	ORF8_dupT_Leu109fs_frameshift	28214.0	0.0223	0.0179	0.0201
38	ORF10-CHR_END_n.G>T__intergenic-region	29711.0	0.997	0.9971	0.99705
