	SNP	POS_x	rep1_percent	rep2_percent	%
0	CHR_START-orf1ab_n.C>T__intergenic-region	241.0	0.9608	0.998	0.9794
18	orf1ab_G>A_Glu632Lys_missense	2159.0	0.0105	0.021	0.01575
24	orf1ab_C>T_Phe924Phe_synonymous	3037.0	0.9935	0.998	0.99575
64	orf1ab_dupT_Leu2146fs_frameshift	6696.0	0.0453	0.1187	0.082
80	orf1ab_A>G_Lys2555Arg_missense	7929.0	0.9969	0.9959	0.9964
93	orf1ab_C>T_Thr2977Ile_missense	9195.0	0.9968	0.9953	0.99605
104	orf1ab_T>C_Phe3604Leu_missense	11075.0	0.0106	0.0184	0.014499999999999999
105	orf1ab_G>T_Leu3606Phe_missense	11083.0	0.0164	0.0311	0.02375
107	orf1ab_T>C_Pro3613Pro_synonymous	11104.0	0.013999999999999999	0.016	0.015
119	orf1ab_dupA_Pro3851fs_frameshift	11812.0	0.0109	0.0372	0.02405
141	orf1ab_G>T_Gly4436Val_missense	13571.0	0.0145	0.0132	0.013850000000000001
142	orf1ab_delG_Gly4500fs_frameshift	13761.0	0.0234	0.01	0.0167
157	orf1ab_C>T_Pro4715Leu_missense	14408.0	0.9969	0.9991	0.998
163	orf1ab_T>G_Met4958Arg_missense	15137.0	0.0124	0.0115	0.011949999999999999
164	orf1ab_A>C_Thr4959Pro_missense	15139.0	0.0252	0.0216	0.0234
167	orf1ab_T>C_Leu5030Leu_synonymous	15354.0	0.9942	0.9871	0.99065
180	orf1ab_dupT_Val5236fs_frameshift	15965.0	0.0544	0.0708	0.0626
194	orf1ab_C>T_Leu5762Leu_synonymous	17550.0	0.0701	0.0502	0.060149999999999995
200	orf1ab_dupT_Ser6037fs_frameshift	18368.0	0.0243	0.0391	0.0317
204	orf1ab_C>T_Leu6205Leu_synonymous	18877.0	0.9978	0.9977	0.99775
220	orf1ab_dupT_As576fs_frameshift&stop	19983.0	0.0383	0.0264	0.032350000000000004
241	S_dupT_Glu169fs_frameshift&stop	22062.0	0.0127	0.0224	0.01755
252	S_A>G_As14Gly_missense	23403.0	0.9835	0.9985	0.9910000000000001
277	ORF3a_G>T_Gln57His_missense	25563.0	0.9984	0.9984	0.9984
288	M_dupT_Leu46fs_frameshift	26654.0	0.0142	0.0131	0.01365
301	ORF7a_dupT_Leu102fs_frameshift	27691.0	0.0148	0.0157	0.01525
303	ORF8_C>T_Thr26Ile_missense	27970.0	0.0591	0.0788	0.06895
314	N_delA_Lys373fs_frameshift	29386.0	0.0232	0.0113	0.017249999999999998
315	N-ORF10_n.C>T__intergenic-region	29545.0	0.0101	0.0146	0.01235
