	SNP	POS_x	rep1_percent	rep2_percent	%
0	CHR_START-orf1ab_241C>T__intergenic	241.0	0.9533	0.9662	0.95975
1	orf1ab_2772C>T_Phe924Phe_synonymous	3037.0	0.9928	0.9793	1.0
4	orf1ab_7664A>G_Lys2555Arg_missense	7929.0	0.9961	0.972	1.0
5	orf1ab_8930C>T_Thr2977Ile_missense	9195.0	0.9961	0.9591	1.0
8	orf1ab_14144C>T_Pro4715Leu_missense	14408.0	0.9963	0.9986	1.0
9	orf1ab_15090T>C_Leu5030Leu_synonymous	15354.0	0.9934	0.9867	1.0
10	orf1ab_17286C>T_Leu5762Leu_synonymous	17550.0	0.07	0.0502	0.0601
11	orf1ab_18613C>T_Leu6205Leu_synonymous	18877.0	0.9971	0.9972	1.0
13	S_1841A>G_As14Gly_missense	23403.0	0.9831	0.9985	1.0
14	ORF3a_171G>T_Gln57His_missense	25563.0	0.9984	0.9984	1.0
15	ORF8_77C>T_Thr26Ile_missense	27970.0	0.059000000000000004	0.0787	0.06885000000000001
