	SNP	POS_x	rep1_percent	rep2_percent	%
4	orf1ab_G>T_Val1143Phe_missense	3692.0	0.9879	0.9831	0.9855
5	orf1ab_A>G_Ile1525Val_missense	4838.0	0.9902	0.9885	0.98935
6	orf1ab_dupT_Leu2146fs_frameshift	6696.0	0.0738	0.0534	0.0636
8	orf1ab_C>T_Ile2385Ile_synonymous	7420.0	0.9884	0.9856	0.987
9	orf1ab_dupT_As544fs_frameshift&stop	7889.0	0.0149	0.0107	0.012799999999999999
10	orf1ab_dupA_Pro3851fs_frameshift	11812.0	0.0108	0.0105	0.01065
12	orf1ab_C>T_As891Asp_synonymous	14937.0	0.9891	0.9784	0.98375
13	orf1ab_G>T_Val4952Phe_missense	15118.0	0.0137	0.0165	0.0151
14	orf1ab_C>T_Ser4953Phe_missense	15122.0	0.0105	0.0144	0.01245
15	orf1ab_T>G_Met4958Arg_missense	15137.0	0.0161	0.0152	0.01565
16	orf1ab_A>C_Thr4959Pro_missense	15139.0	0.0221	0.0165	0.0193
17	orf1ab_C>A_Thr4959Thr_synonymous	15141.0	0.0237	0.0173	0.020499999999999997
18	orf1ab_G>T_Gln4962His_missense	15150.0	0.0334	0.0275	0.030449999999999998
19	orf1ab_C>A_Gln4965Lys_missense	15157.0	0.064	0.0436	0.0538
21	orf1ab_G>A_Leu4968Leu_synonymous	15168.0	0.0382	0.0266	0.0324
22	orf1ab_dupT_Val5236fs_frameshift	15965.0	0.0303	0.0122	0.02125
24	orf1ab_dupT_Ser6037fs_frameshift	18368.0	0.0392	0.028999999999999998	0.0341
25	orf1ab_dupT_As576fs_frameshift&stop	19983.0	0.0287	0.031	0.02985
28	orf1ab_C>T_Phe6628Phe_synonymous	20148.0	0.9777	0.9669	0.9722999999999999
35	M_dupT_Leu46fs_frameshift	26654.0	0.016	0.013000000000000001	0.0145
37	ORF8_dupT_Ser82fs_frameshift	28134.0	0.0121	0.0101	0.011099999999999999
41	ORF10-CHR_END_n.G>T__intergenic-region	29711.0	1.0	1.0	1.0
