	SNP	POS_x	rep1_percent	rep2_percent	%
1	orf1ab_dupA_Leu293fs_frameshift	1135.0	0.0157	0.0155	0.0156
8	orf1ab_A>G_Ile1525Val_missense	4838.0	0.9569	0.9385	0.9477
12	orf1ab_dupT_Leu2146fs_frameshift	6696.0	0.0583	0.0405	0.0494
13	orf1ab_C>T_Ile2385Ile_synonymous	7420.0	0.9014	0.9126	0.907
14	orf1ab_dupT_Ser2890fs_frameshift&stop	8927.0	0.0122	0.0128	0.0125
19	orf1ab_dupT_Leu4400fs_frameshift	13459.0	0.0101	0.0121	0.011099999999999999
20	orf1ab_C>T_As891Asp_synonymous	14937.0	0.9493	0.9077	0.9285
21	orf1ab_G>T_Val4952Phe_missense	15118.0	0.0177	0.0189	0.0183
23	orf1ab_G>T_Ser4956Ile_missense	15131.0	0.0101	0.0108	0.010450000000000001
24	orf1ab_T>G_Met4958Arg_missense	15137.0	0.0169	0.0184	0.01765
25	orf1ab_A>C_Thr4959Pro_missense	15139.0	0.0231	0.0181	0.0206
26	orf1ab_G>T_Gln4962His_missense	15150.0	0.0445	0.0493	0.0469
27	orf1ab_T>G_Leu4968Trp_missense	15167.0	0.0117	0.0136	0.01265
28	orf1ab_dupT_Val5236fs_frameshift	15965.0	0.0418	0.0332	0.0375
29	orf1ab_G>T_As528Tyr_missense	16846.0	0.4932	0.4939	0.49355000000000004
31	orf1ab_dupT_Ser6037fs_frameshift	18368.0	0.0241	0.0178	0.02095
36	orf1ab_C>T_Phe6628Phe_synonymous	20148.0	0.907	0.8779	0.89245
37	S_T>C_Phe4Leu_missense	21572.0	0.0114	0.0132	0.0123
38	S_C>T_Thr167Ile_missense	22062.0	0.0134	0.0109	0.012150000000000001
39	S_dupT_Ala783fs_frameshift	23903.0	0.0141	0.0147	0.0144
45	ORF8_dupT_Leu109fs_frameshift	28214.0	0.0118	0.0212	0.0165
47	ORF10-CHR_END_n.G>T__intergenic-region	29711.0	1.0	0.9996	0.9998
48	ORF10-CHR_END_n.G>T__intergenic-region	29711.0	1.0	0.0157	0.50785
