	SNP	POS_x	rep1_percent	rep2_percent	%
0	CHR_START-orf1ab_n.C>T__intergenic-region	241.0	0.99	0.9929	0.9914499999999999
1	orf1ab_C>T_Phe924Phe_synonymous	3037.0	0.9897	0.9891	0.9894000000000001
2	orf1ab_dupT_Leu2146fs_frameshift	6696.0	0.0749	0.0701	0.0725
3	orf1ab_dupT_As544fs_frameshift&stop	7889.0	0.0144	0.0105	0.01245
4	orf1ab_A>G_Lys2555Arg_missense	7929.0	0.9847	0.9905	0.9876
5	orf1ab_C>T_Thr2977Ile_missense	9195.0	0.9908	0.9906	0.9907
6	orf1ab_dupT_Cys3019fs_frameshift	9314.0	0.0115	0.0114	0.01145
7	orf1ab_dupA_Thr3453fs_frameshift	10619.0	0.0115	0.0104	0.01095
9	orf1ab_C>T_Pro4715Leu_missense	14408.0	0.9944	0.992	0.9932
11	orf1ab_A>C_Thr4959Pro_missense	15139.0	0.0279	0.0187	0.0233
13	orf1ab_T>C_Leu5030Leu_synonymous	15354.0	0.9909	0.9923	0.9916
15	orf1ab_dupT_Val5236fs_frameshift	15965.0	0.1166	0.1119	0.11424999999999999
14	orf1ab_G>T_Cys5234Phe_missense	15965.0	0.0139	0.0103	0.0121
16	orf1ab_dupT_Ser6037fs_frameshift	18368.0	0.0289	0.0269	0.0279
17	orf1ab_C>T_Leu6205Leu_synonymous	18877.0	0.9893	0.9914	0.99035
20	S_A>G_As14Gly_missense	23403.0	0.9929	0.9942	0.9935499999999999
21	ORF3a_G>T_Gln57His_missense	25563.0	0.9939	0.9935	0.9937
22	ORF3a_dupA_Asn137fs_frameshift	25797.0	0.01	0.0103	0.01015
24	ORF6-ORF7a_n.C>T__intergenic-region	27389.0	0.0231	0.0213	0.022199999999999998
25	ORF8_dupT_Leu109fs_frameshift	28214.0	0.0259	0.0198	0.022850000000000002
