	SNP	POS_x	rep1_percent	rep2_percent	%
0	orf1ab_delT_Leu61fs_frameshift	443.0	0.0115	0.0101	0.0108
1	orf1ab_-delGTCATGTTATGGTTG_Gly82-Val86del_disruptive-inframe-deletion	507.0	0.012	0.0186	0.0153
2	orf1ab_-delTCATGTTATGGTTG_His83fs_frameshift	509.0	0.0251	0.0202	0.02265
3	orf1ab_-delATGGTT_Met85-Val86del_conservative-inframe-deletion	514.0	0.0117	0.0101	0.0109
4	orf1ab_-delAAGTCATTT_Lys141-Phe143del_conservative-inframe-deletion	685.0	0.0129	0.0133	0.0131
5	orf1ab_dupA_Leu293fs_frameshift	1135.0	0.0149	0.0109	0.0129
7	orf1ab_-delATG_Asn1094-Gly1095delinsArg_disruptive-inframe-deletion	3545.0	0.0116	0.0105	0.01105
8	orf1ab_A>G_Ile1525Val_missense	4838.0	0.9884	0.9938	0.9911
9	orf1ab_dupT_Leu2146fs_frameshift	6696.0	0.0565	0.0652	0.06085
10	orf1ab_C>T_Ile2385Ile_synonymous	7420.0	0.9777	0.9889	0.9833000000000001
11	orf1ab_dupT_Ser3376fs_frameshift	10386.0	0.0101	0.012	0.01105
12	orf1ab_A>T_Thr3555Thr_synonymous	10930.0	0.0111	0.0112	0.01115
13	orf1ab_dupA_Pro3851fs_frameshift	11812.0	0.012	0.0175	0.014750000000000001
14	orf1ab_C>T_As891Asp_synonymous	14937.0	0.9854	0.9889	0.98715
15	orf1ab_G>T_Val4952Phe_missense	15118.0	0.0184	0.0174	0.0179
16	orf1ab_T>G_Met4958Arg_missense	15137.0	0.016	0.0234	0.019700000000000002
17	orf1ab_A>C_Thr4959Pro_missense	15139.0	0.021	0.0222	0.0216
19	orf1ab_T>G_Leu4968Trp_missense	15167.0	0.0117	0.0123	0.012
20	orf1ab_dupT_Val5236fs_frameshift	15965.0	0.0275	0.024	0.025750000000000002
21	orf1ab_dupT_Ser6037fs_frameshift	18368.0	0.0203	0.0155	0.0179
22	orf1ab_dupT_As576fs_frameshift&stop	19983.0	0.0272	0.0293	0.028249999999999997
25	orf1ab_C>T_Phe6628Phe_synonymous	20148.0	0.9684	0.9816	0.9750000000000001
26	S_-delCCCATTGGTGCAGGTATATGCGCTAGTT_Pro665fs_frameshift	23554.0	0.0165	0.0151	0.0158
27	S_dupT_Ala783fs_frameshift	23903.0	0.0121	0.0132	0.01265
28	ORF8_dupT_Leu109fs_frameshift	28214.0	0.0131	0.0152	0.01415
29	ORF10-CHR_END_n.G>T__intergenic-region	29711.0	0.9974	0.9975	0.99745
