	SNP	POS_x	rep1_percent	rep2_percent	%
0	orf1ab_dupA_Leu293fs_frameshift	1135.0	0.0117	0.0127	0.012199999999999999
1	orf1ab_G>T_Val1143Phe_missense	3692.0	0.9789	0.9932	0.98605
2	orf1ab_A>G_Ile1525Val_missense	4838.0	0.9911	0.9961	0.9936
3	orf1ab_C>T_As060Asp_synonymous	6445.0	0.9883	0.9898	0.98905
4	orf1ab_dupT_Leu2146fs_frameshift	6696.0	0.0677	0.0751	0.07139999999999999
5	orf1ab_C>T_Ile2385Ile_synonymous	7420.0	0.9888	0.9929	0.99085
6	orf1ab_C>T_Asn2966Asn_synonymous	9163.0	0.9867	0.9929	0.9898
7	orf1ab_G>T_Leu3606Phe_missense	11083.0	0.0104	0.0106	0.010499999999999999
8	orf1ab_dupA_Pro3851fs_frameshift	11812.0	0.0103	0.0185	0.0144
9	orf1ab_C>T_Thr4065Ile_missense	12459.0	0.6918	0.6962	0.694
10	orf1ab_C>T_As891Asp_synonymous	14937.0	0.9790000000000001	0.9915	0.9852500000000001
11	orf1ab_G>T_Val4952Phe_missense	15118.0	0.0142	0.0196	0.0169
13	orf1ab_T>G_Met4958Arg_missense	15137.0	0.0152	0.0153	0.01525
14	orf1ab_A>C_Thr4959Pro_missense	15139.0	0.0184	0.0201	0.01925
15	orf1ab_C>A_Thr4959Thr_synonymous	15141.0	0.0194	0.0317	0.02555
18	orf1ab_T>G_Leu4968Trp_missense	15167.0	0.0178	0.0127	0.01525
20	orf1ab_dupT_Val5236fs_frameshift	15965.0	0.0318	0.0304	0.031100000000000003
21	orf1ab_dupT_Ser6037fs_frameshift	18368.0	0.0264	0.0179	0.02215
22	orf1ab_dupT_As576fs_frameshift&stop	19983.0	0.0264	0.0309	0.028650000000000002
23	orf1ab_C>T_Leu6614Phe_missense	20104.0	0.0176	0.0122	0.0149
25	orf1ab_C>T_Phe6628Phe_synonymous	20148.0	0.9628	0.9863	0.97455
27	ORF8_dupT_Leu109fs_frameshift	28214.0	0.0184	0.0196	0.019
28	N_A>T_Ser180Cys_missense	28811.0	0.0161	0.0148	0.01545
29	ORF10-CHR_END_n.G>T__intergenic-region	29711.0	0.9985	0.9992	0.99885
