	SNP	POS_x	rep1_percent	rep2_percent	%
2	orf1ab_-delAAGTCATTT_Lys141-Phe143del_conservative-inframe-deletion	685.0	0.0476	0.0512	0.0494
5	orf1ab_dupT_Ser481fs_frameshift	1701.0	0.0404	0.0413	0.04085
10	orf1ab_A>G_Ser1433Ser_synonymous	4564.0	0.0786	0.0391	0.05885
13	orf1ab_A>G_Ile1525Val_missense	4838.0	0.9986	0.9658	0.9822
20	orf1ab_dupT_Leu2146fs_frameshift	6696.0	0.0807	0.1001	0.0904
23	orf1ab_C>T_Ile2385Ile_synonymous	7420.0	0.9987	0.9553	0.9770000000000001
24	orf1ab_C>T_Pro2480Ser_missense	7703.0	0.0643	0.0581	0.0612
41	orf1ab_C>T_As891Asp_synonymous	14937.0	1.0	0.9338	0.9669
44	orf1ab_C>T_Ser4953Phe_missense	15122.0	0.0146	0.0152	0.0149
46	orf1ab_A>C_Thr4957Pro_missense	15133.0	0.0101	0.0137	0.0119
48	orf1ab_A>C_Thr4959Pro_missense	15139.0	0.0207	0.0212	0.02095
49	orf1ab_C>A_Thr4959Thr_synonymous	15141.0	0.0288	0.0324	0.0306
84	orf1ab_dupT_As576fs_frameshift&stop	19983.0	0.0746	0.1365	0.10555
90	orf1ab_C>T_Phe6628Phe_synonymous	20148.0	1.0	0.9277	0.96385
99	S_C>G_Ser884Cys_missense	24213.0	0.4723	0.6633	0.5678
114	N_G>T_Met234Ile_missense	28975.0	0.0699	0.0285	0.0492
117	ORF10-CHR_END_n.G>T__intergenic-region	29711.0	1.0	1.0	1.0
