	SNP	POS_x	rep1_percent	rep2_percent	%
0	orf1ab_-delTCATGTTATGGTTG_His83fs_frameshift	509.0	0.012	0.0147	0.01335
1	orf1ab_G>T_Val1143Phe_missense	3692.0	0.9853	0.9901	0.9877
2	orf1ab_A>G_Ile1525Val_missense	4838.0	0.9925	0.9935	0.9930000000000001
3	orf1ab_C>T_As060Asp_synonymous	6445.0	0.9876	0.9868	0.9872000000000001
4	orf1ab_dupT_Leu2146fs_frameshift	6696.0	0.0534	0.0856	0.0695
5	orf1ab_C>T_Ile2385Ile_synonymous	7420.0	0.9837	0.9877	0.9857
6	orf1ab_C>T_As891Asp_synonymous	14937.0	0.9849	0.9844	0.98465
7	orf1ab_G>T_Val4952Phe_missense	15118.0	0.0216	0.0141	0.01785
9	orf1ab_T>G_Met4958Arg_missense	15137.0	0.0206	0.0233	0.02195
10	orf1ab_A>C_Thr4959Pro_missense	15139.0	0.0206	0.019	0.019799999999999998
11	orf1ab_C>A_Thr4959Thr_synonymous	15141.0	0.0335	0.0364	0.03495
12	orf1ab_T>A_Asn4960Lys_missense	15144.0	0.0115	0.0104	0.01095
13	orf1ab_G>T_Gln4962His_missense	15150.0	0.0518	0.0474	0.0496
14	orf1ab_T>G_Leu4968Trp_missense	15167.0	0.0147	0.0141	0.0144
15	orf1ab_dupT_Val5236fs_frameshift	15965.0	0.0418	0.0469	0.04435
16	orf1ab_dupT_Ser6037fs_frameshift	18368.0	0.0256	0.0208	0.0232
17	orf1ab_dupT_As576fs_frameshift&stop	19983.0	0.0347	0.0334	0.03405
18	orf1ab_C>T_Phe6628Phe_synonymous	20148.0	0.9686	0.98	0.9742999999999999
20	ORF8_dupT_Leu109fs_frameshift	28214.0	0.0163	0.0164	0.01635
21	N_A>G_Lys387Arg_missense	29433.0	0.2955	0.2731	0.2843
22	ORF10-CHR_END_n.G>T__intergenic-region	29711.0	0.9975	0.9994	0.9984500000000001
