	SNP	POS_x	rep1_percent	rep2_percent	%
0	orf1ab_3427G>T_Val1143Phe_missense	3692	0.9804	0.9845	1.0
1	orf1ab_4573A>G_Ile1525Val_missense	4838	0.9904	0.99	1.0
2	orf1ab_6180C>T_As060Asp_synonymous	6445	0.985	0.9813	1.0
3	orf1ab_7155C>T_Ile2385Ile_synonymous	7420	0.9756	0.9802	1.0
4	orf1ab_14673C>T_As891Asp_synonymous	14937	0.9768	0.9769	1.0
5	orf1ab_14877C>A_Thr4959Thr_synonymous	15141	0.0332	0.0361	0.03465
6	orf1ab_14886G>T_Gln4962His_missense	15150	0.0513	0.0471	0.0492
7	orf1ab_19884C>T_Phe6628Phe_synonymous	20148	0.9548	0.9711	0.96295
8	N_1160A>G_Lys387Arg_missense	29433	0.2956	0.2724	0.284
9	ORF10-CHR_END_29711G>T__intergenic	29711	0.9956	0.9948	1.0
