	SNP	POS_x	rep1_percent	rep2_percent	%
3	orf1ab_-delAAGTCATTT_Lys141-Phe143del_conservative-inframe-deletion	685.0	0.0153	0.0119	0.013600000000000001
4	orf1ab_C>T_Asn188Asn_synonymous	829.0	0.0355	0.0451	0.0403
7	orf1ab_G>T_Val1143Phe_missense	3692.0	0.9670000000000001	0.9763	0.97165
8	orf1ab_A>G_Ile1525Val_missense	4838.0	0.9863	0.9818	0.98405
9	orf1ab_dupT_Leu2146fs_frameshift	6696.0	0.0756	0.0472	0.061399999999999996
11	orf1ab_C>T_Ile2385Ile_synonymous	7420.0	0.9654	0.9740000000000001	0.9697
12	orf1ab_dupT_As544fs_frameshift&stop	7889.0	0.0107	0.0113	0.011
13	orf1ab_G>T_Leu3606Phe_missense	11083.0	0.0107	0.0108	0.01075
14	orf1ab_dupA_Pro3851fs_frameshift	11812.0	0.0139	0.0125	0.0132
15	orf1ab_C>T_As891Asp_synonymous	14937.0	0.9652	0.9769	0.97105
16	orf1ab_G>T_Val4952Phe_missense	15118.0	0.0151	0.0152	0.01515
17	orf1ab_T>G_Met4958Arg_missense	15137.0	0.0151	0.0131	0.014100000000000001
18	orf1ab_A>C_Thr4959Pro_missense	15139.0	0.0223	0.0197	0.020999999999999998
20	orf1ab_G>T_Gln4962His_missense	15150.0	0.0341	0.0452	0.03965
21	orf1ab_T>G_Leu4968Trp_missense	15167.0	0.0157	0.0127	0.014199999999999999
23	orf1ab_dupT_Val5236fs_frameshift	15965.0	0.0261	0.0177	0.021900000000000003
25	orf1ab_G>T_Val5749Val_synonymous	17511.0	0.0451	0.0342	0.039650000000000005
26	orf1ab_dupT_Ser6037fs_frameshift	18368.0	0.0133	0.0164	0.01485
27	orf1ab_dupT_As576fs_frameshift&stop	19983.0	0.0317	0.0278	0.02975
29	orf1ab_G>T_Val6617Phe_missense	20113.0	0.0116	0.0124	0.012
31	orf1ab_C>T_Phe6628Phe_synonymous	20148.0	0.9590000000000001	0.9664	0.9627000000000001
36	M_dupT_Leu46fs_frameshift	26654.0	0.0123	0.0116	0.011949999999999999
37	ORF8_dupT_Leu109fs_frameshift	28214.0	0.0161	0.0109	0.0135
38	ORF10-CHR_END_n.G>T__intergenic-region	29711.0	0.9926	0.9997	0.9961500000000001
