	SNP	POS_x	rep1_percent	rep2_percent	%
0	orf1ab_C>T_Asn188Asn_synonymous	829	0.0352	0.0449	0.04005
1	orf1ab_G>T_Val1143Phe_missense	3692	0.9516	0.9727	0.9621500000000001
2	orf1ab_A>G_Ile1525Val_missense	4838	0.9781	0.9792	1.0
3	orf1ab_C>T_Ile2385Ile_synonymous	7420	0.945	0.9687	0.95685
4	orf1ab_C>T_As891Asp_synonymous	14937	0.9467	0.9738	0.96025
5	orf1ab_G>T_Gln4962His_missense	15150	0.0334	0.045	0.0392
7	orf1ab_G>T_Val5749Val_synonymous	17511	0.0447	0.0341	0.0394
8	orf1ab_C>T_Phe6628Phe_synonymous	20148	0.9352	0.9620000000000001	0.9486000000000001
9	ORF10-CHR_END_G>T__intergenic-region	29711	0.9824	0.993	1.0
