	SNP	POS_x	rep1_percent	rep2_percent	%
0	CHR_START-orf1ab_n.C>T__intergenic-region	241.0	0.8433	0.9423	0.8928
1	orf1ab_-delAAGTCATTT_Lys141-Phe143del_conservative-inframe-deletion	685.0	0.1173	0.1346	0.12595
2	orf1ab_dupA_Leu293fs_frameshift	1135.0	0.0104	0.024	0.0172
3	orf1ab_C>T_Phe924Phe_synonymous	3037.0	0.9666	0.9677	0.96715
4	orf1ab_dupT_Leu2146fs_frameshift	6696.0	0.0643	0.0679	0.06609999999999999
6	orf1ab_C>T_Pro4715Leu_missense	14408.0	0.9746	0.8699	0.92225
8	orf1ab_T>G_Met4958Arg_missense	15137.0	0.0125	0.0103	0.0114
9	orf1ab_A>C_Thr4959Pro_missense	15139.0	0.0202	0.025	0.022600000000000002
12	orf1ab_T>C_Leu5030Leu_synonymous	15354.0	0.9721	0.9672	0.9696499999999999
13	orf1ab_C>T_Phe5158Phe_synonymous	15738.0	0.0703	0.0947	0.0825
14	orf1ab_dupT_Val5236fs_frameshift	15965.0	0.0307	0.0753	0.053000000000000005
15	orf1ab_dupT_Ser6037fs_frameshift	18368.0	0.017	0.0428	0.0299
16	orf1ab_C>T_Leu6205Leu_synonymous	18877.0	0.9617	0.9598	0.96075
17	orf1ab_dupT_As576fs_frameshift&stop	19983.0	0.0277	0.0176	0.02265
18	S_A>G_As14Gly_missense	23403.0	0.9682	0.9716	0.9699
20	ORF3a_G>T_Gln57His_missense	25563.0	0.9708	0.9737	0.9722500000000001
21	ORF3a_C>T_Pro262Ser_missense	26176.0	0.3293	0.3132	0.32125
22	ORF7a_dupT_Leu102fs_frameshift	27691.0	0.0101	0.0222	0.01615
23	ORF8_dupT_Leu109fs_frameshift	28214.0	0.0154	0.0164	0.0159
24	ORF10-CHR_END_n.C>T__intergenic-region	29738.0	0.162	0.1939	0.17795
