	SNP	POS_x	rep1_percent	rep2_percent	%
0	orf1ab_dupA_Leu293fs_frameshift	1135.0	0.0129	0.0129	0.0129
2	orf1ab_C>T_Pro2144Leu_missense	6696.0	0.0138	0.0108	0.0123
3	orf1ab_dupT_Leu2146fs_frameshift	6696.0	0.0543	0.0779	0.06609999999999999
4	orf1ab_C>T_Ser2839Ser_synonymous	8782.0	0.9023	0.9640000000000001	0.93315
5	orf1ab_C>T_As907Asp_synonymous	8986.0	0.0158	0.0196	0.0177
7	orf1ab_C>T_Asn3291Asn_synonymous	10138.0	0.0135	0.0113	0.0124
9	orf1ab_G>T_Val4952Phe_missense	15118.0	0.0169	0.0154	0.016149999999999998
12	orf1ab_A>C_Thr4957Pro_missense	15133.0	0.0175	0.0127	0.0151
13	orf1ab_A>C_Thr4959Pro_missense	15139.0	0.0282	0.0289	0.02855
14	orf1ab_T>G_Leu4968Trp_missense	15167.0	0.0165	0.0165	0.0165
15	orf1ab_dupT_Val5236fs_frameshift	15965.0	0.0191	0.0442	0.03165
16	orf1ab_G>A_Val5373Ile_missense	16381.0	0.9633	0.9868	0.97505
17	orf1ab_T>C_Thr5871Thr_synonymous	17877.0	0.8728	0.9766	0.9247000000000001
18	orf1ab_dupT_Ser6037fs_frameshift	18368.0	0.0234	0.0302	0.0268
19	orf1ab_dupT_As576fs_frameshift&stop	19983.0	0.0327	0.0299	0.0313
21	orf1ab_C>T_Phe6684Phe_synonymous	20316.0	0.9407	0.9303	0.9355
22	ORF3a_G>T_Pro36Pro_synonymous	25500.0	0.9816	0.9926	0.9871000000000001
23	ORF8_T>C_Leu84Ser_missense	28144.0	0.9978	0.9974	0.9976
24	N_G>A_Ser202Asn_missense	28878.0	0.9957	0.9916	0.99365
25	ORF10-CHR_END_n.G>A__intergenic-region	29742.0	0.9925	0.9943	0.9934000000000001
