	SNP	POS_x	rep1_percent	rep2_percent	%
0	orf1ab_8517C>T_Ser2839Ser_synonymous	8782	0.8963	0.9570000000000001	0.92665
1	orf1ab_16117G>A_Val5373Ile_missense	16381	0.9615	0.9859	1.0
2	orf1ab_17613T>C_Thr5871Thr_synonymous	17877	0.8648	0.9734	0.9191
3	orf1ab_20052C>T_Phe6684Phe_synonymous	20316	0.9364	0.9126	0.9245
4	ORF3a_108G>T_Pro36Pro_synonymous	25500	0.98	0.9903	1.0
5	ORF8_251T>C_Leu84Ser_missense	28144	0.9971	0.9974	1.0
6	N_605G>A_Ser202Asn_missense	28878	0.9915	0.9916	1.0
7	ORF10-CHR_END_29742G>A__intergenic	29742	0.9925	0.9929	1.0
