	SNP	POS_x	rep1_percent	rep2_percent	%
1	orf1ab_A>G_Glu243Glu_synonymous	994.0	0.9901	0.9912	0.99065
2	orf1ab_dupT_Leu2146fs_frameshift	6696.0	0.0358	0.0813	0.05855
3	orf1ab_dupT_Ser3376fs_frameshift	10386.0	0.0105	0.0132	0.01185
4	orf1ab_dupA_Pro3851fs_frameshift	11812.0	0.0144	0.0154	0.0149
5	orf1ab_G>A_Val4102Ile_missense	12569.0	0.0101	0.0213	0.0157
6	orf1ab_G>T_Val4952Phe_missense	15118.0	0.0106	0.0157	0.013149999999999998
8	orf1ab_A>C_Thr4959Pro_missense	15139.0	0.024	0.0228	0.0234
9	orf1ab_C>A_Thr4959Thr_synonymous	15141.0	0.0277	0.0267	0.027200000000000002
10	orf1ab_T>G_Leu4968Trp_missense	15167.0	0.0109	0.0131	0.012
11	orf1ab_G>A_Leu4968Leu_synonymous	15168.0	0.0834	0.087	0.0852
12	orf1ab_dupT_Val5236fs_frameshift	15965.0	0.0153	0.0222	0.01875
13	orf1ab_dupT_Ser6037fs_frameshift	18368.0	0.0162	0.0214	0.018799999999999997
14	orf1ab_dupT_As576fs_frameshift&stop	19983.0	0.0192	0.0368	0.027999999999999997
18	ORF3a_C>A_As50Glu_missense	26142.0	0.028999999999999998	0.0222	0.025599999999999998
23	ORF8_dupT_Leu109fs_frameshift	28214.0	0.012	0.0253	0.01865
24	N_C>T_As28Asp_synonymous	28657.0	0.0168	0.0216	0.019200000000000002
25	ORF10-CHR_END_n.G>T__intergenic-region	29711.0	1.0	0.9984	0.9992
