	SNP	POS_x	rep1_percent	rep2_percent	%
0	CHR_START-orf1ab_n.C>T__intergenic-region	241.0	0.9753	0.9783	0.9767999999999999
2	orf1ab_C>T_Phe924Phe_synonymous	3037.0	0.9848	0.9868	0.9858
3	orf1ab_T>C_Thr1840Thr_synonymous	5785.0	0.0829	0.0825	0.0827
4	orf1ab_dupT_Leu2146fs_frameshift	6696.0	0.0488	0.0556	0.052199999999999996
5	orf1ab_G>T_Gly4436Val_missense	13571.0	0.0207	0.024	0.022350000000000002
6	orf1ab_C>T_Pro4715Leu_missense	14408.0	0.9897	0.987	0.9883500000000001
7	orf1ab_C>T_Phe4820Phe_synonymous	14724.0	0.023	0.0181	0.02055
10	orf1ab_dupT_Val5236fs_frameshift	15965.0	0.038	0.0395	0.03875
11	orf1ab_G>T_Met5753Ile_missense	17523.0	0.0345	0.0323	0.0334
12	orf1ab_dupT_Ser6037fs_frameshift	18368.0	0.0182	0.0217	0.019950000000000002
13	orf1ab_C>T_Leu6205Leu_synonymous	18877.0	0.9875	0.9897	0.9886
14	orf1ab_dupT_As576fs_frameshift&stop	19983.0	0.0143	0.024	0.01915
15	S_A>G_As14Gly_missense	23403.0	0.9883	0.9902	0.98925
16	ORF3a_G>T_Gln57His_missense	25563.0	0.9899	0.9924	0.99115
17	ORF8_dupT_Leu109fs_frameshift	28214.0	0.0102	0.0106	0.0104
