	SNP	POS_x	rep1_percent	rep2_percent	%
0	CHR_START-orf1ab_n.C>T__intergenic-region	241.0	0.9907	0.9913	0.991
2	orf1ab_C>T_Thr265Ile_missense	1059.0	0.993	0.9888	0.9909
5	orf1ab_C>T_Phe924Phe_synonymous	3037.0	0.9857	0.9821	0.9839
8	orf1ab_dupT_Leu2146fs_frameshift	6696.0	0.0576	0.0793	0.06845
12	orf1ab_dupT_As544fs_frameshift&stop	7889.0	0.0182	0.0109	0.01455
14	orf1ab_G>T_Leu3606Phe_missense	11083.0	0.0135	0.0243	0.0189
16	orf1ab_dupA_Pro3851fs_frameshift	11812.0	0.0117	0.0103	0.011
17	orf1ab_C>A_Pro4389Thr_missense	13430.0	0.9842	0.9799	0.98205
19	orf1ab_C>T_Pro4715Leu_missense	14408.0	0.9932	0.9890000000000001	0.9911000000000001
21	orf1ab_T>G_Met4958Arg_missense	15137.0	0.0216	0.0175	0.01955
22	orf1ab_A>C_Thr4959Pro_missense	15139.0	0.022000000000000002	0.0273	0.024650000000000002
23	orf1ab_C>A_Thr4959Thr_synonymous	15141.0	0.0235	0.0273	0.0254
27	orf1ab_dupT_Ser6037fs_frameshift	18368.0	0.0206	0.0107	0.01565
29	orf1ab_dupT_As576fs_frameshift&stop	19983.0	0.0225	0.0246	0.02355
30	orf1ab_A>C_Ser6831Arg_missense	20755.0	0.9899	0.9828	0.9863500000000001
31	S_A>G_As14Gly_missense	23403.0	0.9943	0.9851	0.9897
34	ORF3a_G>T_Gln57His_missense	25563.0	0.9943	0.9838	0.98905
37	ORF8_dupT_Leu109fs_frameshift	28214.0	0.0172	0.0226	0.0199
39	N_T>C_Ala311Ala_synonymous	29206.0	0.9984	0.9976	0.998
