	SNP	POS_x	rep1_percent	rep2_percent	%
0	CHR_START-orf1ab_n.C>T__intergenic-region	241.0	0.9854	0.9525	0.96895
8	orf1ab_C>T_Thr265Ile_missense	1059.0	0.988	0.9646	0.9763
25	orf1ab_C>T_Phe924Phe_synonymous	3037.0	0.9721	0.9463	0.9592
35	orf1ab_C>T_Leu1627Leu_synonymous	5144.0	0.3701	0.2925	0.3313
46	orf1ab_dupT_Leu2146fs_frameshift	6696.0	0.1018	0.055	0.0784
48	orf1ab_dupT_Leu2234fs_frameshift	6961.0	0.0108	0.0297	0.02025
82	orf1ab_T>G_Ser3885Ala_missense	11918.0	0.9945	0.9863	0.9904
91	orf1ab_C>T_Pro4715Leu_missense	14408.0	0.9852	0.9769	0.98105
92	orf1ab_dupT_Ser4789fs_frameshift	14625.0	0.0182	0.0187	0.01845
103	orf1ab_C>T_Thr5451Ile_missense	16616.0	0.0111	0.0104	0.01075
113	orf1ab_dupT_Ser6037fs_frameshift	18368.0	0.0219	0.022000000000000002	0.02195
117	orf1ab_dupT_As576fs_frameshift&stop	19983.0	0.0129	0.0297	0.0213
134	S_A>G_As14Gly_missense	23403.0	0.9882	0.9786	0.9834
135	S_dupT_Ala783fs_frameshift	23903.0	0.0255	0.0208	0.023149999999999997
143	ORF3a_G>T_Gln57His_missense	25563.0	0.9874	0.9836	0.9855
159	ORF10-CHR_END_n.delA__intergenic-region	29711.0	0.0508	0.0444	0.0476
