	SNP	POS_x	rep1_percent	rep2_percent	%
20	orf1ab_dupT_Tyr1064fs_frameshift	3452.0	0.0186	0.0128	0.0157
52	orf1ab_dupA_Leu2609fs_frameshift	8084.0	0.0139	0.0266	0.020249999999999997
76	orf1ab_T>C_Phe3797Leu_missense	11654.0	0.0118	0.0299	0.02085
99	orf1ab_G>A_Thr4618Thr_synonymous	14118.0	0.2091	0.0877	0.1484
113	orf1ab_C>A_Thr4959Thr_synonymous	15141.0	0.0321	0.0215	0.026799999999999997
114	orf1ab_G>T_Gln4962His_missense	15150.0	0.0426	0.0352	0.038900000000000004
118	orf1ab_dupA_His5034fs_frameshift	15360.0	0.0153	0.0217	0.0185
122	orf1ab_dupT_Val5236fs_frameshift	15965.0	0.057	0.040999999999999995	0.049
132	orf1ab_dupT_Ser6037fs_frameshift	18368.0	0.0248	0.0328	0.0288
160	S_G>A_Arg190Arg_synonymous	22132.0	0.0303	0.026000000000000002	0.02815
