	SNP	POS_x	rep1_percent	rep2_percent	%
0	CHR_START-orf1ab_n.C>T__intergenic-region	241.0	0.985	0.9762	0.9805999999999999
1	orf1ab_dupA_Leu293fs_frameshift	1135.0	0.0123	0.0139	0.0131
2	orf1ab_C>T_Phe924Phe_synonymous	3037.0	0.973	0.9831	0.97805
3	orf1ab_dupT_Leu2146fs_frameshift	6696.0	0.0651	0.0568	0.060950000000000004
4	orf1ab_T>A_Pro3656Pro_synonymous	11233.0	0.0191	0.0244	0.02175
5	orf1ab_dupA_Pro3851fs_frameshift	11812.0	0.0111	0.0106	0.01085
7	orf1ab_C>T_Pro4715Leu_missense	14408.0	0.9794	0.9551	0.9672499999999999
8	orf1ab_C>T_Ser4843Ser_synonymous	14793.0	0.0238	0.0232	0.0235
13	orf1ab_T>G_Leu4968Trp_missense	15167.0	0.0213	0.0118	0.01655
15	orf1ab_T>C_Leu5030Leu_synonymous	15354.0	0.9791	0.9834	0.98125
16	orf1ab_dupT_Val5236fs_frameshift	15965.0	0.04	0.0256	0.0328
17	orf1ab_dupT_Ser6037fs_frameshift	18368.0	0.0186	0.0169	0.01775
18	orf1ab_C>T_Leu6205Leu_synonymous	18877.0	0.9702	0.9790000000000001	0.9746
19	orf1ab_dupT_As576fs_frameshift&stop	19983.0	0.0254	0.023	0.0242
21	orf1ab_A>G_Lys6958Arg_missense	21137.0	0.9774	0.9858	0.9816
22	S_A>G_As14Gly_missense	23403.0	0.9773	0.9824	0.97985
23	ORF3a_G>T_Gln57His_missense	25563.0	0.9737	0.9836	0.97865
24	ORF3a_-delTATGCTTTA_Tyr109-Leu111del_conservative-inframe-deletion	25716.0	0.0571	0.0596	0.05835
26	ORF8_dupT_Leu109fs_frameshift	28214.0	0.013999999999999999	0.0137	0.01385
