	SNP	POS_x	rep1_percent	rep2_percent	%
0	CHR_START-orf1ab_n.C>T__intergenic-region	241.0	0.9978	0.9978	0.9978
1	orf1ab_C>T_Thr265Ile_missense	1059.0	0.9979	0.9979	0.9979
2	orf1ab_C>T_Phe924Phe_synonymous	3037.0	0.9957	0.9959	0.9958
3	orf1ab_dupT_Leu2146fs_frameshift	6696.0	0.0575	0.0468	0.05215
5	orf1ab_C>T_Pro4715Leu_missense	14408.0	0.9957	0.9967	0.9962
7	orf1ab_A>C_Thr4959Pro_missense	15139.0	0.0164	0.0143	0.01535
8	orf1ab_C>A_Thr4959Thr_synonymous	15141.0	0.0266	0.0157	0.02115
11	orf1ab_G>A_Gly5166Ser_missense	15760.0	0.996	0.9961	0.99605
13	orf1ab_dupT_Val5236fs_frameshift	15965.0	0.0273	0.0238	0.025550000000000003
14	orf1ab_dupT_Ser6037fs_frameshift	18368.0	0.0184	0.0129	0.01565
15	orf1ab_dupT_As576fs_frameshift&stop	19983.0	0.0235	0.0126	0.01805
16	S_A>G_As14Gly_missense	23403.0	0.9966	0.997	0.9968
17	ORF3a_G>T_Gln57His_missense	25563.0	0.9984	0.998	0.9982
