	SNP	POS_x	rep1_percent	rep2_percent	%
0	CHR_START-orf1ab_n.C>T__intergenic-region	241.0	0.995	0.9981	0.99655
2	orf1ab_C>T_Phe924Phe_synonymous	3037.0	0.9932	0.9966	0.9949
4	orf1ab_dupT_Leu2146fs_frameshift	6696.0	0.0649	0.0724	0.06865
5	orf1ab_dupT_As544fs_frameshift&stop	7889.0	0.0144	0.0129	0.013649999999999999
7	orf1ab_dupT_Ser3376fs_frameshift	10386.0	0.0111	0.0141	0.0126
8	orf1ab_C>T_Pro3556Ser_missense	10931.0	0.1213	0.1123	0.1168
9	orf1ab_G>T_Val3718Phe_missense	11417.0	0.9942	0.9981	0.99615
10	orf1ab_dupA_Pro3851fs_frameshift	11812.0	0.0139	0.0141	0.013999999999999999
11	orf1ab_T>C_As603Asp_synonymous	14073.0	0.9969	0.9985	0.9977
12	orf1ab_C>T_Pro4715Leu_missense	14408.0	0.995	0.9969	0.99595
20	orf1ab_dupT_Val5236fs_frameshift	15965.0	0.0354	0.0393	0.03735
22	orf1ab_dupT_Ser6037fs_frameshift	18368.0	0.0251	0.0248	0.02495
23	orf1ab_dupT_As576fs_frameshift&stop	19983.0	0.0314	0.03	0.030699999999999998
25	S_A>G_As14Gly_missense	23403.0	0.9936	0.9976	0.9956
27	S_A>G_Lys795Lys_synonymous	23947.0	0.9955	0.9988	0.99715
29	ORF6_A>G_Glu46Gly_missense	27338.0	0.9975	0.9982	0.99785
30	ORF8_dupT_Leu109fs_frameshift	28214.0	0.0183	0.0183	0.0183
