	SNP	POS_x	rep1_percent	rep2_percent	%
3	orf1ab_C>T_Ala735Ala_synonymous	2470.0	0.611	0.6431	0.62705
5	orf1ab_dupT_Leu2146fs_frameshift	6696.0	0.1045	0.0852	0.09484999999999999
6	orf1ab_dupT_As544fs_frameshift&stop	7889.0	0.0139	0.0195	0.0167
7	orf1ab_C>T_Ser2839Ser_synonymous	8782.0	0.9852	0.9768	0.981
9	orf1ab_dupA_Thr3453fs_frameshift	10619.0	0.0112	0.0152	0.0132
10	orf1ab_T>C_Phe3604Leu_missense	11075.0	0.0192	0.0118	0.0155
14	orf1ab_dupT_Ser4789fs_frameshift	14625.0	0.01	0.012	0.011
15	orf1ab_G>T_Val4952Phe_missense	15118.0	0.0166	0.0138	0.0152
19	orf1ab_T>G_Met4958Arg_missense	15137.0	0.0166	0.0138	0.0152
20	orf1ab_A>C_Thr4959Pro_missense	15139.0	0.0192	0.0219	0.02055
21	orf1ab_C>A_Thr4959Thr_synonymous	15141.0	0.0166	0.0122	0.0144
22	orf1ab_G>T_Gln4962His_missense	15150.0	0.0225	0.0286	0.02555
23	orf1ab_T>G_Leu4968Trp_missense	15167.0	0.0166	0.0133	0.01495
25	orf1ab_dupT_Val5236fs_frameshift	15965.0	0.0759	0.1146	0.09525
24	orf1ab_G>T_Cys5234Phe_missense	15965.0	0.0158	0.0211	0.01845
26	orf1ab_G>A_Val5373Ile_missense	16381.0	0.9809	0.9875	0.9842
27	orf1ab_C>T_Ala5703Ala_synonymous	17373.0	0.0208	0.0319	0.02635
28	orf1ab_T>C_Thr5871Thr_synonymous	17877.0	0.9893	0.9883	0.9887999999999999
31	orf1ab_dupT_Ser6037fs_frameshift	18368.0	0.0239	0.040999999999999995	0.03245
34	orf1ab_C>T_Phe6684Phe_synonymous	20316.0	0.9781	0.9816	0.97985
41	ORF3a_G>T_Pro36Pro_synonymous	25500.0	0.9832	0.9813	0.98225
43	ORF7a_dupT_Leu102fs_frameshift	27691.0	0.0196	0.0119	0.01575
44	ORF8_T>C_Leu84Ser_missense	28144.0	0.9991	0.9977	0.9984
46	N_G>A_Ser202Asn_missense	28878.0	0.9986	0.996	0.9973000000000001
49	ORF10-CHR_END_n.G>A__intergenic-region	29742.0	1.0	0.9954	0.9977
