	SNP	POS_x	rep1_percent	rep2_percent	%
0	orf1ab_-delTCATGTTATGGTTG_His83fs_frameshift	509.0	0.0326	0.0114	0.022
1	orf1ab_dupA_Leu293fs_frameshift	1135.0	0.0161	0.0122	0.01415
6	orf1ab_dupT_Leu2146fs_frameshift	6696.0	0.0335	0.0968	0.06515
8	orf1ab_C>T_Ser2839Ser_synonymous	8782.0	0.9411	0.8919	0.9165000000000001
11	orf1ab_dupA_Pro3851fs_frameshift	11812.0	0.015	0.0108	0.0129
12	orf1ab_dupT_As428fs_frameshift&stop	13541.0	0.0102	0.0124	0.011300000000000001
15	orf1ab_T>G_Met4958Arg_missense	15137.0	0.0173	0.0129	0.015099999999999999
16	orf1ab_A>C_Thr4959Pro_missense	15139.0	0.0184	0.0219	0.02015
17	orf1ab_G>T_Gln4962His_missense	15150.0	0.0259	0.0304	0.02815
18	orf1ab_T>G_Leu4968Trp_missense	15167.0	0.0103	0.0109	0.0106
20	orf1ab_dupT_Val5236fs_frameshift	15965.0	0.0211	0.0705	0.045799999999999993
21	orf1ab_G>A_Val5373Ile_missense	16381.0	0.9115	0.9512	0.93135
22	orf1ab_T>C_Thr5871Thr_synonymous	17877.0	0.9542	0.9487	0.95145
23	orf1ab_dupT_Ser6037fs_frameshift	18368.0	0.022000000000000002	0.0307	0.026350000000000002
27	orf1ab_C>T_Phe6684Phe_synonymous	20316.0	0.9173	0.9239	0.9206000000000001
33	ORF3a_G>T_Pro36Pro_synonymous	25500.0	0.9557	0.9679	0.9618
38	ORF8_T>C_Leu84Ser_missense	28144.0	0.9974	0.997	0.9972
39	ORF8_dupT_Leu109fs_frameshift	28214.0	0.013999999999999999	0.017	0.0155
40	N_G>A_Ser202Asn_missense	28878.0	0.9877	0.9949	0.9913000000000001
41	ORF10-CHR_END_n.G>A__intergenic-region	29742.0	0.9975	0.9856	0.99155
