	SNP	POS_x	rep1_percent	rep2_percent	%
0	orf1ab_8517C>T_Ser2839Ser_synonymous	8782.0	0.9376	0.8802	0.9089
1	orf1ab_16117G>A_Val5373Ile_missense	16381.0	0.9064	0.9449	0.92565
2	orf1ab_17613T>C_Thr5871Thr_synonymous	17877.0	0.9543	0.9387	0.9465
3	orf1ab_20052C>T_Phe6684Phe_synonymous	20316.0	0.9047	0.904	0.90435
4	ORF3a_108G>T_Pro36Pro_synonymous	25500.0	0.9523	0.9624	0.95735
5	ORF8_251T>C_Leu84Ser_missense	28144.0	0.9974	0.9958	1.0
6	N_605G>A_Ser202Asn_missense	28878.0	0.9885	0.987	1.0
11	ORF10-CHR_END_29742G>A__intergenic	29742.0	0.9977	0.996	1.0
