	SNP	POS_x	rep1_percent	rep2_percent	%
0	CHR_START-orf1ab_C>T__intergenic-region	241	0.9927	0.9940000000000001	1.0
1	orf1ab_C>T_Thr265Ile_missense	1059	0.9932	0.9935	1.0
2	orf1ab_C>T_Phe548Phe_synonymous	1909	0.0536	0.054000000000000006	0.0538
3	orf1ab_C>T_Phe924Phe_synonymous	3037	0.9892	0.9906	1.0
4	orf1ab_C>T_Pro4715Leu_missense	14408	0.9932	0.9931	1.0
5	orf1ab_C>A_Arg7014Ser_missense	21304	0.0582	0.0523	0.05525
6	orf1ab_G>A_Arg7014His_missense	21305	0.0582	0.0523	0.05525
7	S_A>G_As14Gly_missense	23403	0.9941	0.9941	1.0
8	ORF3a_G>T_Gln57His_missense	25563	0.9938	0.9939	1.0
