	SNP	POS_x	rep1_percent	rep2_percent	%
0	CHR_START-orf1ab_n.C>T__intergenic-region	241.0	0.9945	0.9952	0.99485
1	orf1ab_C>T_Thr265Ile_missense	1059.0	0.9953	0.9947	0.995
2	orf1ab_dupA_Leu293fs_frameshift	1135.0	0.0143	0.0146	0.014450000000000001
4	orf1ab_C>T_Phe548Phe_synonymous	1909.0	0.0537	0.054000000000000006	0.05385
5	orf1ab_C>T_Phe924Phe_synonymous	3037.0	0.9924	0.9924	0.9924
6	orf1ab_dupT_Leu2146fs_frameshift	6696.0	0.0744	0.0712	0.0728
7	orf1ab_dupT_Ser3376fs_frameshift	10386.0	0.0131	0.0128	0.01295
8	orf1ab_dupA_Pro3851fs_frameshift	11812.0	0.0136	0.0124	0.013
10	orf1ab_C>T_Pro4715Leu_missense	14408.0	0.9948	0.9944	0.9945999999999999
11	orf1ab_dupT_Val5236fs_frameshift	15965.0	0.0394	0.0428	0.0411
12	orf1ab_dupT_Ser6037fs_frameshift	18368.0	0.0249	0.0255	0.0252
13	orf1ab_dupT_As576fs_frameshift&stop	19983.0	0.0295	0.036000000000000004	0.03275
14	orf1ab_C>A_Arg7014Ser_missense	21304.0	0.0566	0.0523	0.05445
15	orf1ab_G>A_Arg7014His_missense	21305.0	0.0566	0.0523	0.05445
16	S_A>G_As14Gly_missense	23403.0	0.9957	0.9951	0.9954000000000001
17	ORF3a_G>T_Gln57His_missense	25563.0	0.9952	0.995	0.9951
18	ORF7a_dupT_Leu102fs_frameshift	27691.0	0.0114	0.0104	0.0109
19	ORF8_dupT_Leu109fs_frameshift	28214.0	0.0209	0.0201	0.020499999999999997
