	SNP	POS_x	rep1_percent	rep2_percent	%
1	orf1ab_-delATA_Ile529del_conservative-inframe-deletion	1848.0	0.0107	0.0113	0.011
2	orf1ab_G>A_Lys1247Lys_synonymous	4006.0	0.0247	0.0228	0.02375
3	orf1ab_A>G_Tyr1814Cys_missense	5706.0	0.0115	0.0104	0.01095
4	orf1ab_dupT_Leu2146fs_frameshift	6696.0	0.063	0.0756	0.0693
5	orf1ab_C>T_Ser2839Ser_synonymous	8782.0	0.9912	0.9944	0.9927999999999999
6	orf1ab_C>A_Gln3452Lys_missense	10619.0	0.0102	0.0106	0.0104
8	orf1ab_dupA_Pro3851fs_frameshift	11812.0	0.013000000000000001	0.0153	0.01415
9	orf1ab_G>T_Val4952Phe_missense	15118.0	0.0109	0.0154	0.01315
11	orf1ab_A>C_Thr4959Pro_missense	15139.0	0.034	0.0283	0.03115
12	orf1ab_G>T_Gln4962His_missense	15150.0	0.0313	0.0268	0.02905
13	orf1ab_G>A_Leu4968Leu_synonymous	15168.0	0.0238	0.0378	0.0308
14	orf1ab_dupT_Val5236fs_frameshift	15965.0	0.0551	0.1151	0.0851
16	orf1ab_G>A_Val5373Ile_missense	16381.0	0.986	0.9927	0.98935
18	orf1ab_T>C_Thr5871Thr_synonymous	17877.0	0.9913	0.9927	0.992
20	orf1ab_dupT_Ser6037fs_frameshift	18368.0	0.0261	0.0358	0.03095
21	orf1ab_dupT_As576fs_frameshift&stop	19983.0	0.0248	0.01	0.0174
23	orf1ab_C>T_Phe6684Phe_synonymous	20316.0	0.9807	0.9818	0.98125
25	ORF3a_G>T_Pro36Pro_synonymous	25500.0	0.99	0.9949	0.99245
27	ORF8_T>C_Leu84Ser_missense	28144.0	0.9974	0.9978	0.9976
28	ORF8_dupT_Leu109fs_frameshift	28214.0	0.0168	0.0186	0.0177
29	N_G>A_Ser202Asn_missense	28878.0	1.0	0.998	0.999
30	ORF10-CHR_END_n.G>A__intergenic-region	29742.0	0.9915	0.9937	0.9926
