	SNP	POS_x	rep1_percent	rep2_percent	%
0	CHR_START-orf1ab_n.C>T__intergenic-region	241	0.9904	0.9957	0.99305
1	orf1ab_A>C_As44Ala_missense	696	0.9965	0.9986	0.99755
3	orf1ab_C>T_Phe924Phe_synonymous	3037	0.9886	0.9944	0.9915
4	orf1ab_G>T_Lys1202Asn_missense	3871	0.9828	0.9935	0.9881500000000001
5	orf1ab_T>C_Val1222Val_synonymous	3931	0.9819	0.9919	0.9869
6	orf1ab_C>T_Pro1321Ser_missense	4226	0.9933	0.9963	0.9947999999999999
7	orf1ab_C>T_Pro1803Ser_missense	5672	0.9941	0.9964	0.99525
8	orf1ab_dupT_Leu2146fs_frameshift	6696	0.0452	0.0421	0.043649999999999994
9	orf1ab_A>C_Leu2524Phe_missense	7837	0.9877	0.9936	0.99065
11	orf1ab_C>T_Pro4715Leu_missense	14408	0.993	0.9976	0.9953000000000001
12	orf1ab_G>T_Glu4742Asp_missense	14490	0.0255	0.0201	0.0228
13	orf1ab_dupT_Val5236fs_frameshift	15965	0.0248	0.0191	0.021949999999999997
14	orf1ab_dupT_Ser6037fs_frameshift	18368	0.0124	0.0166	0.014499999999999999
15	orf1ab_dupT_As576fs_frameshift&stop	19983	0.0202	0.019	0.0196
16	S_C>T_Leu5Phe_missense	21575	0.0479	0.0575	0.0527
17	S_A>G_As14Gly_missense	23403	0.9941	0.9971	0.9956
20	N_C>T_Ser235Phe_missense	28977	0.9986	0.9989	0.99875
