	SNP	POS_x	rep1_percent	rep2_percent	%
0	orf1ab_G>T_Val38Phe_missense	377.0	0.0218	0.0215	0.02165
1	orf1ab_-delTCATGTTATGGTTG_His83fs_frameshift	509.0	0.0148	0.0143	0.01455
2	orf1ab_dupA_Leu293fs_frameshift	1135.0	0.0146	0.0163	0.015449999999999998
3	orf1ab_C>T_Pro2144Leu_missense	6696.0	0.0149	0.0105	0.0127
4	orf1ab_dupT_Leu2146fs_frameshift	6696.0	0.0768	0.0717	0.07425
5	orf1ab_dupT_As544fs_frameshift&stop	7889.0	0.0139	0.0102	0.01205
6	orf1ab_C>T_Ser2839Ser_synonymous	8782.0	0.9882	0.9866	0.9874
8	orf1ab_dupA_Pro3851fs_frameshift	11812.0	0.0151	0.0116	0.01335
9	orf1ab_A>G_Ile4098Val_missense	12557.0	0.0294	0.0315	0.030449999999999998
11	orf1ab_A>C_Thr4959Pro_missense	15139.0	0.0113	0.015	0.013149999999999998
12	orf1ab_T>G_Leu4968Trp_missense	15167.0	0.0146	0.0158	0.015200000000000002
13	orf1ab_dupT_Val5236fs_frameshift	15965.0	0.0502	0.0513	0.05075
14	orf1ab_G>A_Val5373Ile_missense	16381.0	0.9840000000000001	0.9812	0.9826
15	orf1ab_T>C_Thr5871Thr_synonymous	17877.0	0.9888	0.9875	0.9881500000000001
16	orf1ab_dupT_Ser6037fs_frameshift	18368.0	0.0318	0.032	0.0319
17	orf1ab_dupT_As576fs_frameshift&stop	19983.0	0.0195	0.0284	0.02395
18	orf1ab_C>T_Phe6684Phe_synonymous	20316.0	0.9721	0.9703	0.9712000000000001
19	ORF3a_C>G_Gln17Glu_missense	25441.0	0.0196	0.0189	0.01925
20	ORF3a_G>T_Pro36Pro_synonymous	25500.0	0.9888	0.9881	0.98845
21	ORF8_T>C_Leu84Ser_missense	28144.0	0.9987	0.9986	0.99865
22	ORF8_dupT_Leu109fs_frameshift	28214.0	0.0221	0.0184	0.02025
23	N_G>A_Ser202Asn_missense	28878.0	0.9932	0.9935	0.99335
24	ORF10-CHR_END_n.G>A__intergenic-region	29742.0	0.9993	0.9983	0.9987999999999999
