	SNP	POS_x	rep1_percent	rep2_percent	%
0	orf1ab_C>T_Ser2839Ser_synonymous	8782.0	0.9835	0.9839	1.0
1	orf1ab_G>A_Val5373Ile_missense	16381.0	0.9790000000000001	0.9776	1.0
2	orf1ab_T>C_Thr5871Thr_synonymous	17877.0	0.9851	0.9852	1.0
3	orf1ab_C>T_Phe6684Phe_synonymous	20316.0	0.9617	0.963	0.96235
4	ORF3a_G>T_Pro36Pro_synonymous	25500.0	0.9843	0.9855	1.0
5	ORF8_T>C_Leu84Ser_missense	28144.0	0.998	0.9979	1.0
6	N_G>A_Ser202Asn_missense	28878.0	0.9890000000000001	0.9888	1.0
7	ORF10-CHR_END_G>A__intergenic-region	29742.0	0.9967	0.9941	1.0
