	SNP	POS_x	rep1_percent	rep2_percent	%
0	CHR_START-orf1ab_n.G>T__intergenic-region	247.0	0.2646	0.2723	0.26844999999999997
2	orf1ab_dupT_Leu2146fs_frameshift	6696.0	0.0707	0.0657	0.0682
3	orf1ab_C>T_Ser2839Ser_synonymous	8782.0	0.9962	0.9966	0.9964
5	orf1ab_dupT_Ser3376fs_frameshift	10386.0	0.013000000000000001	0.0118	0.012400000000000001
7	orf1ab_dupA_Pro3851fs_frameshift	11812.0	0.0168	0.0151	0.01595
9	orf1ab_G>T_Val4952Phe_missense	15118.0	0.0132	0.015	0.0141
10	orf1ab_T>G_Met4958Arg_missense	15137.0	0.0193	0.0177	0.018500000000000003
13	orf1ab_G>T_Gln4962His_missense	15150.0	0.0292	0.0339	0.03155
14	orf1ab_T>G_Leu4968Trp_missense	15167.0	0.0138	0.0183	0.016050000000000002
16	orf1ab_dupT_Val5236fs_frameshift	15965.0	0.0294	0.0373	0.03335
17	orf1ab_G>A_Val5373Ile_missense	16381.0	0.9966	0.9945	0.99555
18	orf1ab_T>C_Thr5871Thr_synonymous	17877.0	0.9971	0.9949	0.996
19	orf1ab_A>G_Thr5946Thr_synonymous	18102.0	0.2812	0.2929	0.28705
20	orf1ab_dupT_Ser6037fs_frameshift	18368.0	0.0236	0.0216	0.022600000000000002
21	orf1ab_C>T_As300Asp_synonymous	19164.0	0.0451	0.0457	0.045399999999999996
22	orf1ab_dupT_As576fs_frameshift&stop	19983.0	0.0327	0.0279	0.0303
23	orf1ab_C>T_Phe6684Phe_synonymous	20316.0	0.9936	0.9891	0.99135
25	S_G>T_Gln1208His_missense	25186.0	0.0424	0.0446	0.0435
26	ORF3a_G>T_Pro36Pro_synonymous	25500.0	0.9966	0.9967	0.99665
27	ORF8_T>C_Leu84Ser_missense	28144.0	0.9985	0.9984	0.9984500000000001
28	ORF8_dupT_Leu109fs_frameshift	28214.0	0.0195	0.0132	0.01635
29	N_C>T_His145His_synonymous	28708.0	0.0477	0.040999999999999995	0.04435
30	N_G>A_Ser202Asn_missense	28878.0	1.0	0.9997	0.99985
31	ORF10-CHR_END_n.G>A__intergenic-region	29742.0	0.9893	0.9932	0.99125
