	SNP	POS_x	rep1_percent	rep2_percent	%
1	orf1ab_-delTCATGTTATGGTTG_His83fs_frameshift	509.0	0.0136	0.0105	0.01205
4	orf1ab_T>G_Ser1161Ala_missense	3746.0	0.0142	0.0145	0.014350000000000002
6	orf1ab_dupT_Leu2146fs_frameshift	6696.0	0.0701	0.0556	0.06284999999999999
7	orf1ab_C>T_Ser2839Ser_synonymous	8782.0	0.9497	0.9654	0.95755
8	orf1ab_dupA_Pro3851fs_frameshift	11812.0	0.0131	0.0152	0.01415
9	orf1ab_A>G_Lys4483Glu_missense	13711.0	0.0175	0.021	0.019250000000000003
10	orf1ab_G>T_Val4952Phe_missense	15118.0	0.0143	0.0134	0.013850000000000001
12	orf1ab_T>G_Met4958Arg_missense	15137.0	0.0186	0.0144	0.0165
13	orf1ab_A>C_Thr4959Pro_missense	15139.0	0.0214	0.0243	0.02285
14	orf1ab_C>A_Thr4959Thr_synonymous	15141.0	0.02	0.0134	0.0167
15	orf1ab_G>T_Gln4962His_missense	15150.0	0.0333	0.0299	0.0316
16	orf1ab_T>G_Leu4968Trp_missense	15167.0	0.0171	0.0134	0.01525
18	orf1ab_dupT_Val5236fs_frameshift	15965.0	0.0302	0.0448	0.0375
19	orf1ab_G>A_Val5373Ile_missense	16381.0	0.9351	0.9749	0.9550000000000001
20	orf1ab_T>C_Thr5871Thr_synonymous	17877.0	0.9581	0.968	0.96305
21	orf1ab_dupT_Ser6037fs_frameshift	18368.0	0.0238	0.0192	0.0215
22	orf1ab_C>T_Thr6564Ile_missense	19955.0	0.016	0.0133	0.01465
23	orf1ab_dupT_As576fs_frameshift&stop	19983.0	0.0281	0.0232	0.02565
24	orf1ab_C>T_Phe6684Phe_synonymous	20316.0	0.9226	0.9093	0.91595
26	ORF3a_G>T_Pro36Pro_synonymous	25500.0	0.9621	0.9819	0.972
27	M_dupT_Leu46fs_frameshift	26654.0	0.0114	0.0116	0.0115
28	ORF8_T>C_Leu84Ser_missense	28144.0	0.9969	0.9981	0.9975
29	ORF8_dupT_Leu109fs_frameshift	28214.0	0.0119	0.0163	0.0141
30	N_G>A_Ser202Asn_missense	28878.0	0.9913	0.996	0.9936499999999999
31	ORF10-CHR_END_n.G>A__intergenic-region	29742.0	0.9946	0.9968	0.9957
