	SNP	POS_x	rep1_percent	rep2_percent	%
0	orf1ab_C>T_Ser2839Ser_synonymous	8782	0.9455	0.9607	0.9531000000000001
2	orf1ab_G>A_Val5373Ile_missense	16381	0.9261	0.9712	0.94865
3	orf1ab_T>C_Thr5871Thr_synonymous	17877	0.9523	0.9621	0.9572
4	orf1ab_C>T_Phe6684Phe_synonymous	20316	0.9072	0.8857	0.89645
5	ORF3a_G>T_Pro36Pro_synonymous	25500	0.9569	0.9777	0.9673
6	ORF8_T>C_Leu84Ser_missense	28144	0.9952	0.9973	1.0
7	N_G>A_Ser202Asn_missense	28878	0.9839	0.9932	1.0
8	ORF10-CHR_END_G>A__intergenic-region	29742	0.9911	0.9931	1.0
