	SNP	POS_x	rep1_percent	rep2_percent	%
0	CHR_START-orf1ab_n.C>T__intergenic-region	241.0	0.9982	0.9952	0.9966999999999999
1	orf1ab_C>T_Thr265Ile_missense	1059.0	0.9989	0.9958	0.99735
3	orf1ab_C>T_Phe924Phe_synonymous	3037.0	0.9977	0.9931	0.9954000000000001
4	orf1ab_dupT_Leu2146fs_frameshift	6696.0	0.062	0.0645	0.06325
6	orf1ab_dupT_Ser3376fs_frameshift	10386.0	0.0129	0.0127	0.012799999999999999
7	orf1ab_C>T_Pro4715Leu_missense	14408.0	0.9958	0.996	0.9959
10	orf1ab_A>C_Thr4959Pro_missense	15139.0	0.0135	0.0117	0.0126
11	orf1ab_C>A_Thr4959Thr_synonymous	15141.0	0.0178	0.0161	0.01695
13	orf1ab_G>A_Gly5166Ser_missense	15760.0	0.9954	0.9952	0.9953
14	orf1ab_dupT_Val5236fs_frameshift	15965.0	0.037000000000000005	0.0388	0.0379
15	orf1ab_dupT_Ser6037fs_frameshift	18368.0	0.0173	0.023	0.02015
16	orf1ab_dupT_As576fs_frameshift&stop	19983.0	0.0238	0.0273	0.025550000000000003
17	S_A>G_As14Gly_missense	23403.0	0.9985	0.9963	0.9974000000000001
18	ORF3a_G>T_Gln57His_missense	25563.0	0.9981	0.9962	0.99715
19	ORF8_dupT_Leu109fs_frameshift	28214.0	0.0126	0.0152	0.0139
