	SNP	POS_x	rep1_percent	rep2_percent	%
0	CHR_START-orf1ab_n.C>T__intergenic-region	241.0	0.9868	0.9507	0.96875
1	orf1ab_-delTCATGTTATGGTTG_His83fs_frameshift	509.0	0.0111	0.0127	0.0119
2	orf1ab_-delAAGTCATTT_Lys141-Phe143del_conservative-inframe-deletion	685.0	0.0128	0.0127	0.012750000000000001
3	orf1ab_dupA_Leu293fs_frameshift	1135.0	0.0137	0.0176	0.01565
4	orf1ab_C>T_Phe924Phe_synonymous	3037.0	0.9729	0.9654	0.96915
6	orf1ab_dupT_Leu2146fs_frameshift	6696.0	0.0612	0.0631	0.06215
8	orf1ab_dupA_Pro3851fs_frameshift	11812.0	0.0146	0.0239	0.01925
10	orf1ab_C>T_Pro4715Leu_missense	14408.0	0.9801	0.9737	0.9769
11	orf1ab_G>T_Val4952Phe_missense	15118.0	0.0119	0.0138	0.01285
13	orf1ab_A>C_Thr4959Pro_missense	15139.0	0.0223	0.0202	0.021249999999999998
15	orf1ab_dupT_Val5236fs_frameshift	15965.0	0.1091	0.0266	0.06785
16	orf1ab_A>G_Met5753Val_missense	17521.0	0.0105	0.0157	0.0131
18	orf1ab_dupT_Ser6037fs_frameshift	18368.0	0.0292	0.0242	0.0267
19	orf1ab_C>T_Leu6205Leu_synonymous	18877.0	0.9839	0.9728	0.97835
20	orf1ab_dupT_As576fs_frameshift&stop	19983.0	0.0102	0.0344	0.0223
22	S_A>G_As14Gly_missense	23403.0	0.9876	0.9744	0.9810000000000001
23	ORF3a_G>T_Gln57His_missense	25563.0	0.9814	0.9822	0.9818
24	ORF3a_T>A_Leu96His_missense	25679.0	0.0107	0.0167	0.0137
26	ORF8_dupT_Leu109fs_frameshift	28214.0	0.0136	0.0114	0.0125
27	N_G>A_Gly200Ser_missense	28871.0	0.9878	0.9887	0.9882500000000001
