	SNP	POS_x	rep1_percent	rep2_percent	%
0	CHR_START-orf1ab_241C>T__intergenic	241.0	0.9851	0.9482	0.96665
1	orf1ab_2772C>T_Phe924Phe_synonymous	3037.0	0.9699	0.9578	0.96385
2	orf1ab_14144C>T_Pro4715Leu_missense	14408.0	0.9792	0.9645	1.0
3	orf1ab_18613C>T_Leu6205Leu_synonymous	18877.0	0.9824	0.9659	1.0
4	S_1841A>G_As14Gly_missense	23403.0	0.9874	0.972	1.0
5	ORF3a_171G>T_Gln57His_missense	25563.0	0.9797	0.9769	1.0
6	N_598G>A_Gly200Ser_missense	28871.0	0.9882	0.9773	1.0
