	SNP	POS_x	rep1_percent	rep2_percent	%
0	CHR_START-orf1ab_n.C>T__intergenic-region	241.0	0.9954	0.9773	0.98635
3	orf1ab_dupA_Leu293fs_frameshift	1135.0	0.0108	0.0147	0.012750000000000001
4	orf1ab_C>T_Phe924Phe_synonymous	3037.0	0.9921	0.9831	0.9876
9	orf1ab_dupT_Leu2146fs_frameshift	6696.0	0.0672	0.07200000000000001	0.0696
11	orf1ab_dupT_As544fs_frameshift&stop	7889.0	0.01	0.0111	0.01055
16	orf1ab_C>T_Pro4715Leu_missense	14408.0	0.9929	0.9929	0.9929
17	orf1ab_dupT_Val5236fs_frameshift	15965.0	0.0603	0.0584	0.05935
18	orf1ab_dupT_Ser6037fs_frameshift	18368.0	0.0202	0.0269	0.02355
19	orf1ab_dupT_As576fs_frameshift&stop	19983.0	0.0276	0.0136	0.0206
20	S_C>T_Leu5Phe_missense	21575.0	0.0102	0.0602	0.035199999999999995
21	S_A>G_As14Gly_missense	23403.0	0.995	0.9908	0.9929
