	SNP	POS_x	rep1_percent	rep2_percent	%
0	CHR_START-orf1ab_n.C>T__intergenic-region	106.0	0.028999999999999998	0.9958	0.5124
1	CHR_START-orf1ab_n.C>T__intergenic-region	186.0	0.0151	0.9958	0.50545
2	CHR_START-orf1ab_n.C>T__intergenic-region	241.0	0.9989	0.9958	0.99735
15	orf1ab_A>C_As44Ala_missense	696.0	0.0126	0.995	0.5038
51	orf1ab_C>T_Phe924Phe_synonymous	3037.0	0.9991	0.9936	0.9963500000000001
95	orf1ab_dupT_Leu2146fs_frameshift	6696.0	0.0667	0.0711	0.06889999999999999
149	orf1ab_C>T_Pro4715Leu_missense	14408.0	0.9995	0.9945	0.9970000000000001
162	orf1ab_dupT_Val5236fs_frameshift	15965.0	0.0406	0.0546	0.0476
181	orf1ab_dupT_Ser6037fs_frameshift	18368.0	0.0195	0.0259	0.022699999999999998
201	orf1ab_dupT_As576fs_frameshift&stop	19983.0	0.0229	0.0114	0.01715
227	S_A>G_As14Gly_missense	23403.0	0.9952	0.9964	0.9958
