	SNP	POS_x	rep1_percent	rep2_percent	%
0	CHR_START-orf1ab_241C>T__intergenic	241	0.9929	0.9967	1.0
1	orf1ab_354C>T_Tyr118Tyr_synonymous	619	0.993	0.9969	1.0
2	orf1ab_1115C>T_Ala372Val_missense	1380	0.9789	0.9707	1.0
3	orf1ab_2772C>T_Phe924Phe_synonymous	3037	0.9882	0.9932	1.0
4	orf1ab_7248T>C_Asn2416Asn_synonymous	7513	0.9866	0.9909	1.0
5	orf1ab_14144C>T_Pro4715Leu_missense	14408	0.9901	0.9922	1.0
8	orf1ab_14904G>A_Leu4968Leu_synonymous	15168	0.09699999999999999	0.0311	0.06405
9	orf1ab_15090T>C_Leu5030Leu_synonymous	15354	0.9894	0.9929	1.0
10	orf1ab_18613C>T_Leu6205Leu_synonymous	18877	0.9913	0.9871	1.0
11	S_1841A>G_As14Gly_missense	23403	0.993	0.9928	1.0
12	ORF3a_171G>T_Gln57His_missense	25563	0.9929	0.9911	1.0
