	SNP	POS_x	rep1_percent	rep2_percent	%
0	CHR_START-orf1ab_n.C>T__intergenic-region	241.0	0.9921	0.9922	0.99215
1	orf1ab_C>T_Tyr717Tyr_synonymous	2416.0	0.9842	0.987	0.9856
2	orf1ab_C>T_Phe924Phe_synonymous	3037.0	0.9890000000000001	0.9895	0.9892500000000001
3	orf1ab_dupT_Leu2146fs_frameshift	6696.0	0.0473	0.0469	0.0471
4	orf1ab_C>T_Thr2408Ile_missense	7488.0	0.0128	0.0127	0.012750000000000001
6	orf1ab_C>T_Pro4715Leu_missense	14408.0	0.9922	0.9932	0.9926999999999999
8	orf1ab_T>C_His5034His_synonymous	15366.0	0.9925	0.9942	0.99335
9	orf1ab_dupT_Val5236fs_frameshift	15965.0	0.0177	0.0224	0.02005
10	orf1ab_dupT_Ser6037fs_frameshift	18368.0	0.0153	0.0159	0.0156
11	orf1ab_C>T_His6073Tyr_missense	18481.0	0.993	0.9938	0.9934000000000001
12	orf1ab_dupT_As576fs_frameshift&stop	19983.0	0.0274	0.0221	0.02475
13	S_C>T_Leu5Phe_missense	21575.0	0.0162	0.0154	0.0158
14	S_A>G_As14Gly_missense	23403.0	0.9945	0.9952	0.99485
15	ORF3a_G>T_Gln57His_missense	25563.0	0.9947	0.9953	0.995
16	ORF3a_G>A_Ala99Thr_missense	25687.0	0.9879	0.9892	0.98855
17	ORF8_dupT_Leu109fs_frameshift	28214.0	0.0136	0.0124	0.013
