	SNP	POS_x	rep1_percent	rep2_percent	%
9	CHR_START-orf1ab_T>C__intergenic-region	17.0	0.1241	0.1167	0.12040000000000001
11	CHR_START-orf1ab_C>T__intergenic-region	21.0	0.1195	0.0964	0.10794999999999999
12	CHR_START-orf1ab_G>C__intergenic-region	23.0	0.11800000000000001	0.0795	0.09875
13	CHR_START-orf1ab_A>G__intergenic-region	26.0	0.0306	0.0584	0.0445
14	CHR_START-orf1ab_C>T__intergenic-region	241.0	0.5979	0.723	0.66045
15	orf1ab_A>C_As44Ala_missense	696.0	0.7025	0.8220000000000001	0.7622500000000001
16	orf1ab_C>T_Phe924Phe_synonymous	3037.0	0.5528	0.7255	0.63915
17	orf1ab_T>C_Val1222Val_synonymous	3931.0	0.4389	0.6302	0.53455
18	orf1ab_C>T_Pro1321Ser_missense	4226.0	0.6559999999999999	0.7969	0.72645
19	orf1ab_A>C_Leu2524Phe_missense	7837.0	0.5458	0.6067	0.5762499999999999
20	orf1ab_C>T_Ile4205Ile_synonymous	12880.0	0.6219	0.7378	0.6798500000000001
21	orf1ab_C>T_Pro4715Leu_missense	14408.0	0.6554	0.8190000000000001	0.7372000000000001
