	SNP	POS_x	rep1_percent	rep2_percent	%
0	CHR_START-orf1ab_C>T__intergenic-region	241	0.9792	0.9858	1.0
1	orf1ab_A>C_As44Ala_missense	696	0.991	0.9953	1.0
2	orf1ab_C>T_Phe924Phe_synonymous	3037	0.9718	0.9796	1.0
3	orf1ab_G>T_Lys1202Asn_missense	3871	0.9614	0.9731	0.9672499999999999
4	orf1ab_T>C_Val1222Val_synonymous	3931	0.9633	0.9725	0.9679
5	orf1ab_C>T_Pro1321Ser_missense	4226	0.9846	0.985	1.0
6	orf1ab_C>T_Pro1803Ser_missense	5672	0.9840000000000001	0.9831	1.0
7	orf1ab_A>C_Leu2524Phe_missense	7837	0.9738	0.9625	0.9681500000000001
8	orf1ab_C>T_Ile4205Ile_synonymous	12880	0.9822	0.9698	1.0
9	orf1ab_C>T_Pro4715Leu_missense	14408	0.9854	0.9884	1.0
11	orf1ab_C>A_Gln4965Lys_missense	15157	0.0908	0.0303	0.06055000000000001
13	orf1ab_G>T_Gln6471His_missense	19677	0.9761	0.9771	1.0
14	S_A>G_As14Gly_missense	23403	0.9843	0.985	1.0
15	N_C>T_Ser235Phe_missense	28977	0.9905	0.9488	0.96965
