	SNP	POS_x	rep1_percent	rep2_percent	%
26	CHR_START-orf1ab_C>T__intergenic-region	241.0	0.9264	0.9651	0.94575
27	orf1ab_C>T_Arg402Arg_synonymous	1471.0	0.8608	0.8495	0.8551500000000001
28	orf1ab_C>T_Phe924Phe_synonymous	3037.0	0.8914	0.9565	0.92395
30	orf1ab_A>G_Glu2514Glu_synonymous	7807.0	0.8839	0.9432	0.9135500000000001
31	orf1ab_C>T_Ser3884Leu_missense	11916.0	0.7833	0.9596	0.8714500000000001
32	orf1ab_C>T_Pro4715Leu_missense	14408.0	0.8072	0.9646	0.8859
