	SNP	POS_x	rep1_percent	rep2_percent	%
8	CHR_START-orf1ab_C>T__intergenic-region	28.0	0.0625	0.075	0.06875
9	CHR_START-orf1ab_C>T__intergenic-region	241.0	0.8995	0.8888	0.89415
10	orf1ab_C>T_Phe924Phe_synonymous	3037.0	0.8336	0.8364	0.835
12	orf1ab_T>C_As603Asp_synonymous	14073.0	0.9108	0.9122	0.9115
13	orf1ab_C>T_Pro4715Leu_missense	14408.0	0.9038	0.8921	0.89795
15	S_A>G_Lys795Lys_synonymous	23947.0	0.8865	0.863	0.8747499999999999
