	SNP	POS_x	rep1_percent	rep2_percent	%
0	CHR_START-orf1ab_n.C>T__intergenic-region	241.0	0.9959	0.9891	0.9924999999999999
2	orf1ab_C>T_Phe924Phe_synonymous	3037.0	0.9929	0.9845	0.9887
4	orf1ab_dupT_Leu2146fs_frameshift	6696.0	0.0289	0.0384	0.03365
6	orf1ab_G>T_Val3718Phe_missense	11417.0	0.9959	0.9896	0.99275
7	orf1ab_T>C_As603Asp_synonymous	14073.0	0.9969	0.9929	0.9949
8	orf1ab_C>T_Pro4715Leu_missense	14408.0	0.9957	0.9916	0.99365
10	orf1ab_A>C_Thr4959Pro_missense	15139.0	0.0252	0.0128	0.019
11	orf1ab_C>A_Thr4959Thr_synonymous	15141.0	0.0252	0.0169	0.02105
14	orf1ab_T>G_Leu4968Trp_missense	15167.0	0.0162	0.0118	0.013999999999999999
16	orf1ab_T>C_Gly5008Gly_synonymous	15288.0	0.1727	0.1715	0.1721
17	orf1ab_dupT_Ser6037fs_frameshift	18368.0	0.011000000000000001	0.0139	0.01245
18	orf1ab_dupT_As576fs_frameshift&stop	19983.0	0.0138	0.023	0.0184
19	S_A>G_As14Gly_missense	23403.0	0.9936	0.9881	0.99085
20	S_A>G_Lys795Lys_synonymous	23947.0	0.9957	0.9884	0.99205
22	ORF6_A>G_Glu46Gly_missense	27338.0	0.9962	0.9986	0.9974000000000001
