	SNP	POS_x	rep1_percent	rep2_percent	%
0	CHR_START-orf1ab_n.C>T__intergenic-region	241.0	0.9845	0.9421	0.9633
1	orf1ab_-delTCATGTTATGGTTG_His83fs_frameshift	509.0	0.0119	0.0119	0.0119
2	orf1ab_C>T_Ala372Val_missense	1380.0	0.0264	0.0187	0.02255
3	orf1ab_C>T_His374Tyr_missense	1385.0	0.0167	0.0133	0.015
4	orf1ab_C>T_Phe924Phe_synonymous	3037.0	0.9648	0.9761	0.97045
5	orf1ab_dupT_Leu2146fs_frameshift	6696.0	0.0641	0.0676	0.06584999999999999
6	orf1ab_dupT_As544fs_frameshift&stop	7889.0	0.0132	0.011000000000000001	0.0121
7	orf1ab_dupT_Ser3376fs_frameshift	10386.0	0.0101	0.0108	0.010450000000000001
9	orf1ab_C>T_Pro4715Leu_missense	14408.0	0.9801	0.9822	0.98115
11	orf1ab_T>G_Leu4968Trp_missense	15167.0	0.0194	0.0205	0.019950000000000002
12	orf1ab_dupT_Val5236fs_frameshift	15965.0	0.0271	0.026000000000000002	0.02655
13	orf1ab_dupT_Ser6037fs_frameshift	18368.0	0.0184	0.0192	0.018799999999999997
14	orf1ab_C>T_Leu6205Leu_synonymous	18877.0	0.9814	0.9828	0.9821
15	orf1ab_dupT_As576fs_frameshift&stop	19983.0	0.0212	0.0267	0.02395
16	orf1ab_C>T_As724Asp_synonymous	20436.0	0.0281	0.0116	0.01985
19	S_C>T_Leu5Phe_missense	21575.0	0.0487	0.0512	0.04995
21	S_T>C_Pro384Pro_synonymous	22714.0	0.0166	0.0218	0.019200000000000002
22	S_A>G_As14Gly_missense	23403.0	0.9841	0.9776	0.98085
23	S_G>T_Leu877Leu_synonymous	24193.0	0.0191	0.0189	0.019
24	ORF3a_G>T_Gln57His_missense	25563.0	0.9852	0.9873	0.98625
25	M_G>T_Ala104Ala_synonymous	26834.0	0.0212	0.0183	0.01975
26	ORF8_dupT_Leu109fs_frameshift	28214.0	0.0116	0.0158	0.0137
27	N_G>T_Ser193Ile_missense	28851.0	0.0299	0.0175	0.0237
30	ORF10-CHR_END_n.-delCCACGCGGAGT__intergenic-region	29737.0	0.0506	0.0614	0.056
