	SNP	POS_x	rep1_percent	rep2_percent	%
0	CHR_START-orf1ab_241C>T__intergenic	241	0.9814	0.9309999999999999	0.9561999999999999
1	orf1ab_2772C>T_Phe924Phe_synonymous	3037	0.9579	0.9703	0.9641
2	orf1ab_14144C>T_Pro4715Leu_missense	14408	0.9756	0.9779	1.0
3	orf1ab_18613C>T_Leu6205Leu_synonymous	18877	0.9764	0.9777	1.0
4	S_13C>T_Leu5Phe_missense	21575	0.0477	0.0497	0.0487
5	S_1841A>G_As14Gly_missense	23403	0.9806	0.9692	1.0
6	ORF3a_171G>T_Gln57His_missense	25563	0.9834	0.983	1.0
