	SNP	POS_x	rep1_percent	rep2_percent	%
0	CHR_START-orf1ab_n.C>T__intergenic-region	241.0	0.9911	0.9846	0.98785
1	orf1ab_-delTCATGTTATGGTTG_His83fs_frameshift	509.0	0.0177	0.0169	0.0173
2	orf1ab_C>T_Thr265Ile_missense	1059.0	0.9896	0.9827	0.9861500000000001
3	orf1ab_C>T_Phe924Phe_synonymous	3037.0	0.9836	0.9692	0.9763999999999999
4	orf1ab_C>T_Asn1749Asn_synonymous	5512.0	0.0363	0.0372	0.03675
5	orf1ab_dupT_Leu2146fs_frameshift	6696.0	0.0347	0.0414	0.03805
6	orf1ab_C>T_Pro4715Ser_missense	14407.0	0.9807	0.9778	0.97925
7	orf1ab_C>T_Pro4715Leu_missense	14408.0	0.9823	0.9786	0.98045
10	orf1ab_dupT_Val5236fs_frameshift	15965.0	0.013000000000000001	0.0141	0.01355
11	orf1ab_C>T_Ala5636Ala_synonymous	17172.0	0.0136	0.0115	0.012549999999999999
13	orf1ab_C>T_Thr6038Ile_missense	18377.0	0.0104	0.0105	0.010450000000000001
14	orf1ab_dupT_As576fs_frameshift&stop	19983.0	0.0142	0.0136	0.0139
15	S_A>G_As14Gly_missense	23403.0	0.991	0.9855	0.9882500000000001
16	ORF3a_G>T_Gln57His_missense	25563.0	0.9902	0.9855	0.98785
17	N_C>T_Pro13Pro_synonymous	28312.0	0.0154	0.0135	0.014450000000000001
18	N_G>T_Pro383Pro_synonymous	29422.0	0.0135	0.017	0.01525
19	N_C>T_Ala398Val_missense	29466.0	0.0487	0.0452	0.04695
