	SNP	POS_x	rep1_percent	rep2_percent	%
0	CHR_START-orf1ab_C>T__intergenic-region	241	0.9898	0.9832	1.0
1	orf1ab_C>T_Thr265Ile_missense	1059	0.988	0.981	1.0
2	orf1ab_C>T_Phe924Phe_synonymous	3037	0.9809	0.9656	1.0
3	orf1ab_C>T_Asn1749Asn_synonymous	5512	0.0362	0.0371	0.03665
4	orf1ab_C>T_Pro4715Ser_missense	14407	0.9798	0.9763	1.0
5	orf1ab_C>T_Pro4715Leu_missense	14408	0.9814	0.9771	1.0
6	S_A>G_As14Gly_missense	23403	0.9890000000000001	0.9832	1.0
7	ORF3a_G>T_Gln57His_missense	25563	0.9895	0.9844	1.0
8	N_C>T_Ala398Val_missense	29466	0.0482	0.0453	0.04675
