	SNP	POS_x	rep1_percent	rep2_percent	%
0	orf1ab_C>T_Thr1854Ile_missense	5826.0	0.9673	0.8827	0.925
1	orf1ab_dupT_Leu2146fs_frameshift	6696.0	0.0172	0.0792	0.04820000000000001
3	orf1ab_C>T_Ser2839Ser_synonymous	8782.0	0.961	0.7295	0.8452500000000001
4	orf1ab_C>T_Phe4667Phe_synonymous	14265.0	0.015	0.0111	0.013049999999999999
5	orf1ab_G>T_Val4952Phe_missense	15118.0	0.0114	0.0149	0.01315
6	orf1ab_G>T_Ser4956Ile_missense	15131.0	0.0112	0.0115	0.011349999999999999
7	orf1ab_T>G_Met4958Arg_missense	15137.0	0.0144	0.0113	0.01285
8	orf1ab_A>C_Thr4959Pro_missense	15139.0	0.0221	0.0253	0.0237
9	orf1ab_C>A_Thr4959Thr_synonymous	15141.0	0.0115	0.0151	0.0133
10	orf1ab_T>G_Leu4968Trp_missense	15167.0	0.0112	0.0109	0.01105
11	orf1ab_dupT_Val5236fs_frameshift	15965.0	0.0126	0.0205	0.016550000000000002
13	orf1ab_G>A_Val5373Ile_missense	16381.0	0.9424	0.9395	0.94095
14	orf1ab_T>C_Thr5871Thr_synonymous	17877.0	0.9608	0.9054	0.9331
16	orf1ab_C>T_Phe6684Phe_synonymous	20316.0	0.9355	0.9207	0.9280999999999999
17	S_C>T_Asn542Asn_synonymous	23188.0	0.1774	0.2105	0.19395
18	S_A>T_Glu1182Asp_missense	25108.0	0.0317	0.0256	0.028650000000000002
19	ORF3a_G>T_Pro36Pro_synonymous	25500.0	0.9714	0.9627	0.96705
20	ORF3a_C>T_Val244Val_synonymous	26124.0	0.9675	0.9634	0.96545
21	ORF8_T>C_Leu84Ser_missense	28144.0	0.9982	0.9979	0.99805
22	N_G>A_Ser202Asn_missense	28878.0	0.9977	0.9987	0.9982
23	ORF10-CHR_END_n.G>A__intergenic-region	29742.0	0.9946	0.9965	0.99555
