	SNP	POS_x	rep1_percent	rep2_percent	%
0	orf1ab_5561C>T_Thr1854Ile_missense	5826	0.9665	0.8796	0.92305
1	orf1ab_8517C>T_Ser2839Ser_synonymous	8782	0.9599	0.7231	0.8414999999999999
2	orf1ab_16117G>A_Val5373Ile_missense	16381	0.9412	0.9377	0.93945
3	orf1ab_17613T>C_Thr5871Thr_synonymous	17877	0.9599	0.9027	0.9313
4	orf1ab_20052C>T_Phe6684Phe_synonymous	20316	0.9304	0.9184	0.9244
5	S_1626C>T_Asn542Asn_synonymous	23188	0.1773	0.2105	0.19390000000000002
7	ORF3a_108G>T_Pro36Pro_synonymous	25500	0.9702	0.9627	0.96645
8	ORF3a_732C>T_Val244Val_synonymous	26124	0.9667	0.9632	0.96495
9	ORF8_251T>C_Leu84Ser_missense	28144	0.9979	0.9978	1.0
10	N_605G>A_Ser202Asn_missense	28878	0.9881	0.9941	1.0
11	ORF10-CHR_END_29742G>A__intergenic	29742	0.9946	0.9965	1.0
