	SNP	POS_x	rep1_percent	rep2_percent	%
0	CHR_START-orf1ab_n.C>T__intergenic-region	241.0	0.9911	0.9923	0.9917
1	orf1ab_A>C_As44Ala_missense	696.0	0.9963	0.9974	0.99685
3	orf1ab_C>T_Phe924Phe_synonymous	3037.0	0.9877	0.9916	0.98965
4	orf1ab_G>T_Lys1202Asn_missense	3871.0	0.9838	0.9901	0.98695
5	orf1ab_T>C_Val1222Val_synonymous	3931.0	0.9829	0.9907	0.9868
6	orf1ab_C>T_Pro1321Ser_missense	4226.0	0.9927	0.9955	0.9941
7	orf1ab_C>T_Pro1803Ser_missense	5672.0	0.9936	0.995	0.9943
8	orf1ab_dupT_Leu2146fs_frameshift	6696.0	0.0507	0.0383	0.0445
9	orf1ab_A>C_Leu2524Phe_missense	7837.0	0.9875	0.9894	0.98845
17	orf1ab_C>T_Pro4715Leu_missense	14408.0	0.9928	0.995	0.9939
19	orf1ab_dupT_Ser6037fs_frameshift	18368.0	0.0114	0.0107	0.01105
20	orf1ab_G>T_Gln6471His_missense	19677.0	0.9916	0.9931	0.9923500000000001
21	orf1ab_dupT_As576fs_frameshift&stop	19983.0	0.0499	0.0146	0.03225
22	S_A>G_As14Gly_missense	23403.0	0.9923	0.9957	0.994
29	N_C>T_Ser235Phe_missense	28977.0	1.0	0.9990000000000001	0.9995
