	SNP	POS_x	rep1_percent	rep2_percent	%
0	CHR_START-orf1ab_C>T__intergenic-region	241	0.9899	0.9949	1.0
1	orf1ab_A>C_As44Ala_missense	696	0.9938	0.9958	1.0
2	orf1ab_C>T_Phe924Phe_synonymous	3037	0.9866	0.9846	1.0
3	orf1ab_G>T_Lys1202Asn_missense	3871	0.9832	0.9814	1.0
4	orf1ab_T>C_Val1222Val_synonymous	3931	0.9837	0.9814	1.0
5	orf1ab_C>T_Pro1321Ser_missense	4226	0.9922	0.9879	1.0
6	orf1ab_C>T_Pro1803Ser_missense	5672	0.9916	0.9866	1.0
7	orf1ab_A>C_Leu2524Phe_missense	7837	0.9806	0.9767	1.0
8	orf1ab_C>T_Leu3338Leu_synonymous	10279	0.9894	0.9847	1.0
9	orf1ab_C>T_Pro4715Leu_missense	14408	0.9888	0.9887	1.0
11	orf1ab_G>A_Leu4968Leu_synonymous	15168	0.0875	0.0414	0.06445
12	orf1ab_G>T_Gln6471His_missense	19677	0.9885	0.9863	1.0
13	orf1ab_G>A_Gly6598Ser_missense	20056	0.975	0.9658	1.0
14	S_A>G_As14Gly_missense	23403	0.9902	0.9906	1.0
15	ORF3a_G>C_Gly11Arg_missense	25423	0.2117	0.2099	0.2108
16	N_C>T_Ser235Phe_missense	28977	0.9949	0.9646	1.0
17	N_G>T_As77Tyr_missense	29402	0.212	0.2085	0.21025
