	SNP	POS_x	rep1_percent	rep2_percent	%
9	CHR_START-orf1ab_C>T__intergenic-region	241	0.9584	0.9714	0.9649000000000001
10	orf1ab_A>C_As44Ala_missense	696	0.9646	0.9701	0.9673499999999999
11	orf1ab_C>T_Phe924Phe_synonymous	3037	0.9278	0.9338	0.9308
12	orf1ab_T>C_Val1222Val_synonymous	3931	0.9192	0.91	0.9146000000000001
13	orf1ab_C>T_Pro1321Ser_missense	4226	0.9537	0.9406	0.9471499999999999
15	orf1ab_A>C_Leu2524Phe_missense	7837	0.9235	0.8893	0.9064
16	orf1ab_C>T_Leu3338Leu_synonymous	10279	0.9567	0.9265	0.9416
17	orf1ab_C>T_Pro4715Leu_missense	14408	0.9620000000000001	0.9429	0.95245
18	orf1ab_G>A_Gly6598Ser_missense	20056	0.8764	0.8218	0.8491
