	SNP	POS_x	rep1_percent	rep2_percent	%
0	CHR_START-orf1ab_C>T__intergenic-region	241	0.9946	0.9987	1.0
1	orf1ab_A>C_As44Ala_missense	696	0.9962	0.997	1.0
2	orf1ab_C>T_Phe924Phe_synonymous	3037	0.9878	0.9818	1.0
3	orf1ab_G>T_Lys1202Asn_missense	3871	0.9868	0.9673	1.0
4	orf1ab_T>C_Val1222Val_synonymous	3931	0.9868	0.9690000000000001	1.0
5	orf1ab_C>T_Pro1321Ser_missense	4226	0.9922	0.9788	1.0
6	orf1ab_T>C_Ile1551Thr_missense	4917	0.9941	0.9727	1.0
7	orf1ab_C>T_Pro1803Ser_missense	5672	0.9938	0.9764	1.0
8	orf1ab_A>C_Leu2524Phe_missense	7837	0.9899	0.9633	1.0
9	orf1ab_C>T_Leu3338Leu_synonymous	10279	0.9941	0.9745	1.0
10	orf1ab_C>T_Pro4715Leu_missense	14408	0.9955	0.9817	1.0
12	orf1ab_G>A_Leu4968Leu_synonymous	15168	0.0933	0.0359	0.06459999999999999
13	orf1ab_G>T_Gln6471His_missense	19677	0.9931	0.9756	1.0
14	orf1ab_G>A_Gly6598Ser_missense	20056	0.9873	0.9322	0.95975
15	S_A>G_As14Gly_missense	23403	0.995	0.9833	1.0
16	N_C>T_Ser235Phe_missense	28977	0.9934	0.9358	0.9645999999999999
