	SNP	POS_x	rep1_percent	rep2_percent	%
0	orf1ab_-delTCATGTTATGGTTG_His83fs_frameshift	509.0	0.0192	0.019	0.0191
2	orf1ab_C>T_Asn188Asn_synonymous	829.0	0.8754	0.8736	0.8745
3	orf1ab_G>T_Glu2063Asp_missense	6454.0	0.9839	0.9843	0.9841
4	orf1ab_dupT_Leu2146fs_frameshift	6696.0	0.0499	0.0642	0.05705
5	orf1ab_C>T_Ser2839Ser_synonymous	8782.0	0.9751	0.9748	0.97495
6	orf1ab_G>T_Val4952Phe_missense	15118.0	0.0111	0.0139	0.0125
8	orf1ab_A>C_Thr4957Pro_missense	15133.0	0.0104	0.0111	0.01075
9	orf1ab_T>G_Met4958Arg_missense	15137.0	0.0114	0.0146	0.013000000000000001
10	orf1ab_A>C_Thr4959Pro_missense	15139.0	0.0263	0.0183	0.0223
12	orf1ab_G>T_Gln4962His_missense	15150.0	0.0281	0.0319	0.03
13	orf1ab_T>G_Leu4968Trp_missense	15167.0	0.0128	0.0134	0.0131
15	orf1ab_dupT_Val5236fs_frameshift	15965.0	0.0207	0.0302	0.02545
16	orf1ab_G>A_Val5373Ile_missense	16381.0	0.9732	0.9775	0.9753499999999999
17	orf1ab_T>C_Thr5871Thr_synonymous	17877.0	0.9734	0.9732	0.9733
18	orf1ab_dupT_Ser6037fs_frameshift	18368.0	0.0198	0.0232	0.0215
19	orf1ab_dupT_As576fs_frameshift&stop	19983.0	0.0249	0.0335	0.0292
20	orf1ab_C>T_Phe6684Phe_synonymous	20316.0	0.9425	0.9457	0.9440999999999999
21	ORF3a_G>T_Pro36Pro_synonymous	25500.0	0.9824	0.9839	0.98315
22	ORF3a_C>T_Val244Val_synonymous	26124.0	0.9824	0.9849	0.98365
23	ORF8_T>C_Leu84Ser_missense	28144.0	0.9979	0.9990000000000001	0.9984500000000001
24	N_G>A_Ser202Asn_missense	28878.0	0.9954	0.9974	0.9964
25	ORF10-CHR_END_n.G>A__intergenic-region	29742.0	0.9944	0.9963	0.99535
