	SNP	POS_x	rep1_percent	rep2_percent	%
0	orf1ab_C>T_Asn188Asn_synonymous	829.0	0.8739	0.8709	0.8724000000000001
1	orf1ab_G>T_Glu2063Asp_missense	6454.0	0.9813	0.9801	1.0
2	orf1ab_C>T_Ser2839Ser_synonymous	8782.0	0.9696	0.9634	0.9665
4	orf1ab_G>A_Val5373Ile_missense	16381.0	0.9661	0.9682	0.96715
5	orf1ab_T>C_Thr5871Thr_synonymous	17877.0	0.9668	0.9621	0.96445
6	orf1ab_C>T_Phe6684Phe_synonymous	20316.0	0.9258	0.9194	0.9226
7	ORF3a_G>T_Pro36Pro_synonymous	25500.0	0.9777	0.9765	1.0
8	ORF3a_C>T_Val244Val_synonymous	26124.0	0.9789	0.9798	1.0
9	ORF8_T>C_Leu84Ser_missense	28144.0	0.997	0.9972	1.0
10	N_G>A_Ser202Asn_missense	28878.0	0.9916	0.9904	1.0
11	ORF10-CHR_END_G>A__intergenic-region	29742.0	0.9907	0.9931	1.0
