	SNP	POS_x	rep1_percent	rep2_percent	%
0	CHR_START-orf1ab_241C>T__intergenic	241.0	0.9590000000000001	0.9723	0.9656500000000001
1	orf1ab_1299T>C_Cys433Cys_synonymous	1564.0	0.0819	0.0452	0.06355
2	orf1ab_2772C>T_Phe924Phe_synonymous	3037.0	0.9122	0.9237	0.91795
3	orf1ab_7586C>T_Ala2529Val_missense	7851.0	0.0846	0.0476	0.06609999999999999
4	orf1ab_11152G>T_Val3718Phe_missense	11417.0	0.9558	0.9544	0.9551000000000001
5	orf1ab_13307G>T_Gly4436Val_missense	13571.0	0.0813	0.0432	0.06225
6	orf1ab_13809T>C_As603Asp_synonymous	14073.0	0.9713	0.9753	1.0
7	orf1ab_14144C>T_Pro4715Leu_missense	14408.0	0.9696	0.9772	1.0
12	S_1841A>G_As14Gly_missense	23403.0	0.9559	0.9821	0.969
13	S_2385A>G_Lys795Lys_synonymous	23947.0	0.9483	0.9369	0.9426
