	SNP	POS_x	rep1_percent	rep2_percent	%
0	CHR_START-orf1ab_n.C>T__intergenic-region	241.0	0.9937	0.9908	0.9922500000000001
1	orf1ab_-delTCATGTTATGGTTG_His83fs_frameshift	509.0	0.0107	0.0119	0.011300000000000001
2	orf1ab_C>T_As64Asp_synonymous	1057.0	0.0297	0.0328	0.03125
3	orf1ab_dupA_Leu293fs_frameshift	1135.0	0.0158	0.0113	0.01355
4	orf1ab_C>T_Phe924Phe_synonymous	3037.0	0.9858	0.9856	0.9857
5	orf1ab_dupT_Leu2146fs_frameshift	6696.0	0.0615	0.0605	0.061
8	orf1ab_C>T_Pro4715Leu_missense	14408.0	0.9911	0.9888	0.98995
9	orf1ab_T>G_Leu4968Trp_missense	15167.0	0.0122	0.0123	0.01225
10	orf1ab_T>C_Leu5030Leu_synonymous	15354.0	0.9932	0.992	0.9925999999999999
11	orf1ab_dupT_Val5236fs_frameshift	15965.0	0.0311	0.0269	0.028999999999999998
12	orf1ab_dupT_Ser6037fs_frameshift	18368.0	0.0266	0.0191	0.02285
13	orf1ab_C>T_Leu6205Leu_synonymous	18877.0	0.9945	0.9896	0.9920500000000001
14	orf1ab_dupT_As576fs_frameshift&stop	19983.0	0.0188	0.0259	0.022350000000000002
15	S_A>G_As14Gly_missense	23403.0	0.9915	0.9922	0.99185
16	S_G>C_Glu1182Gln_missense	25106.0	0.2586	0.2594	0.259
17	ORF3a_G>T_Gln57His_missense	25563.0	0.9925	0.9945	0.9935
18	ORF8_dupT_Leu109fs_frameshift	28214.0	0.0121	0.0171	0.0146
19	N_C>T_Tyr360Tyr_synonymous	29353.0	0.0329	0.0308	0.03185
