	SNP	POS_x	rep1_percent	rep2_percent	%
8	orf1ab_dupA_Leu293fs_frameshift	1135.0	0.0367	0.0138	0.02525
15	orf1ab_G>A_Glu489Lys_missense	1730.0	0.0315	0.0172	0.02435
20	orf1ab_C>T_Ala555Val_missense	1929.0	0.9821	0.9415	0.9618
27	orf1ab_T>C_Thr824Thr_synonymous	2737.0	0.0226	0.0123	0.01745
43	orf1ab_C>T_Ser1808Leu_missense	5688.0	0.0188	0.0112	0.015
48	orf1ab_dupT_Leu2146fs_frameshift	6696.0	0.1293	0.1645	0.1469
53	orf1ab_dupT_Tyr2339fs_frameshift	7273.0	0.0384	0.0206	0.0295
60	orf1ab_dupT_As544fs_frameshift&stop	7889.0	0.04	0.02	0.03
62	orf1ab_G>A_Glu2607Lys_missense	8084.0	0.0142	0.013000000000000001	0.013600000000000001
67	orf1ab_C>T_Ser2839Ser_synonymous	8782.0	0.9589	0.7936	0.87625
103	orf1ab_dupT_As428fs_frameshift&stop	13541.0	0.0181	0.0117	0.0149
111	orf1ab_dupA_Asn4752fs_frameshift	14516.0	0.024	0.0135	0.01875
118	orf1ab_C>A_Gln4933Lys_missense	15061.0	0.0144	0.0275	0.02095
121	orf1ab_G>T_Val4952Phe_missense	15118.0	0.0153	0.0108	0.013049999999999999
123	orf1ab_T>G_Met4958Arg_missense	15137.0	0.0144	0.0142	0.0143
124	orf1ab_A>C_Thr4959Pro_missense	15139.0	0.0216	0.0185	0.02005
130	orf1ab_T>G_Leu4968Trp_missense	15167.0	0.0124	0.0133	0.01285
134	orf1ab_delG_Cys5234fs_frameshift	15964.0	0.0113	0.0131	0.012199999999999999
135	orf1ab_dupT_Val5236fs_frameshift	15965.0	0.0423	0.0119	0.0271
137	orf1ab_G>A_Val5373Ile_missense	16381.0	0.9602	0.8851	0.92265
139	orf1ab_dupT_Asn5431fs_frameshift&stop	16551.0	0.0327	0.0114	0.02205
151	orf1ab_T>C_Thr5871Thr_synonymous	17877.0	0.9562	0.8729	0.91455
154	orf1ab_dupT_Ser6037fs_frameshift	18368.0	0.1066	0.0104	0.058499999999999996
188	orf1ab_dupT_As576fs_frameshift&stop	19983.0	0.0157	0.011000000000000001	0.01335
187	orf1ab_delT_Phe6575fs_frameshift	19983.0	0.0107	0.0138	0.01225
194	orf1ab_C>T_Phe6684Phe_synonymous	20316.0	0.929	0.8569	0.89295
207	S_-delTA_Leu110fs_frameshift	21890.0	0.0124	0.0103	0.011349999999999999
213	S_dupT_Asn343fs_frameshift&stop	22583.0	0.0402	0.0206	0.0304
223	S_dupT_Ala783fs_frameshift	23903.0	0.0339	0.0229	0.0284
239	ORF3a_G>T_Pro36Pro_synonymous	25500.0	0.9817	0.9572	0.96945
250	E_dupT_Ser6fs_frameshift	26257.0	0.0101	0.011000000000000001	0.01055
254	M_dupT_Leu46fs_frameshift	26654.0	0.0157	0.0215	0.0186
260	ORF8_T>C_Leu84Ser_missense	28144.0	0.9995	0.9998	0.99965
264	N_G>A_Ser202Asn_missense	28878.0	1.0	0.9994	0.9997
272	ORF10-CHR_END_n.G>A__intergenic-region	29742.0	0.9939	0.9984	0.99615
