	SNP	POS_x	rep1_percent	rep2_percent	%
1	orf1ab_1664C>T_Ala555Val_missense	1929.0	0.9746	0.9418	0.9581999999999999
11	orf1ab_8517C>T_Ser2839Ser_synonymous	8782.0	0.8952	0.7931	0.84415
22	orf1ab_16117G>A_Val5373Ile_missense	16381.0	0.9385	0.8587	0.8986000000000001
23	orf1ab_17613T>C_Thr5871Thr_synonymous	17877.0	0.9135	0.8463	0.8799
24	orf1ab_20052C>T_Phe6684Phe_synonymous	20316.0	0.8959999999999999	0.8151	0.85555
41	ORF3a_108G>T_Pro36Pro_synonymous	25500.0	0.9815	0.95	0.96575
42	ORF8_251T>C_Leu84Ser_missense	28144.0	0.9995	0.9998	1.0
43	N_605G>A_Ser202Asn_missense	28878.0	0.9896	0.9994	1.0
53	ORF10-CHR_END_29742G>A__intergenic	29742.0	0.9924	0.9984	1.0
