	SNP	POS_x	rep1_percent	rep2_percent	%
4	orf1ab_A>G_Asn1917Ser_missense	6015.0	0.1535	0.1623	0.15789999999999998
5	orf1ab_dupT_Leu2146fs_frameshift	6696.0	0.075	0.0648	0.06989999999999999
6	orf1ab_C>T_Ser2839Ser_synonymous	8782.0	0.9443	0.8972	0.92075
11	orf1ab_dupA_Pro3851fs_frameshift	11812.0	0.0182	0.0114	0.0148
12	orf1ab_G>T_Val4952Phe_missense	15118.0	0.0164	0.0139	0.01515
13	orf1ab_A>C_Thr4957Pro_missense	15133.0	0.0129	0.021	0.01695
14	orf1ab_T>G_Met4958Arg_missense	15137.0	0.0179	0.0203	0.0191
15	orf1ab_A>C_Thr4959Pro_missense	15139.0	0.0255	0.0281	0.026799999999999997
16	orf1ab_C>A_Thr4959Thr_synonymous	15141.0	0.0137	0.011000000000000001	0.01235
17	orf1ab_G>T_Gln4962His_missense	15150.0	0.0301	0.0284	0.029249999999999998
19	orf1ab_T>G_Leu4968Trp_missense	15167.0	0.0175	0.0181	0.017800000000000003
20	orf1ab_G>A_Leu4968Leu_synonymous	15168.0	0.0396	0.0281	0.033850000000000005
21	orf1ab_dupT_Val5236fs_frameshift	15965.0	0.0433	0.0247	0.034
22	orf1ab_G>A_Val5373Ile_missense	16381.0	0.9299	0.9248	0.9273499999999999
23	orf1ab_T>C_Thr5871Thr_synonymous	17877.0	0.9438	0.9282	0.9359999999999999
25	orf1ab_dupT_Ser6037fs_frameshift	18368.0	0.0237	0.0133	0.0185
26	orf1ab_dupT_As576fs_frameshift&stop	19983.0	0.0296	0.0262	0.0279
30	orf1ab_C>T_Phe6684Phe_synonymous	20316.0	0.9163	0.9199	0.9181
35	ORF3a_G>T_Pro36Pro_synonymous	25500.0	0.9471	0.9540000000000001	0.95055
36	M_dupT_Leu46fs_frameshift	26654.0	0.0118	0.0109	0.011349999999999999
37	ORF8_T>C_Leu84Ser_missense	28144.0	0.997	0.9982	0.9976
38	ORF8_dupT_Leu109fs_frameshift	28214.0	0.0175	0.0173	0.0174
39	N_G>A_Ser202Asn_missense	28878.0	0.9961	0.997	0.99655
40	ORF10-CHR_END_n.G>A__intergenic-region	29742.0	0.9951	0.9917	0.9934000000000001
