	SNP	POS_x	rep1_percent	rep2_percent	%
0	orf1ab_5750A>G_Asn1917Ser_missense	6015	0.1501	0.162	0.15605000000000002
1	orf1ab_8517C>T_Ser2839Ser_synonymous	8782	0.9347	0.8762	0.90545
4	orf1ab_16117G>A_Val5373Ile_missense	16381	0.9152	0.9048	0.91
5	orf1ab_17613T>C_Thr5871Thr_synonymous	17877	0.9319	0.9082	0.92005
6	orf1ab_20052C>T_Phe6684Phe_synonymous	20316	0.8958	0.902	0.8989
7	ORF3a_108G>T_Pro36Pro_synonymous	25500	0.9308	0.9490000000000001	0.9399
8	ORF8_251T>C_Leu84Ser_missense	28144	0.9944	0.9967	1.0
9	N_605G>A_Ser202Asn_missense	28878	0.9765	0.9938	1.0
10	ORF10-CHR_END_29742G>A__intergenic	29742	0.9859	0.9917	1.0
