	SNP	POS_x	rep1_percent	rep2_percent	%
9	ORF8_dupT_Ser82fs_frameshift	28134.0	0.0109	0.011000000000000001	0.010950000000000001
10	ORF8_T>C_Leu84Ser_missense	28144.0	0.9988	0.9985	0.99865
11	ORF8_dupT_Leu109fs_frameshift	28214.0	0.0238	0.0213	0.02255
12	N_T>A_Ser194Thr_missense	28853.0	0.0498	0.05	0.0499
